{
  "module_document": "Document",
  "module_documents": "Document",
  "search_filter": "Search Filter",
  "menu_documents": "Documents",
  "add_document_link_title": "Create New Document",
  "all_documents_link_title": "All Documents",
  "my_documents_link_title": "My Documents",
  "edit_document_link_title": "Edit this Document",
  "delete_document_link_title": "Delete this Document",
  "select": "Select",
  "select_a_sub_category": "Select a Sub-Category",
  "category_successfully_updated": "Category successfully updated.",
  "edit_a_category": "Edit a Category",
  "create_a_new_category": "Create a New Category",
  "category_order_successfully_updated": "Category order successfully updated.",
  "category_successfully_deleted": "Category successfully deleted.",
  "manage_categories": "Manage Categories",
  "are_you_sure_this_will_delete_all_documents_that_belong_to_this_category_and_cannot_be_undone": "Are you sure? This will delete all documents that belong to this category and cannot be undone.",
  "document_category_details": "Document Category Details",
  "name": "Name",
  "parent_category": "Parent Category",
  "submit": "Submit",
  "edit": "Edit",
  "delete": "Delete",
  "categories": "Categories",
  "update_order": "Update Order",
  "documents": "Documents",
  "editing_document": "Editing Document",
  "title": "Title",
  "description": "Description",
  "publish": "Publish",
  "update": "Update",
  "save_as_draft": "Save as Draft",
  "additional_options": "Additional Options",
  "unable_to_edit_this_document": "Unable to edit this document.",
  "user_setting_add_new_document": "Can create a new document?",
  "fill_title_for_document": "Fill in a title for your document",
  "add_description_to_document": "Add description to your document",
  "document_successfully_saved": "Document successfully saved.",
  "your_document_has_been_added": "Your document has been added.",
  "document_file": "Document File",
  "allow_document_download": "Allow Download",
  "could_download_document": "Yes, allow document download.",
  "not_allow_download_document": "No, do not allow document download.",
  "allow_email_attachment": "Email Attachment",
  "could_attach_email": "Yes, allow document to be emailed as attachment.",
  "not_allow_attach_email": "No, do not allow document to be emailed as attachment.",
  "privacy": "Privacy",
  "public_document_added_public_document_section": "Public (Document will be added to our public document section)",
  "personal_document_displayed_profile": "Personal (Document will only be displayed on your profile)",
  "friends_view_this_document": "Friends (Only you and your friends can view this document)",
  "preferred_list": "Preferred List (Only you and the members you select can view this document)",
  "comments": "Comments",
  "allow_comments": "Allow Comments",
  "moderate_comments_first": "Moderate Comments First",
  "no_comments": "No Comments",
  "user_setting_document_max_file_size": "Maximum file size of documents uploaded (Unit: MBytes).\r\nFor unlimited add \"0\" without quotes. ",
  "click_here_to_upload": "Click here to upload.",
  "browse_filter": "Browse Filter",
  "in_sorting_order": "in",
  "sort": "Sort",
  "keywords": "Keywords",
  "reset": "Reset",
  "add_to_your_favorites": "Add to your Favorites",
  "favorite": "Favorite",
  "report_a_document": "Report a Document",
  "report": "Report",
  "total_rating_ratings": "{total_rating} Ratings",
  "poor": "Poor",
  "nothing_special": "Nothing Special",
  "worth_watching": "Worth Watching",
  "pretty_cool": "Pretty Cool",
  "awesome": "Awesome",
  "document_details": "Document Details",
  "added": "Added",
  "view": "View",
  "added_by": "Added By",
  "rating": "Rating",
  "category": "Category",
  "tags": "Topics",
  "url": "URL",
  "embed": "Embed",
  "you_have_already_voted": "You have already voted.",
  "you_cannot_rate_your_own_document": "You cannot rate own document.",
  "user_setting_can_add_comment_on_document": "Can add comments on documents?",
  "user_name_left_you_a_comment_on_site_title": "{user_name} left you a comment on {site_title}.",
  "user_name_left_you_a_comment_on_your_document_title": "{user_name} left you a comment on your document \"{title}\".\r\n\r\nTo view this comment, follow the link below:\r\n<a href=\"{link}\">{link}<\/a>",
  "a_href_user_link_full_name_a_added_a_new_comment_on_their_own_a_href_title_link_document_a": "<a href=\"{user_link}\">{full_name}<\/a> added a new comment on their own <a href=\"{title_link}\">document<\/a>.",
  "a_href_user_link_full_name_a_added_a_new_comment_on_your_a_href_title_link_document_a": "<a href=\"{user_link}\">{full_name}<\/a> added a new comment on your <a href=\"{title_link}\">document<\/a>.",
  "a_href_user_link_full_name_a_added_a_new_comment_on_a_href_item_user_link_item_user_name": "<a href=\"{user_link}\">{full_name}<\/a> added a new comment on <a href=\"{item_user_link}\">{item_user_name}'s<\/a> <a href=\"{title_link}\">document<\/a>.",
  "on_name_s_document": "On {name}'s document.",
  "full_name_wrote_a_comment_on_your_document": "<a href=\"{user_link}\">{full_name}<\/a> wrote a comment on your document \"<a href=\"{link}\">{title}<\/a>\".",
  "admin_menu_add_category": "Add Category",
  "admin_menu_manage_categories": "Manage Categories",
  "user_setting_document_per_page": "How many documents per page will be shown?",
  "date_added": "Date Added",
  "popular": "Popular",
  "most_discussed": "Most Discussed",
  "most_viewed": "Most Viewed",
  "user_setting_can_approve_documents": "Can approve documents?",
  "recent_documents": "Recent Documents",
  "featured": "Featured",
  "pending": "Pending",
  "full_name_s_documents": "{full_name}'s Documents",
  "setting_document_access_show": "<title>Visibility options for users<\/title><info>Allow users to choose whether their documents will be public on Scribd.com or private only on your site.<\/info>",
  "yes": "Yes",
  "no": "No",
  "doc_setting_api_viewer": "<title>Scribd API Viewer<\/title><info>Do you want to enable Scribd to view document? If set [false] document will be viewed with Google Viewer.<\/info>",
  "doc_setting_api_key": "<title>Scribd API Key<\/title><info>The Scribd API Key for your website. [Please visit the FAQ section to see how to obtain this credential]<\/info>",
  "setting_secret_key": "<title>Scribd Secret Key<\/title><info>The Scribd Secret Key for your website. [Please visit the FAQ section to see how to obtain this credential]<\/info>",
  "setting_document_access": "<title>Default Visibility of Documents<\/title><info>Enable this option if you want uploaded documents become public on Scribd.com. Public documents could be accessed or searched by everyone on Scribd.com<\/info>",
  "public_rating": "Public Rating",
  "download_enabled": "Download Enabled",
  "enabling_this_option_will_allow_others_the_rights_to_rate_this_document": "Enabling this option will allow others the rights to rate this document.",
  "enabling_this_option_will_allow_others_the_rights_to_attach_this_document": "Enabling this option will allow others emailed this document as attachment.",
  "enabling_this_option_will_allow_others_the_rights_to_download_this_document": "Enabling this option will allow others the rights to download this document.",
  "visibility": "Visibility",
  "private_on_this_site": "Private on this site",
  "public_on_scribd": "Public on Scribd",
  "unable_to_find_the_document_you_plan_to_edit": "Unable to find the document you plan to edit.",
  "created_x_by_x": "by <a href=\"{link}\">{full_name}<\/a> {date}",
  "user_setting_can_edit_own_document": "Can edit own document?",
  "user_setting_can_edit_other_document": "Can edit documents of all users?",
  "click_here_to_approve_documents": "Click <a href=\"{sLinkPendingDocuments}\">here<\/a> to approve documents.",
  "there_are_idocumentapprovecnt_documents_that_are_pending_approval": "There are {iDocumentApproveCnt} documents that are pending approval.",
  "user_setting_can_feature_documents": "Can feature documents?",
  "feature": "Feature",
  "are_you_sure": "Are you sure?",
  "approved": "Approved",
  "not_approved": "Not Approved",
  "admin_menu_manage_documents": "Manage Documents",
  "manage_documents": "Manage Documents",
  "user_setting_can_delele_own_document": "Can delete own document?",
  "user_setting_can_delete_other_document": "Can delete documents of all users?",
  "owner_full_name_added_a_new_document_a_href_title_link_title_a": "<a href=\"{user_link}\">{owner_full_name}<\/a> added a new document \"<a href=\"{title_link}\">{title}<\/a>\".",
  "your_document_document_title_has_been_approved": "Your document \"{document_title}\" has been approved.",
  "full_name_wrote_a_comment_on_your_document_document_title": "<a href=\"{user_link}\">{full_name}<\/a> wrote a comment on your document \"<a href=\"{document_link}\">{document_title}<\/a>\"",
  "a_href_user_link_full_name_a_likes_their_own_a_href_link_document_a": "<a href=\"{user_link}\">{full_name}<\/a> likes {gender} own <a href=\"{link}\">document<\/a>.",
  "a_href_user_link_full_name_a_likes_a_href_view_user_link_view_full_name_a_s_a_href_link_document_a": "<a href=\"{user_link}\">{full_name}<\/a> likes <a href=\"{view_user_link}\">{view_full_name}<\/a>''s <a href=\"{link}\">document<\/a>.",
  "your_document_has_been_approved_on_site_title_n_nto_view_this_video_follow_the_link_below_n_a_href": "Your document has been approved on {site_title}.nnTo view this document, follow the link below:n<a href=\"{sLink}\"> {sLink} <\/a>",
  "your_document_has_been_approved_on_site_title": "Your document has been approved on {site_title}",
  "could_not_rate_on_this_document": "Could not rate on this document",
  "invalid_document": "Invalid Document",
  "unfeature": "Unfeature",
  "owner": "Owner",
  "your_document_has_been_updated": "Your document has been updated.",
  "user_setting_can_add_tags_on_documents": "Can add topics on documents?",
  "license_details": "License Details",
  "reference_link": "Reference link",
  "license_name": "Name",
  "admin_menu_add_license": "Add License",
  "provide_license_name": "Provide a license name.",
  "license_successfully_added": "License successfully added.",
  "add_license": "Add a License",
  "licenses_successfully_deleted": "License(s) successfully deleted.",
  "manage_licenses": "Manage Licenses",
  "tip_delete_license": "Deleting a license will not delete the document that be assigned to that license, it will only remove the specific license and any documents that belong to that license will be set under \"Unlicensed\".",
  "delete_selected": "Delete Selected",
  "no_document_licenses_have_been_created": "No document licenses have been created.",
  "create_one_now": "Create one now",
  "admin_menu_manage_license": "Manage Licenses",
  "created": "Created",
  "license_successfully_updated": "License successfully updated.",
  "document_successfully_deleted": "Document(s) successfully deleted.",
  "license_associated": "License Associated",
  "unspecified": "Unspecified - no licensing information is associated",
  "license_icon": "License Icon",
  "document_file_format_support": "File types support: (doc, docx, ppt, pptx, pps, xls, xlsx, pdf, ps, odt, odp, sxw, sxi, txt, rtf)",
  "email_s": "Email(s)",
  "provide_an_e_mail_address": "Provide an email address.",
  "separate_multiple_emails_with_a_comma": "Separate multiple emails with a comma.",
  "subject": "Subject",
  "check_out": "Check out",
  "message": "Message",
  "attachment": "Attachment",
  "hi_check_this_out_url": "Hi,\r\n\r\n\t\t\tCheck this out...\r\n\r\n\t\t\t{url}",
  "invalid_file_type": "Invalid document file type.",
  "select_a_document_file_to_upload": "Select a document file to upload.",
  "user_setting_approve_document_before_display": "Are documents added by this user group automatically approved?",
  "user_setting_can_delete_own_document": "Can delete own documents?",
  "there_is_one_document_that_is_pending_approval": "There is one document that is pending approval.",
  "document_is_approved": "Your document is approved",
  "document_has_been_approved": "The document has been approved",
  "user_setting_can_view_documents": "Can view documents?",
  "category_successfully_added": "Category successfully added.",
  "unable_to_find_the_document_you_plan_to_delete": "Unable to find the document you plan to delete.",
  "menu_documents_add_new_document": "Add New Document",
  "user_setting_points_document": "Points received when creating new document.",
  "setting_document_height": "<title>Viewer Height<\/title><info>Set the height of the document viewer (unit: pixel)<\/info>",
  "setting_document_width": "<title>Viewer Width<\/title><info>Set the width of the document viewer (unit: pixel)<\/info>",
  "edit_license": "Edit this license",
  "document_statistic": "Statistics",
  "unable_to_find_the_document_you_want_to_approve": "Unable to find the document you want to approve.",
  "top_viewed_documents": "Top Viewed",
  "top_activity_members": "Top Active Members",
  "user_setting_top_view_documents": "Specify number of documents on Top Viewed Documents block.",
  "user_setting_top_users_document": "Specify number of users on Top Active Members or Top Active Friends.",
  "setting_new_documents_period": "<title>New Document Criteria<\/title><info>The uploaded documents will be set as new within this number of days from the creation date.<\/info>",
  "top_active_friends": "Top Active Friends",
  "document_successfully_approved": "Document(s) successfully approved.",
  "un_feature": "Un-Feature",
  "approve": "Approve",
  "this_is_not_an_image_file_please_choose_another_image_file": "This is not an image file, please choose another image file.",
  "there_were_errors_when_uploading_files": "There were errors when uploading file(s), please try again.",
  "choose_an_image_file_to_upload": "Choose an image file to upload.",
  "the_document_you_are_looking_for_can_not_be_found": "The document you are looking for can not be found.",
  "unable_to_view_this_item_due_to_privacy_settings": "Unable to view this item due to privacy settings.",
  "who_can_create_documents": "Who can create documents?",
  "who_can_view_browse_documents": "Who can view\/browse documents?",
  "views": "Views",
  "status": "Status",
  "likes": "Likes",
  "manage": "Manage",
  "no_documents_found": "No documents found.",
  "unspecified_no_licensing_information_is_associated": "Unspecified - no licensing information is associated",
  "this_document_is_licensed_under": "This document is licensed under",
  "date": ": {date}",
  "please_fill_the_name_of_category": "Please fill the name of category.",
  "say_something_about_this_document": "Say something about this document.",
  "quick_share_document": "Document",
  "document_file_type_is_not_valid": "Document file type is not valid",
  "document_not_found": "The document you are looking for cannot be found.",
  "search_documents": "Search Documents...",
  "latest": "Latest",
  "friend_documents": "Friends' Documents",
  "show_more": "Show More",
  "show_less": "Show Less",
  "link": "Link",
  "by": "by",
  "view_s": "view(s)",
  "like_s": "like(s)",
  "choose_category_for_your_document": "Choose category for your document",
  "download": "Download",
  "email_as_attachment": "Email as Attachment",
  "shared_a_document": "shared a document.",
  "commented_on": "commented on",
  "commented_on_your_document": "commented on your document",
  "liked_your_document": "liked your document",
  "to_view_this_document_follow_the_link_below": "To view this document follow the link below:",
  "liked": "liked",
  "own_document": "own document",
  "control_who_can_see_this_document": "Control who can see this document.",
  "control_who_can_comment_on_this_document": "Control who can comment on this document.",
  "comment_privacy": "Comment Privacy:",
  "backup_database": "BACKUP DATABASE",
  "before_run_the_import_from_older_version_of_younet_document": "\r\n\t\t\tbefore running the import from database of older YouNet Document version (version 2.x) to current YouNet Document version (version 3.x)\r\n\t\t",
  "document_does_not_import_activity_feeds_notifications": "Document does not import activity feeds, notifications from older YouNet Document version (version 2.x)",
  "following_the_instruction_below_to_import": "Following the instruction below to import document from older YouNet Document version (version 2.x) to current YouNet Document version (version 3.x)",
  "backup_database_lower": "Backup Database",
  "click_import_button": "Click Import button",
  "import_details": "Import Details",
  "process": "Process",
  "details": "Details",
  "admin_menu_migrate_data": "Migrate Data",
  "migrate_data": "Migragte Data",
  "sub_categories": "Sub categories",
  "user_name_tagged_you_in_a_comment_in_a_document": "{user_name} tagged you in a comment in a document",
  "favored_a_document": "favored a document.",
  "user_favored_your_document_title": "{users} favored your document \"{title}\"",
  "document": "Document",
  "document_text": "Document Text",
  "full_name_commented_on_your_document_title": "{full_name} commented on your document \"{title}\"",
  "full_name_commented_on_your_document_message": "{full_name} commented on your document <a href=\"{link}\">{title}<\/a>",
  "full_name_commented_on_gender_document": "{full_name} commented on {gender} document",
  "full_name_commented_on_document_full_name_s_document": "{full_name} commented on {document_full_name}&#039;s document",
  "full_name_commented_on_document_full_name_s_document_message": "{full_name} commented on {document_full_name}&#039;s document \"<a href=\"{link}\">{title}<\/a>\".\r\nTo see the comment thread, follow the link below:\r\n<a href=\"{link}\">{link}<\/a>",
  "posted_a_comment_on_gender_document_a_href_link_title_a": "posted a comment on {gender} document <a href=\"{link}\"> {title}<\/a>",
  "posted_a_comment_on_user_name_s_document_a_href_link_title_a": "posted a comment on {user_name}&#039;s document \"<a href=\"{link}\">{title}<\/a>\"",
  "id": "ID",
  "cancel": "Cancel",
  "action": "Action",
  "actions": "Actions",
  "full_name_commented_on_gender_document_message": "{full_name} commented on {gender} document \"<a href=\"{link}\">{title}<\/a>\".\r\nTo see the comment thread, follow the link below:\r\n<a href=\"{link}\">{link}<\/a>",
  "your_document_title_has_been_approved": "Your document \"{title}\" has been approved.",
  "report_this_document": "Report this document",
  "max_file_sie_maxsize_mb": "Max file size: {maxsize} Mb",
  "disapprove": "Disapprove",
  "pending_approved": "Pending Approved",
  "approve_selected": "Approve Selected",
  "feature_selected": "Feature Selected",
  "documents_successfully_featured": "Documents successfully featured.",
  "documents_successfully_approved": "Documents successfully approved.",
  "user_setting_can_set_allow_download": "Can set allow download document?",
  "dont_allow_download": "Don&#039;t allow download",
  "allow_download": "Allow download",
  "allow_br_download": "Allow<br \/>Download",
  "this_document_is_pending_for_approved": "This document is pending for approved.",
  "featured_documents": "Featured Documents",
  "view_all": "View all",
  "most_discussed_documents": "Most Discussed",
  "comment": "Comment",
  "like": "Like",
  "unable_to_create_this_item_due_to_privacy_settings": "Unable to create this item due to privacy settings.",
  "please_set_up_scribd_account": "Please set up Scribd account.",
  "the_uploaded_file_exceeds_the_maximum_file_size_size_mbytes": "The uploaded file exceeds the maximum file size ({size} MBytes).",
  "item_phrase": "document",
  "menu_add_new_document": "Create New Document",
  "pages": "Pages",
  "approve_successfully": "Approve successfully!",
  "disapprove_successfully": "Disapprove successfully!",
  "feature_successfully": "Feature successfully!",
  "un_feature_successfully": "Un-feature successfully",
  "user_setting_document_max_image_size": "Maximum file size of image uploaded (Unit: Kb).\r\nFor unlimited add \"0\" without quotes.",
  "cover_photo": "Cover photo",
  "you_can_upload_a_jpg_gif_or_png_file": "You can upload a jpg , gif or png file",
  "limit": "Limit",
  "max_file_size_maxsize_kb": "Max file size: {maxsize} Kb",
  "there_were_errors_when_uploading_cover_photo_please_try_again": "There were errors when uploading cover photo, please try again.",
  "you_can_not_delete_this_category_because_there_are_many_items_related_to_it": "You can not delete this category because there are many items related to it",
  "view_more_documents": "View more documents",
  "document_is_pending_approval": "Document is pending approval",
  "are_you_sure_you_want_to_delete_this_document_permanently": "Are you sure you want to delete this document permanently?",
  "document_admin_menu_user_group_settings": "User Group Settings",
  "setting_document_paging_mode": "<title>Pagination Style<\/title><info>Select Pagination Style at Search Documents Page.<\/info>",
  "setting_display_document_created_in_group": "<title>Display documents which created in Group to Documents app<\/title><info>Enable to display all public documents created in Group to Documents app. Disable to hide them.<\/info>",
  "setting_display_document_created_in_page": "<title>Display documents which created in Page to Documents app<\/title><info>Enable to display all public documents created in Page to Documents app. Disable to hide them.<\/info>",
  "menu_document_create_new_document_95b9fd21d87914592a2338a43ea2ef2a" : "Add New Document",
  "menu_document_document_fad58de7366495db4650cfefac2fcd61": "Documents",
  "you_have_total_pending_documents": "You have {total} pending documents",
  "controller_document.index": "Document Home Page",
  "controller_document.profile": "Document Profile"
}