{
    "module_fanot": "Advanced Feed Notification",
    "user_want_to_add_you_as_gender_friends": "{full_name} want to add you as {gender} friends.",
    "setting_display_notification_seconds": "<title>Display notification (Seconds)<\/title><info>Define in seconds when the Advanced Feed Notification box should hide.<\/info>",
    "setting_enable_advanced_feed_notification_for_friend_request": "<title>Enable Friend Request<\/title><info>Enable Advanced Feed Notification for Friend Request?<\/info>",
    "setting_how_many_notifications_to_show": "<title>How many notifications to show<\/title><info>Maximum number of notifications will be displayed per time.<\/info>",
    "setting_notification_refresh_time": "<title>Notification Refresh Time (Seconds)<\/title><info>Define how many seconds before the notifications refresh.<\/info>",
    "full_name_wants_to_list_you_both_as_relationship": "{full_name} wants to list you both as {relationship}",
    "full_name_wants_to_list_you_in_a_relationship": "{full_name} wants to list you in a relationship",
    "setting_notification_bgcolor": "<title>Background Color<\/title><info>Background color of notification message box (Hex code value)<\/info>",
    "setting_show_photo_in_notification": "<title>Show photo in notification<\/title><info>Show user profile photo in notification message box.<\/info>",
    "sound_alert_for_notification": "Sound alert for notification"
}