{
    "module_contactimporter": "Contact Importer",
    "translate_module_contactimporter": "Contact Importer",
    "menu_contactimporter_inviter_fad58de7366495db4650cfefac2fcd61": "Friends Inviter",
    "menu_contactimporter_invite_friends_d41d8cd98f00b204e9800998ecf8427e": "Invite Friends",
    "menu_contactimporter_invite_friends_8025c944319ee8c718c53ec70d137890": "Invite Friends",
    "menu_contactimporter_pending_invitations_ec70f822ee6bbe43943e1fc631b277fd": "Pending Invitations",
    "homepage_contact": "Import Your Contacts",
    "admin_menu_global_settings": "Global Settings",
    "admin_menu_providers": "Providers",
    "default_invite_message": "Default invite message",
    "message_label": "Message Body",
    "save_change": "Save Changes",
    "member_lever_settings": "Member Level Settings",
    "member_lever_settings_description": "These settings are applied on a per member level basis. Start by selecting the member level you want to modify, then adjust the settings for that level below.",
    "member_level": "Member Level",
    "maximum_allowed_invitations": "Maximum Allowed Invitations",
    "default_invite_message_text": "You are being invited to join our social network.",
    "update_default_message": "The default message invitation was updated.",
    "maximum_allowed_invitations_update": "The Maximum Allowed Invitations for each group users was updated.",
    "contact_providers_name": "Provider Name",
    "contact_providers_title": "Title Name",
    "contact_providers_type": "Provider Type",
    "contact_providers_active": "Enable\/Disable",
    "admincp_providers_name": "Providers",
    "admincp_providers_title": "Title",
    "admincp_providers_type": "Type",
    "admincp_providers_logo": "Logo",
    "admincp_providers_active": "Enabled\/Disabled",
    "admincp_providers_order": "Order",
    "admincp_providers_avatar": "Avatar\/Display",
    "admincp_providers_version": "Version",
    "admincp_providers_option": "Options",
    "contact_providers_edit": "Edit Provider Info",
    "import_email_contact_list": "Import Your E-mail Contact List",
    "get_contact_description_email": "Get contacts from mail services",
    "import_contact": "Import Contacts",
    "inviete_by_manually": "Invite by manually typing emails",
    "or": "Or",
    "upload_file_csv": "Upload File CSV",
    "read_contact": "Read Contacts",
    "import_your_socail_contact_list": "Import Your Social Contact List",
    "get_contact_description_social": "Get contacts from social network services.",
    "user": "User",
    "provider_text": "Provider",
    "your_contacts": "Your contacts",
    "the_following_people_are_not_your_friends": "The following people are not your friends yet, please select to add connections",
    "name": "Name",
    "avatar": "Avatar",
    "not_have_any_contacts": "You do not have any contacts in your address book",
    "custom_message_title": "Custom Message",
    "send_invites": "Send Invites",
    "are_not_joined_yet": "The following people are not joined yet, please select to send invitations",
    "you_can_send": "You can send",
    "invitations": "invitations",
    "admin_menu_invitations_list": "Invitations List",
    "total_contats_you_sent_the_invitations": "Total contacts you sent the invitations",
    "your_contacts_from_emails": "Your contacts from Emails",
    "your_contacts_from_socials": "Your contacts from Socials",
    "menu_contactimporter_export_csv_8025c944319ee8c718c53ec70d137890": "Export Contacts",
    "block_all_further_email_messages": "<p>You were added in the Unsubscribe that mean you will block all further email messages. If at the first you visit, please <a href=\"{signup}\">Sign Up<\/a> for getting more information Or <a href=\"{login}\">Login<\/a><\/p>",
    "you_were_invited_by": "<p>You were invited for visiting. If at the first you visit, please <a href=\"{signup}\">Sign Up<\/a> for getting more information Or <a href=\"{login}\">Login<\/a><\/p>",
    "facebook_settings": "Facebook Settings",
    "facebook_api_key": "Facebook API Key:",
    "facebook_secret": "Facebook Secret:",
    "application_id": "Application ID:",
    "default_domain": "Default Domain",
    "keywords": "Keywords",
    "global_settings": "Global Settings",
    "maximum_number_of_providers_per_home_page": "Maximum number of providers per home page",
    "number_provider_display": "number_provider_display",
    "unsubcribe": "Unsubcribe",
    "breadcrumb_contactimporter_title": "Contact Importer",
    "other_tools_title": "Other Tools",
    "statistics": "Statistics",
    "top_inviters": "Top inviters",
    "export_your_friend_contacts": "Export Your Friend Contacts",
    "if_you_have_posts_in_another_system_you_can_export_those_into_this_site_to_get_started_choose_a_s": "If you have contacts in this site, you can export those into another system",
    "export_contact_to_csv_file": "export contact to CSV file",
    "export_contacts": "Export Contacts",
    "export_your_friend_contacts_to_csv_file": "Export your friend contacts to CSV file",
    "need_to_be_logged_in_for_exporting_your_friend_contacts": "Need to be logged in for exporting your friend contacts",
    "your_friend_contact_is_empty": "Your friend contact is empty",
    "sending_request": "Sending request ...",
    "skip": "Skip",
    "invite_friends": "Invite Friends",
    "there_were_errors_when_you_send_the_invitation": "There were errors when you send the invitation!",
    "send_invitation_to_your_friends_successfully": "Send invitation to your friends Successfully! You can continue to <a href=\"{contactimporter_link}\" alt=\"Import Connection\">Import Connection<\/a> or return to <a href=\"{homepage}\" alt=\"Import Connection\">Home Page<\/a>",
    "login_failed_please_check_the_email_and_password_you_have_provided_and_try_again_later": "Login failed. Please check the email and password you have provided and try again later !",
    "unable_to_get_contacts": "Unable to get contacts !",
    "there_s_no_contact_in_your_account_yet": "There's no contact in your account yet.",
    "need_to_be_logged_in_for_getting_the_contact_importer_feature": "Need to be logged in for getting the Contact Importer feature.",
    "yahoo_contacts": "Yahoo Contacts",
    "login_to_access_and_get_yahoo_contacts_from_your_account": "Login to access and get yahoo contacts from your account",
    "email_is_subscribed_successfullly": "Email is subscribed successfullly.",
    "email_did_not_subscribe": "Email did not subscribe.",
    "the_invitation_message_was_resent_successfully": "The invitation message was resent successfully.",
    "the_invitaion_message_was_not_resent": "The invitation message was not resent.",
    "the_invitation_was_added_in_the_unsubscribe_please_do_not_send_anything_else": "The invitation was added in the unsubscribe. Please do not send anything else.",
    "twitter_authorization": "Twitter Authorization",
    "twitter_network_requires_the_authorization_to_access_and_get_contacts_from_your_account": "Twitter network requires the Authorization to access and get contacts from your account",
    "linkedin_authorization": "LinkedIn Authorization",
    "linkedin_network_requires_the_authorization_to_access_and_get_contacts_from_your_account": "LinkedIn network requires the Authorization to access and get contacts from your account",
    "need_to_be_logged_in": "Need to be logged in",
    "is_inviting_you_to": "is inviting you to",
    "to_join_please_follow_the_link": "To join,please follow the link",
    "message": "Message",
    "attached_message": "Attached message",
    "you_haven_t_selected_any_contacts_to_invite": "You haven't selected any contacts to invite",
    "find_out_why_you_were_invited_by_clicking_here": "Find out why you were invited by clicking here",
    "block_all_further_email_mesages": "Block all further email mesages",
    "the_invitation_was_added_in_the_unsubscribe_please_do_not_send_to_this_email": "The invitation was added in the unsubscribe.Please do not send to this email.",
    "view_more": "View More",
    "view_all_of_providers": "View all of providers",
    "please_enter_your_facebook_api": "Please enter your facebook API.",
    "user_setting_hide_the_custom_invittation_message": "Hide the custom invitation message and use the default message admin set.",
    "user_setting_export_contact": "Allow users to export contact.",
    "there_is_not_contact_in_your_account": "There is not contact in your account.",
    "to_receive_the_further_email_messages": "to receive the further email messages.",
    "subscribe": "Subscribe",
    "you_can_click": "You can click",
    "contact_importer": "Contact Importer",
    "you_were_invited_by_p": "You were invited by",
    "import_your_contacts": "Import Your Contacts",
    "all_your_contacts_was_sent_the_invitation": "All your contacts was sent the invitation !",
    "and": "and",
    "resendall": "Resend All Selected",
    "resend_all_invitations": "Resend All Invitations",
    "you_are_invited_to_message_from_host": "You are invited to {host}. To join, please follow the link {link}",
    "there_is_no_contact_in_your_account": "There is no contact in your account.",
    "hotmail_authorization": "Hotmail Authorization",
    "login_to_access_and_get_hotmail_contacts_from_your_account": "Login to access and get hotmail contacts from your account",
    "you_can_send_max_invitations_per_time": "You can send <span style=\"color:red;font-weight:bold\">{max}<\/span> invitations per time",
    "you_are_not_owner_the_upload_file": "You are not owner the upload file",
    "invalid_file_type": "Invalid file type!",
    "invalid_file_format": "Invalid file format!",
    "there_s_some_error_in_your_contact_file": "There&#039;s some error in your contact file",
    "unknown_file_type": "Unknown file type!",
    "there_is_no_contact_in_your_address_book": "There is no contact in your address book",
    "start_send_message_to": "Start send message to",
    "end_send_message_to": "End send message to",
    "start_send_to": "Start send to",
    "end_send_to": "End send to",
    "consumer_key": "Consumer key",
    "consumer_secret": "Consumer secret",
    "twitter_settings": "Twitter Settings",
    "for_twitter_api_settings_strong_must_change_callback_url_to_strong": "For Twitter API settings, <strong>you must change Callback URL to<\/strong>",
    "send_all": "Send all ({contacts} contacts)",
    "sending": "Sending",
    "close": "Close",
    "message_sendall": "Website will automatically invite your contacts and it will send report via your email.",
    "agree": "Agree",
    "gmail_authorization": "Gmail Authorization",
    "login_to_access_and_get_gmail_contacts_from_your_account": "Login to access and get gmail contacts from your account",
    "please_enter_your_twitter_api": "Please enter your twitter api.",
    "user_setting_points_sent_invitations": "Specify how many points the user will receive when sent a invitation.",
    "user_setting_points_invite": "How many points the invitee and the inviter will receive upon a successfully request.",
    "your_invitations_successfully_sent": "Your invitations successfully sent.\r\n\r\nTotal: {total}\r\nSuccess: {success}\r\nFail: {fail}",
    "mail_body_of_invitations": "{success}\/{total} invitations have been sent",
    "mail_subject_of_invitations": "Update status of invitations via {provider} from {site_title}",
    "view_number_contacts_previous": "View {number} contacts previous",
    "view_number_contacts_next": "View {number} contacts next",
    "x_y_for_social": "<span style=\"color:red\"><strong>{x}\/{y}<\/strong><\/span> for {social}",
    "send_selected": "Send selected",
    "total_remain_contacts_will_be_sent": "Total remain contacts will be sent",
    "you_are_invited_to_message_from_host_for_youtube": "You are invited to {host}.\r\nTo join, please follow the link \r\n{link}\r\n{message}",
    "if_you_put_1_that_mean_all_of_providers_will_display_on_home_page": "If you put -1, that mean all of providers will display on home page.",
    "icon_size_on_homepage": "Icon size on homepage",
    "the_maximum_allowed_invitations_for_each_group_users_must_be_a_numberic": "The Maximum Allowed Invitations for each group users must be a numberic!",
    "the_maximum_allowed_invitations_for_each_group_users_must_be_more_than_zero": "The Maximum Allowed Invitations for each group users must be more than zero!",
    "twitter_settings_were_updated_successfully": "Twitter Settings were updated successfully",
    "facebook_settings_were_updated_successfully": "Facebook Settings were updated successfully.",
    "global_settings_were_updated_successfully": "Global Settings were updated successfully.",
    "maximum_of_providers_per_home_page_is_not_valid": "Maximum of providers per home page is not valid",
    "the_infomation_of_provider_name_provider_was_updated_successfully": "The Infomation of {provider_name} provider was updated successfully.",
    "you_must_select_provider_to_edit": "You must select provider to edit",
    "inviter": "Inviter",
    "full_name": "Full Name",
    "email": "Email",
    "options": "Options",
    "resend_invitation": "Resend Invitation",
    "enabled": "Enabled",
    "social": "Social",
    "all": "All",
    "disabled": "Disabled",
    "providers": "Providers",
    "invitations_list": "Invitations List",
    "are_you_sure_you_want_to_delete": "Are you sure you want to delete ?",
    "are_you_sure_you_want_to_delete_this_action_will_delete_all_feeds_belong_to": "Are you sure you want to delete ? This action will delete all feeds belong to.",
    "invitations_per_time": "invitations per time.",
    "you_have_selected": "You have selected",
    "contacts": "contacts",
    "select_current_page": "Select Current Page",
    "unselect_current_page": "Unselect Current Page",
    "your_email_is_empty": "Your email is empty!",
    "this_mail_domain_isn_t_supported": "This mail domain is not supported.",
    "this_mail_domain_is_not_supported": "This mail domain is not supported.",
    "email_should_not_be_left_blank": "Email should not be left blank!",
    "no_contacts_were_selected": "No contacts were selected.",
    "updating": "Updating...",
    "you_have_sent_invitations_to_all_of_your_friends": "You have sent invitations to all of your friends.",
    "setting_cron_send_mail": "<title>Report Time (Hours)<\/title><info>Define in hours how long to wait until we need to send the report to users after sent invitations to their friends.<\/info>",
    "setting_cron_send_invite": "<title>How many invitations will be sent when the cron job runs.<\/title><info>How many invitations will be sent when the cron job runs.<\/info>",
    "msg_your_invitations_successfully_sent": "Your invitations successfully sent.",
    "send_invitation_to_your_friends_successfully_1": "Send invitation to your friends successfully! You can continue to <a href=\"{contactimporter_link}\" alt=\"Import Contacts\">Import Contacts<\/a> or return to <a href=\"{homepage}\" alt=\"Import Connection\">Home Page<\/a>",
    "the_invitations_is_not_found": "The invitations is not found",
    "please_enter_the_full_email_not_just_the_username": "Please enter the full email, not just the username",
    "strong_user_domain_strong_is_not_a_valid_domain_for_this_provider": "<strong>{user_domain}<\/strong> is not a valid domain for this provider",
    "no_message_input": "No Message input",
    "you_have_resend_this_invitation_before": "You have resend this invitation before.",
    "you_have_sent_the_invitations_to_all_of_your_friends": "You have sent the invitations to all of your friends",
    "contactimporter_invite_congratulation": "<strong>Congratulation!<\/strong><br\/>\r\nYou have already signed up successfully. <br\/>\r\nNow you can invite your friends to join in PhpFox 3 Demo by selecting below providers\r\n<br\/>",
    "all_social_api_keys_configuration_was_setup_in": "All social API Keys Configuration was setup in:",
    "anonymous_user": "Anonymous User",
    "cannot_send_invitation_messages_to_icount_because_you_do_not_have_permission_to_post_on_their_wall": "Cannot send invitation messages to {iCount} friend(s) because you do not have permission to post on their wall.",
    "delete_invitation": "Delete Invitation",
    "delete_selected": "Delete selected",
    "empty_file": "Empty file!",
    "facebook_authorization": "Facebook Authorization",
    "facebook_invitation": "Invitation from Facebook",
    "facebook_network_requires_the_authorization_to_access_and_get_contacts_from_your_account": "Facebook requires the Authorization to access and get contacts from your account.",
    "full_name_invites_you_to_site_title": "{full_name} invites you to {site_title}.",
    "full_name_invites_you_to_site_title_link": "{full_name} invites you to {site_title}. To check out this invitation, follow the link below: <a href=\"{link}\">{link}<\/a>",
    "gmail_contacts": "Gmail",
    "invitation_from_linkedin": "Invitation from LinkedIn",
    "invitation_from_provider": "Invitation from {provider}",
    "invitation_from_twitter": "Invitation from Twitter",
    "invitation_message": "Invitation Message",
    "max_invitations_per_time": "Maximum invitations per time:",
    "menu_contactimporter_export_contacts_f8f9a65ed8c3611b4ae9198b7c8a3702": "Export Contacts",
    "menu_contactimporter_invite_251d164643533a527361dbe1a7b9235d": "Invite",
    "menu_invite_invite_friends_f8f9a65ed8c3611b4ae9198b7c8a3702": "Invite Friends",
    "menu_invite_pending_invitations_f8f9a65ed8c3611b4ae9198b7c8a3702": "Pending Invitations",
    "need_to_be_logged_in_for_showing_your_invitations": "Need to be logged in for showing your invitations.",
    "people_who_you_may_know": "People who you may know",
    "picture_show_on_facebook": "Picture show on facebook (75 x 75px)",
    "please_enter_just_the_username_not_the_full_email": "Please enter just the user name, not the full email",
    "please_enter_the_full_email_not_just_the_user_name": "Please enter the full email, not just the user name",
    "remaining_invitations": "Remaining invitations:",
    "require_invite_your_friend_before_using": "To active your account, please invite your friends join to our network.",
    "select_all": "Select All",
    "select_deselect_all": "Select\/Deselect all",
    "setting_how_many_pendings_to_show_per_page": "<title>How Many Pendings To Show<\/title><info>This tells how many pending invites to show per page.<\/info>",
    "setting_require_invite": "<title>Require Invitation<\/title><info>Users must invitation there friends before start using their account<\/info>",
    "total_sent_invitations": "Total sent invitations:",
    "un_select_all": "Un-Select All",
    "using_custom_invitation_link": "Using Custom Invitation Link",
    "you_have_already_been_a_friend_of_people": "You have already been a friend of people",
    "mmm_test_phrase_330rc1": "mmm_test_phrase_330rc1",
    "please_enter_your_api": "Please enter your API.",
    "please_enter_your_linkedin_api": "Please enter your Linkedin API",
    "notice_quota_total_remain": "Due to some limitations {total} invitation(s) of yours will be sent now. {remain} remaining invitation(s) will be sent automatically later.",
    "notice_manual_select_amount": "Please using Send All button if you want to send more than 200 invitations.",
    "successed": "Success",
    "failed": "Fail",
    "you_have_successfully_sent_sucess_invitations_and_fail_invitations_have_failed": "You have successfully sent {success} invitations, and {fail} invitations have failed",
    "number_of_contacts_view_on_each_page": "Number of contacts a user view on each page",
    "notice_quota_sending": "Notice: If you click on send all button or choosing amount of invitation larger than limitation of a social network, your invitation will wait for a period of time before being sent.",
    "remind_xmpp_subject": "We need your help to keep sending your queue!",
    "xmpp_reminder_body": "Due to some recent changes of Facebook. We need a permission to access your chat API to keep sending your queue in {site_name}. \r\n\r\nPlease follow the below link and accept new permission: \r\n\r\n {link}",
    "maximum_invitation_per_day_of_provider_number": "Number of remaining invitations on today of {provider}: {number}",
    "admin_menu_statistics_by_date": "Statistics By Date",
    "admin_menu_statistics_by_provider": "Statistics By Provider",
    "statisticsbydate": "Statistics By Date",
    "statisticsbyprovider": "Statistics By Providers",
    "from": "From",
    "to": "To",
    "admincp_providers_totalinvitations": "Total Invitations",
    "maximum_invitation_per_day": "Number of invitation allowed per day: {number}",
    "admincp_statistics_date": "Date",
    "there_is_not_email_valid_or_invited": "There is not email valid or you have sent the invitations to all.",
    "remove_remaining_invitations": "Remove Remaining Invitations",
    "remove_remaining_invitations_successfully": "Remove Remaining Invitations successfully",
    "there_are_no_invitations": "There are no invitations.",
    "menu_contactimporter_queue_emails_8025c944319ee8c718c53ec70d137890": "Queue Emails",
    "menu_contactimporter_queue_messages_8025c944319ee8c718c53ec70d137890": "Queue Messages",
    "need_to_be_logged_in_for_showing_your_queue_emails": "Need to be logged in for showing your queue emails.",
    "need_to_be_logged_in_for_showing_your_queue_mes": "Need to be logged in for showing your queue messages.",
    "delete_queue": "Delete Queue",
    "queue_messages": "Queue Messages",
    "queue_delete_succesful": "Queue deleted",
    "there_are_no_queue_messages": "There are no queue messages",
    "setting_maximum_allowed_invitations_email_per_day": "<title>Maximum Allowed Invitations Per Day<\/title><info>Maximum Allowed Invitations Per Day<\/info>",
    "resend_invitation_successful": "Resend invitation successful.",
    "total_friends_joined_by_invitation": "Total friends joined by invitation:",
    "users_has_just_sent_numbers_invitation_s_by_provider": "{users} has just sent {numbers} invitation(s) by {provider}",
    "queue_emails": "Queue Emails",
    "5": "5",
    "10": "10",
    "15": "15",
    "20": "20",
    "user_setting_points_contactimporter": "Specify how many points the user will receive when your invitation join this site?",
    "you_are_being_invited_to_join_our_social_network": "You are being invited to join our social network.",
    "notice": "Notice",
    "visit_and_register": "visit and register",
    "name_invite_you_to_join_site": "{name} invite you to join {site}.",
    "name_invites_you_to_join_site": "{name} invites you to join {site}.",
    "you_have_invited_total_members": "You have invited {total} members.",
    "you_have_invited_total_member": "You have invited {total} member.",
    "you_do_not_have_permission_to_export_contact": "You do not have permission to export contact.",
    "admin_menu_user_group_settings": "User Group Settings",
    "Top Inviters Limit": "",
    "Define the limit of how many user can be displayed on this block. Set 0 will hide this block.": "",
    "\"Top Inviters Limit\" must be greater than or equal to 0": "",
    "\"Report Time\" must be greater than 0": "",
    "\"How many invitations will be sent when the cron job runs\" must be greater than 0": "",
    "\"How Many Pendings To Show\" must be greater than 0": "",
    "\"Points the user will receive when sent a invitation\" must be greater than or equal to 0": "",
    "\"Points the invitee and the inviter will receive upon a successfully request\" must be greater than or equal to 0": "",
    "\"Points the user will receive when your invitation join this site\" must be greater than or equal to 0": "",
    "setting_contactimporter_paging_mode": "<title>Pagination Style<\/title><info>Select Pagination Style at some pages: Queue Emails, Queue Messages, Pending Invitations.<\/info>"
}