<product>
	<data>
		<store_id />
		<product_id>younet_gettingstarted4</product_id>
		<is_core>0</is_core>
		<title>YNC Getting Started</title>
		<description>by YouNetCo</description>
		<version>4.02p2</version>
		<latest_version></latest_version>
		<last_check>0</last_check>
		<is_active>1</is_active>
		<url>https://phpfox.younetco.com/</url>
		<url_version_check></url_version_check>
		<icon>http://phpfox.younetco.com/files/2015/10/getting_started.jpg</icon>
		<vendor>YouNetCo</vendor>
	</data>
	<installs>
		<install>
			<version>3.01</version>
			<install_code><![CDATA[$this->database()->query("
CREATE TABLE IF NOT EXISTS `" . Phpfox::getT('gettingstarted') . "`(
  `scheduledmail_id` int(11) NOT NULL AUTO_INCREMENT,
  `name` text  NOT NULL,
  `time` varchar(25)  NOT NULL,
  `scheduledmail_category_id` int(11) NOT NULL,
  `active` int(11) NOT NULL,
  `time_stamp` int(11) NOT NULL,
  `message` text  NOT NULL,
  `message_parsed` text  NOT NULL,
   `unsubscribe_email` int(1) NOT NULL DEFAULT '0',
  PRIMARY KEY (`scheduledmail_id`)
) ENGINE=MyISAM  AUTO_INCREMENT=1 ;");

$this->database()->query("
CREATE TABLE IF NOT EXISTS `" . Phpfox::getT('gettingstarted_category') . "` (
  `scheduledmail_id` int(11) NOT NULL AUTO_INCREMENT,
  `scheduledmail_name` varchar(255)  NOT NULL,
  `time_stamp` int(11) NOT NULL,
  `description` text NOT NULL,
  PRIMARY KEY (`scheduledmail_id`)
) ENGINE=MyISAM  AUTO_INCREMENT=7 ;");

$this->database()->query("INSERT IGNORE INTO 
`" . Phpfox::getT('gettingstarted_category') . "` (`scheduledmail_id`, `scheduledmail_name`, `time_stamp`, `description`) VALUES
(1, 'register', 1312233531, 'gettingstarted.when_you_begin_to_create_a_account_it_will_send_to_you_a_private_message'),
(2, 'logout', 1311971648, 'gettingstarted.this_message_will_be_sent_when_you_log_out_for_a_long_time'),
(3, 'blog', 1311975840, 'gettingstarted.if_you_do_not_post_a_blog_for_a_long_time_it_will_notice_to_you'),
(4, 'video', 1311971757, 'gettingstarted.if_you_do_not_post_a_video_for_a_long_time_it_will_notice_to_you'),
(5, 'photo', 1311971778, 'gettingstarted.if_you_do_not_post_a_photo_for_a_long_time_it_will_notice_to_you'),
(6, 'poll', 1311971800, 'gettingstarted.if_you_do_not_post_a_poll_for_a_long_time_it_will_notice_to_you'); ");

$this->database()->query("
CREATE TABLE IF NOT EXISTS `" . Phpfox::getT('gettingstarted_issend') . "` (
  `issend_id` int(11) NOT NULL AUTO_INCREMENT,
  `user_id` int(11) NOT NULL,
  `scheduledmail_id` int(11) NOT NULL,
  `time_stamp` int(11) NOT NULL,
  `is_sent` int(11) NOT NULL,
  PRIMARY KEY (`issend_id`)
) ENGINE=MyISAM  AUTO_INCREMENT=1 ;");

$this->database()->query("
CREATE TABLE IF NOT EXISTS `" . Phpfox::getT('gettingstarted_letter') . "` (
  `scheduledmail_letter_id` int(11) NOT NULL AUTO_INCREMENT,
  `user_id` int(11) NOT NULL,
  `subject` varchar(255) NOT NULL,
  `message` text NOT NULL,
  `time_stamp` int(11) NOT NULL,
  `scheduledmail_id` int(11) NOT NULL,
  `email_status` int(11) NOT NULL DEFAULT '0' COMMENT '0:notsent;-1:pending;1:sending;2+:sendornumbersent',
  PRIMARY KEY (`scheduledmail_letter_id`)
) ENGINE=MyISAM AUTO_INCREMENT=1 ;");

$this->database()->query("
CREATE TABLE IF NOT EXISTS `" . Phpfox::getT('gettingstarted_settings') . "` (
  `settings_id` int(11) NOT NULL AUTO_INCREMENT,
  `module_id` varchar(255) NOT NULL,
  `user_group_id` int(11) NOT NULL,
  `name` varchar(255) NOT NULL,
  `default_value` int(11) NOT NULL,
  PRIMARY KEY (`settings_id`)
) ENGINE=MyISAM  AUTO_INCREMENT=1 ;");

$this->database()->query("
CREATE TABLE IF NOT EXISTS `" . Phpfox::getT('gettingstarted_article') . "` (
  `article_id` int(11) NOT NULL AUTO_INCREMENT,
  `title` text NOT NULL,
  `description` text  NOT NULL,
  `article_category_id` int(11) NOT NULL,
  `time_stamp` int(11) NOT NULL,
  `user_id` int(11) NOT NULL,
  `description_parsed` text NOT NULL,
  `total_score` decimal(4,2) NOT NULL DEFAULT '0.00',
  `total_rating` int(10) NOT NULL DEFAULT '0',
  `total_view` int(10) NOT NULL DEFAULT '0',
  `total_like` int(10) NOT NULL DEFAULT '0',
  `total_comment` int(10) NOT NULL DEFAULT '0',
  `privacy` int(10) NOT NULL DEFAULT '0',
  `privacy_comment` int(10) NOT NULL DEFAULT '0',
   PRIMARY KEY (`article_id`)  

) ENGINE=MyISAM  AUTO_INCREMENT=1 ;");

$this->database()->query("
CREATE TABLE IF NOT EXISTS `" . Phpfox::getT('gettingstarted_article_category') . "` (
  `article_category_id` int(11) NOT NULL AUTO_INCREMENT,
  `article_category_name` text NOT NULL,
  `time_stamp` int(11) NOT NULL,
  PRIMARY KEY (`article_category_id`) 
  
) ENGINE=MyISAM  AUTO_INCREMENT=1 ;");

$this->database()->query("
CREATE TABLE IF NOT EXISTS `" . Phpfox::getT('gettingstarted_position') . "` (
  `position_id` int(11) NOT NULL AUTO_INCREMENT,
  `user_id` int(11) NOT NULL,
  `item_id` int(11) NOT NULL,
  `time_stamp` int(11) NOT NULL,
  `active` int(11) NOT NULL,
  PRIMARY KEY (`position_id`)
) ENGINE=MyISAM AUTO_INCREMENT=1 ;");

$this->database()->query("
CREATE TABLE IF NOT EXISTS `" . Phpfox::getT('gettingstarted_rating') . "` (
  `rate_id` int(10) unsigned NOT NULL AUTO_INCREMENT,
  `item_id` int(10) unsigned NOT NULL,
  `user_id` int(10) unsigned NOT NULL,
  `rating` decimal(4,2) NOT NULL DEFAULT '0.00',
  `time_stamp` int(10) unsigned NOT NULL,
  PRIMARY KEY (`rate_id`),
  KEY `item_id` (`item_id`,`user_id`),
  KEY `item_id_2` (`item_id`)
) ENGINE=MyISAM  AUTO_INCREMENT=1 ;");

$this->database()->query("
CREATE TABLE IF NOT EXISTS `" . Phpfox::getT('gettingstarted_todolist') . "` (
  `todolist_id` int(11) NOT NULL AUTO_INCREMENT,
  `title` text NOT NULL,
  `description` text  NOT NULL,
  `description_parsed` text  NOT NULL,
  `time_stamp` int(11) NOT NULL,
   PRIMARY KEY (`todolist_id`)  
) ENGINE=MyISAM  AUTO_INCREMENT=1 ;");]]></install_code>
			<uninstall_code></uninstall_code>
		</install>
		<install>
			<version>3.01p1</version>
			<install_code><![CDATA[$this->database()->query("INSERT IGNORE INTO `" . Phpfox::getT('product_dependency') . "`(`product_id`,`type_id`, `check_id`, `dependency_start`) VALUES
('gettingstarted','product', 'younetcore', '3.01')");]]></install_code>
			<uninstall_code></uninstall_code>
		</install>
		<install>
			<version>3.02</version>
			<install_code><![CDATA[$this->database()->query("ALTER TABLE ".PHPFOX::getT('gettingstarted_article_category')." CHANGE COLUMN `article_category_id` `article_category_id` INT NOT NULL");

$this->database()->query("ALTER TABLE ".PHPFOX::getT('gettingstarted_article')." CHANGE COLUMN `article_id` `article_id` INT NOT NULL");

$this->database()->query("ALTER TABLE ".PHPFOX::getT('gettingstarted_todolist')." CHANGE COLUMN `todolist_id` `todolist_id` INT NOT NULL");

$sLanguage = phpfox::getLib('locale')->getLang();
$sLanguage_id = $sLanguage['language_id'];

if(!$this->database()->isField(Phpfox::getT('gettingstarted_article_category'),'language_id'))
{
	$this->database()->query("ALTER TABLE " .PHPFOX::getT('gettingstarted_article_category')." ADD COLUMN language_id varchar(12) NOT NULL DEFAULT '".$sLanguage_id."'");
}

if(!$this->database()->isField(Phpfox::getT('gettingstarted_article'),'language_id'))
{
	$this->database()->query("ALTER TABLE ".PHPFOX::getT('gettingstarted_article')." ADD COLUMN language_id varchar(12) NOT NULL DEFAULT '".$sLanguage_id."'");
}

if(!$this->database()->isField(Phpfox::getT('gettingstarted_article'),'is_featured'))
{
	$this->database()->query("ALTER TABLE ".PHPFOX::getT('gettingstarted_article')." ADD COLUMN is_featured TINYINT(1) NOT NULL DEFAULT '0'");
}

if(!$this->database()->isField(Phpfox::getT('gettingstarted_todolist'),'language_id'))
{
	$this->database()->query("ALTER TABLE ".PHPFOX::getT('gettingstarted_todolist')." ADD COLUMN language_id varchar(12) NOT NULL DEFAULT '".$sLanguage_id."'");
}]]></install_code>
			<uninstall_code></uninstall_code>
		</install>
		<install>
			<version>3.02p4</version>
			<install_code><![CDATA[if(!$this->database()->isIndex(Phpfox::getT('gettingstarted_article_category'), 'PRIMARY'))
{
    $this->database()->query("ALTER TABLE " .PHPFOX::getT('gettingstarted_article_category')." ADD PRIMARY KEY (`article_category_id`, `language_id`)");

    $aRow = $this->database()->select('MAX(article_category_id) as max_id')
                     ->from(Phpfox::getT('gettingstarted_article_category'))
                     ->execute('getRow');

    $iMaxId = $aRow['max_id'];
    $iMaxId = $iMaxId + 10;

	$this->database()->query("ALTER TABLE " .PHPFOX::getT('gettingstarted_article_category')." AUTO_INCREMENT = " . $iMaxId);
}

$this->database()->query("ALTER TABLE ".PHPFOX::getT('gettingstarted_article_category')." CHANGE COLUMN `article_category_id` `article_category_id` INT(11) NOT NULL AUTO_INCREMENT");

if(!$this->database()->isIndex(Phpfox::getT('gettingstarted_article'), 'PRIMARY'))
{
    $this->database()->query("ALTER TABLE " .PHPFOX::getT('gettingstarted_article')." ADD PRIMARY KEY (`article_id`, `language_id`)");

    $aRow = $this->database()->select('MAX(article_id) as max_id')
                     ->from(Phpfox::getT('gettingstarted_article'))
                     ->execute('getRow');

    $iMaxId = $aRow['max_id'];
    $iMaxId = $iMaxId + 10;

	$this->database()->query("ALTER TABLE " .PHPFOX::getT('gettingstarted_article')." AUTO_INCREMENT = " . $iMaxId);
}

$this->database()->query("ALTER TABLE ".PHPFOX::getT('gettingstarted_article')." CHANGE COLUMN `article_id` `article_id` INT(11) NOT NULL AUTO_INCREMENT");
	
if(!$this->database()->isIndex(Phpfox::getT('gettingstarted_todolist'), 'PRIMARY'))
{
    $this->database()->query("ALTER TABLE " .PHPFOX::getT('gettingstarted_todolist')." ADD PRIMARY KEY (`todolist_id`, `language_id`)");
    $aRow = $this->database()->select('MAX(todolist_id) as max_id')
                     ->from(Phpfox::getT('gettingstarted_todolist'))
                     ->execute('getRow');

    $iMaxId = $aRow['max_id'];
    $iMaxId = $iMaxId + 10;

	$this->database()->query("ALTER TABLE " .PHPFOX::getT('gettingstarted_todolist')." AUTO_INCREMENT = " . $iMaxId);
}

$this->database()->query("ALTER TABLE ".PHPFOX::getT('gettingstarted_todolist')." CHANGE COLUMN `todolist_id` `todolist_id` INT(11) NOT NULL AUTO_INCREMENT");]]></install_code>
			<uninstall_code></uninstall_code>
		</install>
		<install>
			<version>3.02p5</version>
			<install_code><![CDATA[if(!$this->database()->isField(Phpfox::getT('gettingstarted_article_category'),'parent_id'))
			{
				$this->database()->query("ALTER TABLE ".PHPFOX::getT('gettingstarted_article_category')." ADD COLUMN parent_id int(11) NOT NULL DEFAULT '0'");
			}
			
			if(!$this->database()->isField(Phpfox::getT('gettingstarted_article_category'),'name_url'))
			{
				$this->database()->query("ALTER TABLE ".PHPFOX::getT('gettingstarted_article_category')." ADD COLUMN name_url varchar(100) NOT NULL");
			}
			
			if(!$this->database()->isField(Phpfox::getT('gettingstarted_article_category'),'ordering'))
			{
				$this->database()->query("ALTER TABLE ".PHPFOX::getT('gettingstarted_article_category')." ADD COLUMN ordering int(11) unsigned NOT NULL DEFAULT '0'");
			}
			
			if(!$this->database()->isField(Phpfox::getT('gettingstarted_todolist'),'ordering'))
			{
				$this->database()->query("ALTER TABLE ".PHPFOX::getT('gettingstarted_todolist')." ADD COLUMN ordering int(11) unsigned NOT NULL DEFAULT '0'");
			}]]></install_code>
			<uninstall_code></uninstall_code>
		</install>
		<install>
			<version>3.02p6</version>
			<install_code><![CDATA[
			$this->database()->delete(Phpfox::getT('component'), 'product_id="gettingstarted" AND module_id="gettingstarted" AND m_connection="gettingstarted.allarticle"');
			$this->database()->delete(Phpfox::getT('component'), 'product_id="gettingstarted" AND module_id="gettingstarted" AND component="search"');
			$this->database()->delete(Phpfox::getT('block'), 'product_id="gettingstarted" AND module_id="gettingstarted" AND component="search"');
			]]></install_code>
			<uninstall_code></uninstall_code>
		</install>
		<install>
			<version>3.02p7</version>
			<install_code><![CDATA[$this->database()->query('CREATE TABLE IF NOT EXISTS `'.Phpfox::getT('gettingstarted_unsubscribe').'` (
  `unsubscribe_id` int(10) unsigned NOT NULL AUTO_INCREMENT,
  `user_id` int(10) unsigned NOT NULL,
  PRIMARY KEY (`unsubscribe_id`)
);');]]></install_code>
			<uninstall_code></uninstall_code>
		</install>
		<install>
			<version>4.02</version>
			<install_code><![CDATA[include (PHPFOX_DIR_MODULE . 'gettingstarted/yninstall/versions/v4.02.php');]]></install_code>
			<uninstall_code></uninstall_code>
		</install>
		<install>
			<version>4.02p2</version>
			<install_code><![CDATA[include (PHPFOX_DIR_MODULE . 'gettingstarted/yninstall/versions/v4.02p2.php');]]></install_code>
			<uninstall_code />
		</install>
	</installs>
	<modules>
		<module_id>gettingstarted</module_id>
	</modules>
</product>