<module>
	<data>
		<module_id>advancedmarketplace</module_id>
		<product_id>younet_advmarketplace4</product_id>
		<is_core>0</is_core>
		<is_active>1</is_active>
		<is_menu>1</is_menu>
		<menu><![CDATA[a:7:{s:43:"advancedmarketplace.admin_menu_add_category";a:1:{s:3:"url";a:2:{i:0;s:19:"advancedmarketplace";i:1;s:3:"add";}}s:48:"advancedmarketplace.admin_menu_manage_categories";a:1:{s:3:"url";a:1:{i:0;s:19:"advancedmarketplace";}}s:44:"advancedmarketplace.admin_menu_today_listing";a:1:{s:3:"url";a:2:{i:0;s:19:"advancedmarketplace";i:1;s:12:"todaylisting";}}s:46:"advancedmarketplace.admin_menu_manage_listings";a:1:{s:3:"url";a:2:{i:0;s:19:"advancedmarketplace";i:1;s:19:"advancedmarketplace";}}s:50:"advancedmarketplace.admin_menu_listings_statistics";a:1:{s:3:"url";a:2:{i:0;s:19:"advancedmarketplace";i:1;s:17:"listingstatistics";}}s:40:"advancedmarketplace.admin_menu_migration";a:1:{s:3:"url";a:2:{i:0;s:19:"advancedmarketplace";i:1;s:9:"migration";}}s:39:"advancedmarketplace.admin_menu_settings";a:1:{s:3:"url";a:2:{i:0;s:19:"advancedmarketplace";i:1;s:7:"setting";}}}]]></menu>
		<phrase_var_name>module_advancedmarketplaces</phrase_var_name>
		<version>4.02p1</version>
		<author>YouNetCo</author>
		<vendor>https://phpfox.younetco.com</vendor>
		<description>by YouNetCo</description>
		<apps_icon>https://phpfox.younetco.com/files/2016/02/advmarketplace.jpg</apps_icon>
	</data>
	<menus>
		<menu module_id="advancedmarketplace" parent_var_name="" m_connection="main" var_name="menu_advancedmarketplace" ordering="8" url_value="advancedmarketplace" version_id="3.01" disallow_access="" module="advancedmarketplace" mobile_icon="usd" />
		<menu module_id="advancedmarketplace" parent_var_name="" m_connection="mobile" var_name="menu_advancedmarketplace_marketplace_532c28d5412dd75bf975fb951c740a30" ordering="133" url_value="advancedmarketplace" version_id="3.3.0" disallow_access="" module="advancedmarketplace" mobile_icon="small_marketplace.png" />
		<menu module_id="advancedmarketplace" parent_var_name="" m_connection="advancedmarketplace" var_name="menu_advancedmarketplace_add_new_listing_473393f081b6bc2906cb5cff14031141" ordering="118" url_value="advancedmarketplace.add" version_id="3.0.0" disallow_access="" module="advancedmarketplace" />
	</menus>
	<settings>
		<setting group="" module_id="advancedmarketplace" is_hidden="0" type="drop" var_name="advancedmarketplace_paging_mode" phrase_var_name="setting_advancedmarketplace_paging_mode" ordering="1" version_id="4.6.0"><![CDATA[a:2:{s:7:"default";s:8:"loadmore";s:6:"values";a:3:{i:0;s:8:"loadmore";i:1;s:9:"next_prev";i:2;s:10:"pagination";}}]]></setting>
		<setting group="" module_id="advancedmarketplace" is_hidden="0" type="boolean" var_name="can_follow_listings" phrase_var_name="setting_can_follow_listings" ordering="1" version_id="3.0.0">1</setting>
		<setting group="" module_id="advancedmarketplace" is_hidden="0" type="string" var_name="advancedmarketplace_view_time_stamp" phrase_var_name="setting_advancedmarketplace_view_time_stamp" ordering="1" version_id="2.0.0alpha4">F j, Y</setting>
		<setting group="" module_id="advancedmarketplace" is_hidden="0" type="boolean" var_name="can_print_a_listing" phrase_var_name="setting_can_print_a_listing" ordering="1" version_id="3.0.0">1</setting>
		<setting group="" module_id="advancedmarketplace" is_hidden="0" type="integer" var_name="days_to_expire_listing" phrase_var_name="setting_days_to_expire_listing" ordering="1" version_id="3.5.0rc1">0</setting>
		<setting group="" module_id="advancedmarketplace" is_hidden="0" type="integer" var_name="days_to_notify_expire" phrase_var_name="setting_days_to_notify_expire" ordering="1" version_id="3.5.0rc1">0</setting>
		<setting group="" module_id="advancedmarketplace" is_hidden="0" type="large_string" var_name="advmarketplace_meta_description" phrase_var_name="setting_advmarketplace_meta_description" ordering="1" version_id="3.7.7">Read up on the latest items of MarketPlace on Site Name.</setting>
		<setting group="" module_id="advancedmarketplace" is_hidden="0" type="large_string" var_name="advmarketplace_meta_keywords" phrase_var_name="setting_advmarketplace_meta_keywords" ordering="1" version_id="3.7.7">Price,Sales</setting>
		<setting group="" module_id="advancedmarketplace" is_hidden="1" type="integer" var_name="how_many_sponsored_listings" phrase_var_name="setting_how_many_sponsored_listings" ordering="1" version_id="2.0.5">5</setting>
		<setting group="" module_id="advancedmarketplace" is_hidden="1" type="integer" var_name="total_listing_more_from" phrase_var_name="setting_total_listing_more_from" ordering="1" version_id="2.0.0rc1">3</setting>
		<setting group="" module_id="advancedmarketplace" is_hidden="1" type="string" var_name="google_api_key_location" phrase_var_name="setting_google_api_key_location" ordering="1" version_id="3.8.0" />
	</settings>
	<blocks>
		<block type_id="0" m_connection="advancedmarketplace.all" module_id="advancedmarketplace" component="recentviewlisting" location="3" is_active="1" ordering="9" disallow_access="" can_move="0">
			<title>Recent Viewed Listings</title>
			<source_code />
			<source_parsed />
		</block>
		<block type_id="0" m_connection="advancedmarketplace.all" module_id="advancedmarketplace" component="mostreviewedlisting" location="3" is_active="1" ordering="8" disallow_access="" can_move="0">
			<title>Most Reviewed Listings</title>
			<source_code />
			<source_parsed />
		</block>
		<block type_id="0" m_connection="advancedmarketplace.all" module_id="advancedmarketplace" component="mostreviewedlisting" location="3" is_active="1" ordering="7" disallow_access="" can_move="0">
			<title>Most Viewed Listings</title>
			<source_code />
			<source_parsed />
		</block>
		<block type_id="0" m_connection="advancedmarketplace.all" module_id="advancedmarketplace" component="invite" location="3" is_active="1" ordering="6" disallow_access="" can_move="0">
			<title>Invites</title>
			<source_code />
			<source_parsed />
		</block>
		<block type_id="0" m_connection="advancedmarketplace.index" module_id="advancedmarketplace" component="recentviewlisting" location="3" is_active="1" ordering="8" disallow_access="" can_move="1">
			<title>Recent View Listings</title>
			<source_code />
			<source_parsed />
		</block>
		<block type_id="0" m_connection="advancedmarketplace.search" module_id="advancedmarketplace" component="sponsored" location="3" is_active="1" ordering="3" disallow_access="" can_move="0">
			<title>Sponsored Listings</title>
			<source_code />
			<source_parsed />
		</block>
		<block type_id="0" m_connection="advancedmarketplace.search" module_id="advancedmarketplace" component="mostviewlisting" location="3" is_active="1" ordering="5" disallow_access="" can_move="0">
			<title>mos viewed listing</title>
			<source_code />
			<source_parsed />
		</block>
		<block type_id="0" m_connection="advancedmarketplace.search" module_id="advancedmarketplace" component="tag" location="1" is_active="1" ordering="9" disallow_access="" can_move="0">
			<title>tags</title>
			<source_code />
			<source_parsed />
		</block>
		<block type_id="0" m_connection="advancedmarketplace.search" module_id="advancedmarketplace" component="mostreviewedlisting" location="3" is_active="1" ordering="6" disallow_access="" can_move="0">
			<title>most reviewed listing</title>
			<source_code />
			<source_parsed />
		</block>
		<block type_id="0" m_connection="advancedmarketplace.search" module_id="advancedmarketplace" component="invite" location="3" is_active="1" ordering="4" disallow_access="" can_move="0">
			<title>Users Invites</title>
			<source_code />
			<source_parsed />
		</block>
		<block type_id="0" m_connection="advancedmarketplace.search" module_id="advancedmarketplace" component="category" location="1" is_active="1" ordering="8" disallow_access="" can_move="1">
			<title>category</title>
			<source_code />
			<source_parsed />
		</block>
		<block type_id="0" m_connection="advancedmarketplace.mylisting" module_id="advancedmarketplace" component="tag" location="1" is_active="1" ordering="11" disallow_access="" can_move="0">
			<title>Tag</title>
			<source_code />
			<source_parsed />
		</block>
		<block type_id="0" m_connection="advancedmarketplace.mylisting" module_id="advancedmarketplace" component="category" location="1" is_active="1" ordering="8" disallow_access="" can_move="0">
			<title>Category</title>
			<source_code />
			<source_parsed />
		</block>
		<block type_id="0" m_connection="advancedmarketplace.detail" module_id="advancedmarketplace" component="interestedlisting" location="3" is_active="1" ordering="12" disallow_access="" can_move="0">
			<title>You May interest</title>
			<source_code />
			<source_parsed />
		</block>
		<block type_id="0" m_connection="advancedmarketplace.detail" module_id="advancedmarketplace" component="detailslideshow" location="2" is_active="1" ordering="5" disallow_access="" can_move="0">
			<title>Detail Slide Show</title>
			<source_code />
			<source_parsed />
		</block>
		<block type_id="0" m_connection="advancedmarketplace.index" module_id="advancedmarketplace" component="sponsored" location="3" is_active="1" ordering="3" disallow_access="" can_move="0">
			<title>Sponsored Listing</title>
			<source_code />
			<source_parsed />
		</block>
		<block type_id="0" m_connection="advancedmarketplace.detail" module_id="advancedmarketplace" component="tag" location="1" is_active="1" ordering="11" disallow_access="" can_move="0">
			<title>Tag</title>
			<source_code />
			<source_parsed />
		</block>
		<block type_id="0" m_connection="advancedmarketplace.index" module_id="advancedmarketplace" component="todaylisting" location="3" is_active="1" ordering="2" disallow_access="" can_move="0">
			<title>Today Listing</title>
			<source_code />
			<source_parsed />
		</block>
		<block type_id="0" m_connection="advancedmarketplace.index" module_id="advancedmarketplace" component="recentlisting" location="2" is_active="1" ordering="12" disallow_access="" can_move="0">
			<title>Recent Listing</title>
			<source_code />
			<source_parsed />
		</block>
		<block type_id="0" m_connection="advancedmarketplace.index" module_id="advancedmarketplace" component="tag" location="1" is_active="1" ordering="10" disallow_access="" can_move="0">
			<title>Tag</title>
			<source_code />
			<source_parsed />
		</block>
		<block type_id="0" m_connection="advancedmarketplace.index" module_id="advancedmarketplace" component="listingslideshow" location="2" is_active="1" ordering="11" disallow_access="" can_move="0">
			<title>Listing Slide Show</title>
			<source_code />
			<source_parsed />
		</block>
		<block type_id="0" m_connection="advancedmarketplace.index" module_id="advancedmarketplace" component="mostreviewedlisting" location="3" is_active="1" ordering="7" disallow_access="" can_move="0">
			<title>Most Reviewed Listing</title>
			<source_code />
			<source_parsed />
		</block>
		<block type_id="0" m_connection="advancedmarketplace.index" module_id="advancedmarketplace" component="mostviewlisting" location="3" is_active="1" ordering="6" disallow_access="" can_move="0">
			<title>Most Viewed Listing</title>
			<source_code />
			<source_parsed />
		</block>
		<block type_id="0" m_connection="advancedmarketplace.index" module_id="advancedmarketplace" component="invite" location="3" is_active="1" ordering="4" disallow_access="" can_move="0">
			<title>Users Invites</title>
			<source_code />
			<source_parsed />
		</block>
		<block type_id="0" m_connection="advancedmarketplace.index" module_id="advancedmarketplace" component="category" location="1" is_active="1" ordering="9" disallow_access="" can_move="0">
			<title></title>
			<source_code />
			<source_parsed />
		</block>
		<block type_id="0" m_connection="advancedmarketplace.index" module_id="advancedmarketplace" component="featured" location="3" is_active="0" ordering="5" disallow_access="" can_move="0">
			<title>Featured Listings</title>
			<source_code />
			<source_parsed />
		</block>
		<block type_id="0" m_connection="advancedmarketplace.detail" module_id="advancedmarketplace" component="todaylisting" location="3" is_active="1" ordering="10" disallow_access="" can_move="0">
			<title>Today Listing</title>
			<source_code />
			<source_parsed />
		</block>
		<block type_id="0" m_connection="advancedmarketplace.view" module_id="advancedmarketplace" component="image" location="1" is_active="1" ordering="2" disallow_access="" can_move="0">
			<title>Listing Photos</title>
			<source_code />
			<source_parsed />
		</block>
		<block type_id="0" m_connection="advancedmarketplace.view" module_id="advancedmarketplace" component="my" location="1" is_active="1" ordering="3" disallow_access="" can_move="0">
			<title></title>
			<source_code />
			<source_parsed />
		</block>
		<block type_id="0" m_connection="advancedmarketplace.detail" module_id="advancedmarketplace" component="morefromseller" location="3" is_active="1" ordering="13" disallow_access="" can_move="0">
			<title>More From This Seller</title>
			<source_code />
			<source_parsed />
		</block>
		<block type_id="0" m_connection="advancedmarketplace.detail" module_id="advancedmarketplace" component="owner" location="1" is_active="1" ordering="3" disallow_access="" can_move="0">
			<title>Owner</title>
			<source_code />
			<source_parsed />
		</block>
		<block type_id="0" m_connection="advancedmarketplace.search" module_id="advancedmarketplace" component="recentviewlisting" location="3" is_active="1" ordering="7" disallow_access="" can_move="0">
			<title>Recent Viewed Listings</title>
			<source_code />
			<source_parsed />
		</block>
		<block type_id="0" m_connection="advancedmarketplace.search" module_id="advancedmarketplace" component="todaylisting" location="3" is_active="1" ordering="2" disallow_access="" can_move="0">
			<title>Today Listing</title>
			<source_code />
			<source_parsed />
		</block>
		<block type_id="0" m_connection="advancedmarketplace.all" module_id="advancedmarketplace" component="sponsored" location="3" is_active="1" ordering="5" disallow_access="" can_move="0">
			<title>Sponsored Listings</title>
			<source_code />
			<source_parsed />
		</block>
		<block type_id="0" m_connection="advancedmarketplace.all" module_id="advancedmarketplace" component="todaylisting" location="3" is_active="1" ordering="4" disallow_access="" can_move="0">
			<title>Today Listing</title>
			<source_code />
			<source_parsed />
		</block>
		<block type_id="0" m_connection="advancedmarketplace.all" module_id="advancedmarketplace" component="category" location="1" is_active="1" ordering="2" disallow_access="" can_move="0">
			<title>category</title>
			<source_code />
			<source_parsed />
		</block>
		<block type_id="0" m_connection="advancedmarketplace.search" module_id="advancedmarketplace" component="search" location="3" is_active="1" ordering="1" disallow_access="" can_move="1">
			<title>Search Filter</title>
			<source_code />
			<source_parsed />
		</block>
		<block type_id="0" m_connection="advancedmarketplace.all" module_id="advancedmarketplace" component="search" location="3" is_active="1" ordering="3" disallow_access="" can_move="1">
			<title>Search Filter</title>
			<source_code />
			<source_parsed />
		</block>
		<block type_id="0" m_connection="advancedmarketplace.index" module_id="advancedmarketplace" component="search" location="3" is_active="1" ordering="1" disallow_access="" can_move="1">
			<title>Search Filter</title>
			<source_code />
			<source_parsed />
		</block>
	</blocks>
	<components>
		<component module_id="advancedmarketplace" component="listingslideshow" m_connection="" module="advancedmarketplace" is_controller="0" is_block="1" is_active="1" />
		<component module_id="advancedmarketplace" component="search" m_connection="advancedmarketplace.search" module="advancedmarketplace" is_controller="1" is_block="0" is_active="1" />
		<component module_id="advancedmarketplace" component="search" m_connection="" module="advancedmarketplace" is_controller="0" is_block="1" is_active="1" />
		<component module_id="advancedmarketplace" component="category" m_connection="" module="advancedmarketplace" is_controller="0" is_block="1" is_active="1" />
		<component module_id="advancedmarketplace" component="advancedmarketplace" m_connection="advancedmarketplace" module="advancedmarketplace" is_controller="1" is_block="0" is_active="1" />
		<component module_id="advancedmarketplace" component="featured" m_connection="" module="advancedmarketplace" is_controller="0" is_block="1" is_active="1" />
		<component module_id="advancedmarketplace" component="all" m_connection="advancedmarketplace.all" module="advancedmarketplace" is_controller="1" is_block="0" is_active="1" />
		<component module_id="advancedmarketplace" component="sponsored" m_connection="" module="advancedmarketplace" is_controller="0" is_block="1" is_active="1" />
		<component module_id="advancedmarketplace" component="invite" m_connection="" module="advancedmarketplace" is_controller="0" is_block="1" is_active="1" />
		<component module_id="advancedmarketplace" component="category" m_connection="" module="advancedmarketplace" is_controller="0" is_block="1" is_active="1" />
		<component module_id="advancedmarketplace" component="info" m_connection="" module="advancedmarketplace" is_controller="0" is_block="1" is_active="1" />
		<component module_id="advancedmarketplace" component="my" m_connection="" module="advancedmarketplace" is_controller="0" is_block="1" is_active="1" />
		<component module_id="advancedmarketplace" component="image" m_connection="" module="advancedmarketplace" is_controller="0" is_block="1" is_active="1" />
		<component module_id="advancedmarketplace" component="profile" m_connection="" module="advancedmarketplace" is_controller="0" is_block="1" is_active="1" />
		<component module_id="advancedmarketplace" component="filter" m_connection="" module="advancedmarketplace" is_controller="0" is_block="1" is_active="1" />
		<component module_id="advancedmarketplace" component="invoice" m_connection="advancedmarketplace.invoice" module="advancedmarketplace" is_controller="1" is_block="0" is_active="1" />
		<component module_id="advancedmarketplace" component="view" m_connection="advancedmarketplace.view" module="advancedmarketplace" is_controller="1" is_block="0" is_active="1" />
		<component module_id="advancedmarketplace" component="menu" m_connection="" module="advancedmarketplace" is_controller="0" is_block="1" is_active="1" />
		<component module_id="advancedmarketplace" component="index" m_connection="advancedmarketplace.index" module="advancedmarketplace" is_controller="1" is_block="0" is_active="1" />
		<component module_id="advancedmarketplace" component="mostreviewedlisting" m_connection="" module="advancedmarketplace" is_controller="0" is_block="1" is_active="1" />
		<component module_id="advancedmarketplace" component="profile" m_connection="advancedmarketplace.profile" module="advancedmarketplace" is_controller="1" is_block="0" is_active="1" />
		<component module_id="advancedmarketplace" component="mostviewlisting" m_connection="" module="advancedmarketplace" is_controller="0" is_block="1" is_active="1" />
		<component module_id="advancedmarketplace" component="todaylisting" m_connection="" module="advancedmarketplace" is_controller="0" is_block="1" is_active="1" />
		<component module_id="advancedmarketplace" component="tag" m_connection="" module="advancedmarketplace" is_controller="0" is_block="1" is_active="1" />
		<component module_id="advancedmarketplace" component="recentviewlisting" m_connection="" module="advancedmarketplace" is_controller="0" is_block="1" is_active="1" />
		<component module_id="advancedmarketplace" component="morefromseller" m_connection="" module="advancedmarketplace" is_controller="0" is_block="1" is_active="1" />
	</components>
	<phrases>
		<phrase var_name="module_advancedmarketplace" added="1524827563">Advanced Marketplace</phrase>
		<phrase var_name="module_advancedmarketplaces" added="1524827563">Advanced Marketplace</phrase>
		<phrase var_name="translate_module_advancedmarketplaces" added="1524827563">Advanced Marketplace</phrase>
		<phrase var_name="menu_advancedmarketplace" added="1524827563">Adv.Marketplace</phrase>
		<phrase var_name="setting_advancedmarketplace_view_time_stamp" added="1524827563"><![CDATA[<title>Marketplace View Time Stamp</title><info>Marketplace View Time Stamp</info>]]></phrase>
		<phrase var_name="user_setting_can_post_comment_on_listing" added="1524827563">Can post a comment on advanced marketplace listing?</phrase>
		<phrase var_name="user_setting_can_edit_own_listing" added="1524827563">Can edit own advanced marketplace listing?</phrase>
		<phrase var_name="user_setting_can_edit_other_listing" added="1524827563">Can edit advanced marketplace listings added by other users?</phrase>
		<phrase var_name="menu_add_new_listing" added="1524827563">Add New Listing</phrase>
		<phrase var_name="user_setting_can_delete_own_listing" added="1524827563">Can delete own advanced marketplace listing?</phrase>
		<phrase var_name="user_setting_can_delete_other_listings" added="1524827563">Can delete advanced marketplace listings added by other users?</phrase>
		<phrase var_name="admin_menu_add_category" added="1524827563">Add Category</phrase>
		<phrase var_name="admin_menu_manage_categories" added="1524827563">Manage Categories</phrase>
		<phrase var_name="user_setting_max_upload_size_listing" added="1524827563"><![CDATA[Max file size for photos upload in kilobits (kb).
(1000 kb = 1 mb)
For unlimited add "0" without quotes.]]></phrase>
		<phrase var_name="setting_total_listing_more_from" added="1524827563"><![CDATA[<title>Total "More From" Listings to Display</title><info>Define how many listings to display within the "More From" block when viewing a listing.</info>]]></phrase>
		<phrase var_name="user_setting_can_feature_listings" added="1524827563">Can feature listings?</phrase>
		<phrase var_name="user_setting_listing_approve" added="1524827563">Enable if listings should be approved first before they are displayed publicly.</phrase>
		<phrase var_name="user_setting_can_approve_listings" added="1524827563">Can approve advanced marketplace listings?</phrase>
		<phrase var_name="categories" added="1524827563">Categories</phrase>
		<phrase var_name="sub_categories" added="1524827563">Sub-Categories</phrase>
		<phrase var_name="browse_filter" added="1524827563">Browse Filter</phrase>
		<phrase var_name="price" added="1524827563">Price</phrase>
		<phrase var_name="free" added="1524827563">Free</phrase>
		<phrase var_name="invites" added="1524827563">Invites</phrase>
		<phrase var_name="visited" added="1524827563">Visited</phrase>
		<phrase var_name="not_responded" added="1524827563">Not Responded</phrase>
		<phrase var_name="more_from" added="1524827563">More From</phrase>
		<phrase var_name="view_more" added="1524827563">View More</phrase>
		<phrase var_name="advancedmarketplace_listings" added="1524827563">Marketplace Listings</phrase>
		<phrase var_name="category_successfully_updated" added="1524827563">Category successfully updated.</phrase>
		<phrase var_name="category_successfully_added" added="1524827563">Category successfully added.</phrase>
		<phrase var_name="edit_a_category" added="1524827563">Edit a Category</phrase>
		<phrase var_name="create_a_new_category" added="1524827563">Create a New Category</phrase>
		<phrase var_name="category_order_successfully_updated" added="1524827563">Category order successfully updated.</phrase>
		<phrase var_name="category_successfully_deleted" added="1524827563">Category successfully deleted.</phrase>
		<phrase var_name="manage_categories" added="1524827563">Manage Categories</phrase>
		<phrase var_name="provide_a_name_for_this_listing" added="1524827563">Provide a name for this listing.</phrase>
		<phrase var_name="provide_a_location_for_this_listing" added="1524827563">Provide a location for this listing.</phrase>
		<phrase var_name="listing_successfully_updated" added="1524827563">Listing successfully updated.</phrase>
		<phrase var_name="successfully_uploaded_images_for_this_listing" added="1524827563">Successfully uploaded images for this listing.</phrase>
		<phrase var_name="successfully_invited_users_for_this_listing" added="1524827563">Successfully invited users for this listing.</phrase>
		<phrase var_name="successfully_updated_this_listing" added="1524827563">Successfully updated this listing.</phrase>
		<phrase var_name="listing_successfully_added" added="1524827563">Listing successfully added.</phrase>
		<phrase var_name="edit_a_advancedmarketplace_listing" added="1524827563">Edit a Marketplace Listing</phrase>
		<phrase var_name="edit_a_listing" added="1524827563">Edit a Listing</phrase>
		<phrase var_name="create_a_advancedmarketplace_listing" added="1524827563">Create a Marketplace Listing</phrase>
		<phrase var_name="create_a_listing" added="1524827563">Create a Listing</phrase>
		<phrase var_name="advanced_advancedmarketplace" added="1524827563">Marketplace</phrase>
		<phrase var_name="listing_successfully_deleted" added="1524827563">Listing successfully deleted.</phrase>
		<phrase var_name="date_added" added="1524827563">Date Added</phrase>
		<phrase var_name="name" added="1524827563">Name</phrase>
		<phrase var_name="recent_listings" added="1524827563">Recent Listings</phrase>
		<phrase var_name="my_listings" added="1524827563">My Listings</phrase>
		<phrase var_name="featured" added="1524827563">Featured</phrase>
		<phrase var_name="invitations" added="1524827563">Invitations</phrase>
		<phrase var_name="pending" added="1524827563">Pending</phrase>
		<phrase var_name="the_listing_you_are_looking_for_either_does_not_exist_or_has_been_removed" added="1524827563">The listing you are looking for either does not exist or has been removed.</phrase>
		<phrase var_name="select" added="1524827563">Select</phrase>
		<phrase var_name="select_a_sub_category" added="1524827563">Select a Sub-Category</phrase>
		<phrase var_name="provide_a_category_name" added="1524827563">Provide a category name.</phrase>
		<phrase var_name="invalid_callback_on_advancedmarketplace_listing" added="1524827563">Invalid callback on advanced marketplace listing.</phrase>
		<phrase var_name="user_name_left_you_a_comment_on_site_title" added="1524827563">{user_name} left you a comment on {site_title}.</phrase>
		<phrase var_name="user_name_left_you_a_comment_on_your_advancedmarketplace_listing" added="1524827563"><![CDATA[{user_name} left you a comment on your Marketplace listing.

To view this comment, follow the link below:
<a href="{link}">{link}</a>]]></phrase>
		<phrase var_name="a_href_user_link_full_name_a_added_a_new_comment_on_their_own_a_href_title_link_listin" added="1524827563"><![CDATA[<a href="{user_link}">{full_name}</a> added a new comment on their own <a href="{title_link}">listing</a>.]]></phrase>
		<phrase var_name="a_href_user_link_full_name_a_added_a_new_comment_on_your_a_href_title_link_listing_a" added="1524827563"><![CDATA[<a href="{user_link}">{full_name}</a> added a new comment on your <a href="{title_link}">listing</a>.]]></phrase>
		<phrase var_name="a_href_user_link_full_name_a_added_a_new_comment_on_a_href_item_user_link_item_user_n" added="1524827563"><![CDATA[<a href="{user_link}">{full_name}</a> added a new comment on <a href="{item_user_link}">{item_user_name}'s</a> <a href="{title_link}">listing</a>.]]></phrase>
		<phrase var_name="a_href_user_link_owner_full_name_a_added_a_new_listing_a_href_title_link_title_a" added="1524827563"><![CDATA[<a href="{user_link}">{owner_full_name}</a> added a new listing "<a href="{title_link}">{title}</a>".]]></phrase>
		<phrase var_name="your_listing_title_has_been_approved" added="1524827563"><![CDATA[Your listing "{title}" has been approved.]]></phrase>
		<phrase var_name="listings" added="1524827563">Listings</phrase>
		<phrase var_name="user_link_invited_you_to_a_advancedmarketplace_listing" added="1524827563">{user_link} invited you to a advanced marketplace listing.</phrase>
		<phrase var_name="no_listing_invites" added="1524827563">No listing invites.</phrase>
		<phrase var_name="advancedmarketplace_invites" added="1524827563">Marketplace Invites</phrase>
		<phrase var_name="advancedmarketplace_text" added="1524827563">Marketplace Text</phrase>
		<phrase var_name="full_name_invited_you_to_view_the_advancedmarketplace_listing_title" added="1524827563"><![CDATA[{full_name} invited you to view the advanced marketplace listing "{title}".

To check out this listing, follow the link below:
<a href="{link}">{link}</a>"]]></phrase>
		<phrase var_name="full_name_added_the_following_personal_message" added="1524827563">{full_name} added the following personal message</phrase>
		<phrase var_name="full_name_invited_you_to_view_the_listing_title" added="1524827563"><![CDATA[{full_name} invited you to view the listing "{title}".]]></phrase>
		<phrase var_name="unable_to_find_the_listing_you_want_to_delete" added="1524827563">Unable to find the listing you want to delete.</phrase>
		<phrase var_name="you_do_not_have_sufficient_permission_to_delete_this_listing" added="1524827563">You do not have sufficient permission to delete this listing.</phrase>
		<phrase var_name="you_do_not_have_sufficient_permission_to_modify_this_listing" added="1524827563">You do not have sufficient permission to modify this listing.</phrase>
		<phrase var_name="unable_to_find_the_listing_you_want_to_approve" added="1524827563">Unable to find the listing you want to approve.</phrase>
		<phrase var_name="your_listing_has_been_approved_on_site_title" added="1524827563">Your listing has been approved on {site_title}.</phrase>
		<phrase var_name="your_listing_has_been_approved_on_site_title_message" added="1524827563"><![CDATA[Your listing has been approved on {site_title}.

To view this listing, follow the link below:
<a href="{link}">{link}</a>]]></phrase>
		<phrase var_name="provide_a_category_this_listing_will_belong_to" added="1524827563">Provide a category this listing will belong to.</phrase>
		<phrase var_name="are_you_sure_this_will_delete_all_listings_that_belong_to_this_category_and_cannot_be_undone" added="1524827563">Are you sure? This will delete all listings that belong to this category and cannot be undone.</phrase>
		<phrase var_name="posted_on_time_stamp" added="1524827563">Posted on {time_stamp}.</phrase>
		<phrase var_name="the_file_size_limit_is_file_size_if_your_upload_does_not_work_try_uploading_a_smaller_picture" added="1524827563">The file size limit is {file_size}. If your upload does not work, try uploading a smaller picture.</phrase>
		<phrase var_name="click_here_to_approve_listings" added="1524827563">Click here to approve listings.</phrase>
		<phrase var_name="posted_time_samp_in_country_iso" added="1524827563">Posted {time_samp} in {country_iso}.</phrase>
		<phrase var_name="posted_time_stamp_by_user_info_in_country_iso" added="1524827563">Posted {time_stamp} by {user_info}.</phrase>
		<phrase var_name="this_song_has_been_added_to_your_profile" added="1524827563">This song has been added to your profile.</phrase>
		<phrase var_name="this_song_has_been_removed_from_your_profile" added="1524827563">This song has been removed from your profile.</phrase>
		<phrase var_name="basic_info" added="1524827563">Basic Info</phrase>
		<phrase var_name="keywords" added="1524827563">Keywords</phrase>
		<phrase var_name="location" added="1524827563">Location</phrase>
		<phrase var_name="city" added="1524827563">City</phrase>
		<phrase var_name="zip_postal_code" added="1524827563">Zip/Postal Code</phrase>
		<phrase var_name="sort" added="1524827563">Sort</phrase>
		<phrase var_name="submit" added="1524827563">Submit</phrase>
		<phrase var_name="reset" added="1524827563">Reset</phrase>
		<phrase var_name="photos" added="1524827563">Photos</phrase>
		<phrase var_name="summary" added="1524827563">Summary</phrase>
		<phrase var_name="posted_on" added="1524827563">Posted On</phrase>
		<phrase var_name="posted_by" added="1524827563">Posted By</phrase>
		<phrase var_name="user_rating" added="1524827563">User Rating</phrase>
		<phrase var_name="user_activity" added="1524827563">User Activity</phrase>
		<phrase var_name="no_visits" added="1524827563">No visits.</phrase>
		<phrase var_name="no_results" added="1524827563">No results.</phrase>
		<phrase var_name="add_new_listing" added="1524827563">Add New Listing</phrase>
		<phrase var_name="edit_listing" added="1524827563">Edit Listing</phrase>
		<phrase var_name="manage_photos" added="1524827563">Manage Photos</phrase>
		<phrase var_name="send_invitations" added="1524827563">Send Invitations</phrase>
		<phrase var_name="manage_invites" added="1524827563">Manage Invites</phrase>
		<phrase var_name="contact" added="1524827563">Contact</phrase>
		<phrase var_name="report_this_listing" added="1524827563">Report this Listing</phrase>
		<phrase var_name="report" added="1524827563">Report</phrase>
		<phrase var_name="delete_listing" added="1524827563">Delete Listing</phrase>
		<phrase var_name="delete_this_image_for_the_listing" added="1524827563">Delete this image for the listing.</phrase>
		<phrase var_name="are_you_sure" added="1524827563">Are you sure?</phrase>
		<phrase var_name="click_to_set_as_default_image" added="1524827563">Click to set as default image.</phrase>
		<phrase var_name="no_listings_added_yet" added="1524827563">No listings added yet.</phrase>
		<phrase var_name="add_a_listing" added="1524827563">Add a Listing</phrase>
		<phrase var_name="advancedmarketplace_category_details" added="1524827563">Marketplace Category Details</phrase>
		<phrase var_name="parent_category" added="1524827563">Parent Category</phrase>
		<phrase var_name="edit" added="1524827563">Edit</phrase>
		<phrase var_name="delete" added="1524827563">Delete</phrase>
		<phrase var_name="update_order" added="1524827563">Update Order</phrase>
		<phrase var_name="view_this_listing" added="1524827563">View This Listing</phrase>
		<phrase var_name="skip_amp_view_this_listing" added="1524827563"><![CDATA[Skip &amp; View This Listing]]></phrase>
		<phrase var_name="step_1" added="1524827563">Step 1</phrase>
		<phrase var_name="listing_details" added="1524827563">Listing Details</phrase>
		<phrase var_name="step_2" added="1524827563">Step 2</phrase>
		<phrase var_name="step_3" added="1524827563">Step 3</phrase>
		<phrase var_name="invite" added="1524827563">Invite</phrase>
		<phrase var_name="title" added="1524827563">Title</phrase>
		<phrase var_name="short_description" added="1524827563">Short Description</phrase>
		<phrase var_name="full_description" added="1524827563">Full Description</phrase>
		<phrase var_name="usd" added="1524827563">USD</phrase>
		<phrase var_name="select_image_s" added="1524827563">Select Image(s)</phrase>
		<phrase var_name="you_can_upload_a_jpg_gif_or_png_file" added="1524827563">You can upload a JPG, GIF or PNG file.</phrase>
		<phrase var_name="upload" added="1524827563">Upload</phrase>
		<phrase var_name="invite_friends" added="1524827563">Invite Friends</phrase>
		<phrase var_name="invite_people_via_email" added="1524827563">Invite People via Email</phrase>
		<phrase var_name="separate_multiple_emails_with_a_comma" added="1524827563">Separate multiple emails with a comma.</phrase>
		<phrase var_name="add_a_personal_message" added="1524827563">Add a Personal Message</phrase>
		<phrase var_name="new_guest_list" added="1524827563">New Guest List</phrase>
		<phrase var_name="unable_to_find_what_you_are_looking_for" added="1524827563">Unable to find what you are looking for.</phrase>
		<phrase var_name="no_listings_have_been_added" added="1524827563">No listings have been added.</phrase>
		<phrase var_name="be_the_first_to_add_a_listing" added="1524827563">Be the first to add a listing.</phrase>
		<phrase var_name="there_is_one_listing_that_is_pending_approval" added="1524827563">There is one listing that is pending approval.</phrase>
		<phrase var_name="there_are_total_listings_that_are_pending_approval" added="1524827563">There are {total} listings that are pending approval.</phrase>
		<phrase var_name="approve_this_listing" added="1524827563">Approve this listing.</phrase>
		<phrase var_name="approve" added="1524827563">Approve</phrase>
		<phrase var_name="feature_this_listing" added="1524827563">Feature this listing.</phrase>
		<phrase var_name="feature" added="1524827563">Feature</phrase>
		<phrase var_name="un_feature_this_listing" added="1524827563">Un-Feature this listing.</phrase>
		<phrase var_name="unfeature" added="1524827563">Unfeature</phrase>
		<phrase var_name="listing_is_pending_approval" added="1524827563">Listing is pending approval.</phrase>
		<phrase var_name="successfully_deleted_listing" added="1524827563">Successfully deleted listing.</phrase>
		<phrase var_name="rating" added="1524827563">Review</phrase>
		<phrase var_name="category" added="1524827563">Category</phrase>
		<phrase var_name="update" added="1524827563">Update</phrase>
		<phrase var_name="cancel" added="1524827563">Cancel</phrase>
		<phrase var_name="you_have_not_added_any_listings_yet" added="1524827563">You have not added any listings yet.</phrase>
		<phrase var_name="no_listings_have_been_featured" added="1524827563">No listings have been featured.</phrase>
		<phrase var_name="you_have_not_received_any_invites" added="1524827563">You have not received any invites.</phrase>
		<phrase var_name="no_listings_pending_approval" added="1524827563">No listings pending approval.</phrase>
		<phrase var_name="this_category_name_cannot_be_used_due_to_that_there_is_already_another_category_with_the_same_name_being_used" added="1524827563">This category name cannot be used due to that there is already another category with the same name being used.</phrase>
		<phrase var_name="user_setting_can_access_advancedmarketplace" added="1524827563">Can browse and view listings?</phrase>
		<phrase var_name="user_setting_can_create_listing" added="1524827563">Can create a listing?</phrase>
		<phrase var_name="a_href_user_link_full_name_a_likes_your_a_href_link_listing_a" added="1524827563"><![CDATA[<a href="{user_link}">{full_name}</a> likes your <a href="{link}">listing</a>.]]></phrase>
		<phrase var_name="a_href_user_link_full_name_a_likes_their_own_a_href_link_listing_a" added="1524827563"><![CDATA[<a href="{user_link}">{full_name}</a> likes {gender} own <a href="{link}">listing</a>.]]></phrase>
		<phrase var_name="a_href_user_link_full_name_a_likes_a_href_view_user_link_view_full_name_a_s_a_href_link_listing_a" added="1524827563"><![CDATA[<a href="{user_link}">{full_name}</a> likes <a href="{view_user_link}">{view_full_name}</a>'s <a href="{link}">listing</a>.]]></phrase>
		<phrase var_name="sponsored_listing" added="1524827563">Sponsored Listings</phrase>
		<phrase var_name="setting_how_many_sponsored_listings" added="1524827563"><![CDATA[<title>How Many Sponsored Listings To Show</title><info>This setting tells how many sponsored listings will be shown on the sponsor block. Default is 5.</info>]]></phrase>
		<phrase var_name="user_setting_can_sponsor_listing" added="1524827563">Can members of this user group mark a listing in the advancedmarketplace as sponsor?</phrase>
		<phrase var_name="sponsor_this_listing" added="1524827563">Sponsor</phrase>
		<phrase var_name="unsponsor_this_listing" added="1524827563">Unsponsor</phrase>
		<phrase var_name="listing_successfully_sponsored" added="1524827563">Listing successfully sponsored</phrase>
		<phrase var_name="listing_successfully_un_sponsored" added="1524827563">Listing successfully unsponsored</phrase>
		<phrase var_name="encourage_sponsor_listing" added="1524827563">Sponsor your listings</phrase>
		<phrase var_name="sponsor_help" added="1524827563"><![CDATA[To sponsor a listing please click on "Sponsor" next to the item]]></phrase>
		<phrase var_name="user_setting_can_purchase_sponsor" added="1524827563">Can members of this user group purchase a sponsored ad space?</phrase>
		<phrase var_name="user_setting_advancedmarketplace_sponsor_price" added="1524827563">How much is the sponsor space worth for advancedmarketplace listings?
This works in a CPM basis.</phrase>
		<phrase var_name="sponsor_error_not_found" added="1524827563">The listing you are trying to sponsor cannot be found.</phrase>
		<phrase var_name="advancedmarketplace_sponsor_title" added="1524827563">Marketplace Listing: {sListingTitle}</phrase>
		<phrase var_name="sponsor_paypal_message" added="1524827563">Payment for the sponsor space of advanced marketplace listing: {sListingTitle}</phrase>
		<phrase var_name="user_setting_auto_publish_sponsored_listing" added="1524827563">After the user has purchased a sponsored space, should the listing be published right away?
If set to false, the admin will have to approve each new purchased sponsored listing space before it is shown in the site.</phrase>
		<phrase var_name="buy_it_now" added="1524827563">Buy It Now</phrase>
		<phrase var_name="enable_instant_payment" added="1524827563">Enable Instant Payment</phrase>
		<phrase var_name="user_setting_can_sell_items_on_advancedmarketplace" added="1524827563">Can sell items on the advancedmarketplace?</phrase>
		<phrase var_name="unable_to_find_the_listing_you_are_looking_for" added="1524827563">Unable to find the listing you are looking for.</phrase>
		<phrase var_name="sold" added="1524827563">Sold</phrase>
		<phrase var_name="this_listing_has_already_been_marked_as_sold" added="1524827563"><![CDATA[This listing has already been marked as "sold".]]></phrase>
		<phrase var_name="notice_this_listing_is_marked_as_sold" added="1524827563"><![CDATA[Notice: This listing is marked as "Sold".]]></phrase>
		<phrase var_name="auto_sold" added="1524827563">Auto-Sold</phrase>
		<phrase var_name="if_you_enable_this_option_buyers_can_make_a_payment_to_one_of_the_payment_gateways_you_have_on_file_with_us_to_manage_your_payment_gateways_go_a_href_link_here_a" added="1524827563"><![CDATA[If you enable this option, buyers can make a payment to one of the payment gateways you have on file with us. To manage your payment gateways go <a href="{link}">here</a>.]]></phrase>
		<phrase var_name="if_this_is_enabled_and_once_a_successful_purchase_of_this_item_is_made" added="1524827563"><![CDATA[If this is enabled and once a successful purchase of this item is made it will automatically close this item and mark it as "Sold".]]></phrase>
		<phrase var_name="closed_item_sold" added="1524827563">Closed (Item Sold)</phrase>
		<phrase var_name="enable_this_option_if_this_item_is_sold_and_this_listing_should_be_closed" added="1524827563"><![CDATA[Enable this option if this item is "sold" and this listing should be closed.]]></phrase>
		<phrase var_name="unable_to_purchase_this_item" added="1524827563">Unable to purchase this item.</phrase>
		<phrase var_name="review_and_confirm_purchase" added="1524827563">Review and Confirm Purchase</phrase>
		<phrase var_name="item_you_re_buying" added="1524827563"><![CDATA[Item you're buying]]></phrase>
		<phrase var_name="by_clicking_on_the_button_below_you_commit_to_buy_this_item_from_the_seller" added="1524827563">By clicking on the button below, you commit to buy this item from the seller.</phrase>
		<phrase var_name="commit_to_buy" added="1524827563">Commit to Buy</phrase>
		<phrase var_name="payment_methods" added="1524827563">Payment Methods</phrase>
		<phrase var_name="item_sold_title" added="1524827563">Item Sold: {title}</phrase>
		<phrase var_name="full_name_has_purchased_an_item_of_yours_on_site_name" added="1524827563"><![CDATA[{full_name} has purchased one of your items on {site_name}.

Item Name: {title}
Item Link: <a href="{link}">{link}</a>
Users Name: {full_name}
Users Profile: <a href="{user_link}">{user_link}</a>
Price: {price}]]></phrase>
		<phrase var_name="full_name_has_purchased_one_of_your_items_item_name" added="1524827563"><![CDATA[<b>{full_name}</b> has purchased one of your items <b>{item_name}</b>]]></phrase>
		<phrase var_name="purchased_by" added="1524827563">Purchased by</phrase>
		<phrase var_name="you_haven_t_made_any_purchases_yet" added="1524827563"><![CDATA[You haven't made any purchases yet.]]></phrase>
		<phrase var_name="you_haven_t_sold_any_items_yet" added="1524827563"><![CDATA[You haven't sold any items yet.]]></phrase>
		<phrase var_name="purchased" added="1524827563">Purchased</phrase>
		<phrase var_name="you_do_not_have_any_invoices" added="1524827563">You do not have any invoices.</phrase>
		<phrase var_name="id" added="1524827563">ID</phrase>
		<phrase var_name="status" added="1524827563">Status</phrase>
		<phrase var_name="date" added="1524827563">Date</phrase>
		<phrase var_name="pay_now" added="1524827563">Pay Now</phrase>
		<phrase var_name="advancedmarketplace_invoices" added="1524827563">Marketplace Invoices</phrase>
		<phrase var_name="invoices" added="1524827563">Invoices</phrase>
		<phrase var_name="paid" added="1524827563">Paid</phrase>
		<phrase var_name="cancelled" added="1524827563">Cancelled</phrase>
		<phrase var_name="pending_payment" added="1524827563">Pending Payment</phrase>
		<phrase var_name="user_setting_can_sponsor_advancedmarketplace" added="1524827563">Can sponsor a advanced marketplace listing?</phrase>
		<phrase var_name="user_setting_flood_control_advancedmarketplace" added="1524827563"><![CDATA[How many minutes should a user wait before they can create another advancedmarketplace listing?

Note: Setting it to "0" (without quotes) is default and users will not have to wait.]]></phrase>
		<phrase var_name="you_are_creating_a_listing_a_little_too_soon" added="1524827563">You are creating a listing a little too soon.</phrase>
		<phrase var_name="menu_advancedmarketplace_manage_invoices_ad23f7587e12dc025eefdfbc37ca854a" added="1524827563">Manage Invoices</phrase>
		<phrase var_name="user_setting_points_advancedmarketplace" added="1524827563">How many activity points should the user get when adding a new listing?</phrase>
		<phrase var_name="listing_successfully_featured" added="1524827563">Listing successfully featured</phrase>
		<phrase var_name="listing_successfully_un_featured" added="1524827563">Listing successfully un-featured</phrase>
		<phrase var_name="un_feature" added="1524827563">Un-Feature</phrase>
		<phrase var_name="listing_has_been_approved" added="1524827563">Listing has been approved.</phrase>
		<phrase var_name="listing_approved" added="1524827563">Listing Approved</phrase>
		<phrase var_name="search_listings" added="1524827563">Search Listings...</phrase>
		<phrase var_name="latest" added="1524827563">Latest</phrase>
		<phrase var_name="most_viewed" added="1524827563">Most Viewed</phrase>
		<phrase var_name="most_liked" added="1524827563">Most Liked</phrase>
		<phrase var_name="most_discussed" added="1524827563">Most Discussed</phrase>
		<phrase var_name="anywhere" added="1524827563">Anywhere</phrase>
		<phrase var_name="all_listings" added="1524827563">All Listings</phrase>
		<phrase var_name="listing_invites" added="1524827563">Listing Invites</phrase>
		<phrase var_name="friends_listings" added="1524827563"><![CDATA[Friends' Listings]]></phrase>
		<phrase var_name="pending_listings" added="1524827563">Pending Listings</phrase>
		<phrase var_name="full_name_s_listings" added="1524827563"><![CDATA[{full_name}'s Listings]]></phrase>
		<phrase var_name="no_advancedmarketplace_listings_found" added="1524827563">No marketplace listings found.</phrase>
		<phrase var_name="pending_approval" added="1524827563">Pending Approval</phrase>
		<phrase var_name="sponsored" added="1524827563">Sponsored</phrase>
		<phrase var_name="actions" added="1524827563">Actions</phrase>
		<phrase var_name="see_more" added="1524827563">See More</phrase>
		<phrase var_name="what_are_you_selling" added="1524827563">What are you selling?</phrase>
		<phrase var_name="description" added="1524827563">Description</phrase>
		<phrase var_name="add_city_zip" added="1524827563">Add city/zip</phrase>
		<phrase var_name="listing_privacy" added="1524827563">Listing Privacy</phrase>
		<phrase var_name="control_who_can_see_this_listing" added="1524827563">Control who can see this listing.</phrase>
		<phrase var_name="comment_privacy" added="1524827563">Comment Privacy</phrase>
		<phrase var_name="control_who_can_comment_on_this_listing" added="1524827563">Control who can comment on this listing.</phrase>
		<phrase var_name="successfully_uploaded_images" added="1524827563">Successfully uploaded images.</phrase>
		<phrase var_name="successfully_invited_users" added="1524827563">Successfully invited users.</phrase>
		<phrase var_name="editing_listing" added="1524827563">Editing Listing</phrase>
		<phrase var_name="align_left" added="1524827563">Align Left</phrase>
		<phrase var_name="report_this_listing_lowercase" added="1524827563">Report this listing</phrase>
		<phrase var_name="full_name_liked_your_listing_title" added="1524827563"><![CDATA[{full_name} liked your listing "{title}"]]></phrase>
		<phrase var_name="full_name_liked_your_listing_message" added="1524827563"><![CDATA[{full_name} liked your listing "<a href="{link}">{title}</a>"
To view this listing follow the link below:
<a href="{link}">{link}</a>]]></phrase>
		<phrase var_name="loading" added="1524827563">Loading...</phrase>
		<phrase var_name="close" added="1524827563">Close</phrase>
		<phrase var_name="more_from_seller" added="1524827563">More From Seller</phrase>
		<phrase var_name="users_wants_you_to_check_out_the_listing_title" added="1524827563"><![CDATA[{users} wants you to check out the listing "{title}"]]></phrase>
		<phrase var_name="contact_seller" added="1524827563">Contact Seller</phrase>
		<phrase var_name="advancedmarketplace_full_name_commented_on_your_listing_title" added="1524827563"><![CDATA[{full_name} commented on your listing "{title}".]]></phrase>
		<phrase var_name="featured_listings" added="1524827563">Featured Listings</phrase>
		<phrase var_name="posted_a_comment_on_gender_listing_a_href_link_title_a" added="1524827563"><![CDATA[posted a comment on {gender} listing <a href="{link}">{title}</a>]]></phrase>
		<phrase var_name="posted_a_comment_on_user_name_s_listing_a_href_link_title_a" added="1524827563"><![CDATA[posted a comment on {user_name}'s listing "<a href="{link}"> {title} </a>"]]></phrase>
		<phrase var_name="advancedmarketplace_full_name_commented_on_your_listing_a_href_link_title_a_to_see_the_comment" added="1524827563"><![CDATA[{full_name} commented on your listing "<a href="{link}">{title}</a>". To see the comment thread, follow the link below: <a href="{link}"> {link} </a>]]></phrase>
		<phrase var_name="full_name_commented_on_gender_listing" added="1524827563">{full_name} commented on {gender} listing.</phrase>
		<phrase var_name="full_name_commented_on_other_full_name_s_listing" added="1524827563"><![CDATA[{full_name} commented on {other_full_name}'s listing.]]></phrase>
		<phrase var_name="full_name_commented_on_gender_listing_a_href_link_title_a_to_see_the_comment_thread_follow_the_link_below_a_href_link_link_a" added="1524827563"><![CDATA[{full_name} commented on {gender} listing "<a href="{link}">{title}</a>". 
To see the comment thread, follow the link below:
<a href="{link}">{link}</a>]]></phrase>
		<phrase var_name="full_name_commented_on_other_full_name" added="1524827563"><![CDATA[{full_name} commented on {other_full_name}'s listing "<a href="{link}">{title}</a>".
To see the comment thread, follow the link below:
<a href="{link}">{link}</a>]]></phrase>
		<phrase var_name="a_href_link_on_name_s_listing_a" added="1524827563"><![CDATA[<a href="{link}">On {name}'s listing.</a>]]></phrase>
		<phrase var_name="user_name_liked_gender_own_listing_title" added="1524827563"><![CDATA[{user_name} liked {gender} own listing "{title}"]]></phrase>
		<phrase var_name="user_names_liked_your_listing_title" added="1524827563"><![CDATA[{user_names} liked your listing "{title}"]]></phrase>
		<phrase var_name="user_names_liked_span_class_drop_data_user_full_name_s_span_listing_title" added="1524827563"><![CDATA[{user_names} liked <span class="drop_data_user">{full_name}'s</span> listing "{title}"]]></phrase>
		<phrase var_name="user_names_commented_on_gender_listing_title" added="1524827563"><![CDATA[{user_names} commented on {gender} listing "{title}"]]></phrase>
		<phrase var_name="user_names_commented_on_your_listing_title" added="1524827563"><![CDATA[{user_names} commented on your listing "{title}"]]></phrase>
		<phrase var_name="user_names_commented_on_span_class_drop_data_user_full_name_s_span_listing_title" added="1524827563"><![CDATA[{user_names} commented on <span class="drop_data_user">{full_name}'s</span> listing "{title}"]]></phrase>
		<phrase var_name="listing_s_successfully_approved" added="1524827563">Listing(s) successfully approved.</phrase>
		<phrase var_name="listing_s_successfully_deleted" added="1524827563">Listing(s) successfully deleted.</phrase>
		<phrase var_name="listing_s_successfully_featured" added="1524827563">Listing(s) successfully featured.</phrase>
		<phrase var_name="listing_s_successfully_un_featured" added="1524827563">Listing(s) successfully un-featured.</phrase>
		<phrase var_name="user_setting_total_photo_upload_limit" added="1524827563">Control how many photos a user can upload to a advancedmarketplace listing each time.</phrase>
		<phrase var_name="advancedmarketplace" added="1524827563">Advanced Marketplace</phrase>
		<phrase var_name="rate_this_listing" added="1524827563">Rate this listing</phrase>
		<phrase var_name="review" added="1524827563">Review</phrase>
		<phrase var_name="thank_for_your_rating" added="1524827563">Thank for your review</phrase>
		<phrase var_name="select_file" added="1524827563">Select file</phrase>
		<phrase var_name="today_listing" added="1524827563">Today Listing</phrase>
		<phrase var_name="admin_menu_today_listing" added="1524827563">Today Listings</phrase>
		<phrase var_name="save_changes" added="1524827563">Save Changes</phrase>
		<phrase var_name="today_listing_added_successfully" added="1524827563">Today listing is added successfully!</phrase>
		<phrase var_name="listing_name" added="1524827563">Listing Name</phrase>
		<phrase var_name="most_view_listing" added="1524827563">Most Viewed</phrase>
		<phrase var_name="most_reviewed_listing" added="1524827563">Most Reviewed</phrase>
		<phrase var_name="recent_listing" added="1524827563">Recent Listings</phrase>
		<phrase var_name="recent_view_listing" added="1524827563">Recent Viewed</phrase>
		<phrase var_name="view" added="1524827563">view(s)</phrase>
		<phrase var_name="listing_you_may_interested" added="1524827563">You May interest</phrase>
		<phrase var_name="listing_detail" added="1524827563">Listing Detail</phrase>
		<phrase var_name="listing_information" added="1524827563">Listing Information</phrase>
		<phrase var_name="added_information" added="1524827563">Added Information</phrase>
		<phrase var_name="over_view" added="1524827563">Overview</phrase>
		<phrase var_name="owner" added="1524827563">Owner</phrase>
		<phrase var_name="follow" added="1524827563">Follow</phrase>
		<phrase var_name="tag" added="1524827563">Tag</phrase>
		<phrase var_name="updated" added="1524827563">Updated</phrase>
		<phrase var_name="admin_menu_manage_listings" added="1524827563">Manage Listings</phrase>
		<phrase var_name="owner_name" added="1524827563">Owner Name</phrase>
		<phrase var_name="delete_selected" added="1524827563">Delete Selected</phrase>
		<phrase var_name="feature_selected" added="1524827563">Feature selected</phrase>
		<phrase var_name="all" added="1524827563">All</phrase>
		<phrase var_name="approved" added="1524827563">Approved</phrase>
		<phrase var_name="user_setting_can_view_draft_listings" added="1524827563">Can view a draft?</phrase>
		<phrase var_name="user_setting_can_delete_user_review" added="1524827563">Can delete a review on listing?</phrase>
		<phrase var_name="user_setting_can_post_a_review" added="1524827563">Can post a review on listing?</phrase>
		<phrase var_name="user_setting_can_delete_own_review" added="1524827563">Can delete own reviews?</phrase>
		<phrase var_name="view_s" added="1524827563">View(s)</phrase>
		<phrase var_name="user_name_has_created_listing_title" added="1524827563"><![CDATA[{users} has created listing "{title}".]]></phrase>
		<phrase var_name="recent_viewed_listing" added="1524827563">Recent Viewed</phrase>
		<phrase var_name="custom_group_test" added="1524827563">test</phrase>
		<phrase var_name="feature_listings" added="1524827563">Featured Listings</phrase>
		<phrase var_name="unfollow" added="1524827563">UnFollow</phrase>
		<phrase var_name="4f3cc68f00ede_1329383054" added="1524827563">test</phrase>
		<phrase var_name="4f3ccadc81588_1329384156" added="1524827563" />
		<phrase var_name="topics" added="1524827563">Topics</phrase>
		<phrase var_name="today_listings" added="1524827563">Today Listings</phrase>
		<phrase var_name="admin_menu_listings_statistics" added="1524827563">Listings Statistics</phrase>
		<phrase var_name="tags" added="1524827563">Tags</phrase>
		<phrase var_name="menu_advancedmarketplace_add_new_listing_99f82b6b4872e1b7b8449d3eb50d6381" added="1524827563">Add New Listing</phrase>
		<phrase var_name="menu_advancedmarketplace_add_new_listing_c2c05019f89be7724db0674b8fc60bef" added="1524827563">Add New Listing</phrase>
		<phrase var_name="menu_advancedmarketplace_add_new_listing_473393f081b6bc2906cb5cff14031141" added="1524827563">Add New Listing</phrase>
		<phrase var_name="print" added="1524827563">Print</phrase>
		<phrase var_name="add_new_review" added="1524827563">Add new review</phrase>
		<phrase var_name="comment" added="1524827563">Comment</phrase>
		<phrase var_name="default_custom_field_group_name" added="1524827563">Default group name</phrase>
		<phrase var_name="default_custom_field_option_name" added="1524827563">Default option name</phrase>
		<phrase var_name="text_line" added="1524827563">Text Line</phrase>
		<phrase var_name="combo_box" added="1524827563">Selection (combo-box)</phrase>
		<phrase var_name="select_radio" added="1524827563">Selection (Radio-button)</phrase>
		<phrase var_name="select_checkbox" added="1524827563">Selection (checkbox)</phrase>
		<phrase var_name="test_is_a_test_1329468027" added="1524827563">{Test is a test}</phrase>
		<phrase var_name="test_is_a_test_1329468060" added="1524827563">{Test is a test}</phrase>
		<phrase var_name="sponsored_selected" added="1524827563">Sponsored Selected</phrase>
		<phrase var_name="test_is_a_test_1329532277" added="1524827563">Test is a test</phrase>
		<phrase var_name="test_is_a_test_1_1329532505" added="1524827563">Test is a test 1</phrase>
		<phrase var_name="test_is_a_test_1_1329532512" added="1524827563">Test is a test 1</phrase>
		<phrase var_name="4f3f0fdc451d5_1329532892" added="1524827563" />
		<phrase var_name="default_custom_field_name" added="1524827563">Default custom field name</phrase>
		<phrase var_name="posted_date" added="1524827563">Posted Date</phrase>
		<phrase var_name="admin_menu_manage_custom_fields" added="1524827563">Manage Custom Fields</phrase>
		<phrase var_name="user_setting_delete_other_reviews" added="1524827563">Can delete reviews added by the others?</phrase>
		<phrase var_name="afield_is_required" added="1524827563">{afield} is required.</phrase>
		<phrase var_name="from_date" added="1524827563">From Date</phrase>
		<phrase var_name="to_date" added="1524827563">To Date</phrase>
		<phrase var_name="listing_filter" added="1524827563">Listing Filter</phrase>
		<phrase var_name="no_listings_have_been_created" added="1524827563">No listings have been created.</phrase>
		<phrase var_name="featured_selected" added="1524827563">Featured Selected</phrase>
		<phrase var_name="last_updated" added="1524827563">Updated</phrase>
		<phrase var_name="user_name_has_created_listing_on_site_title" added="1524827563">{user_name} has created listing on {site_title}.</phrase>
		<phrase var_name="user_name_has_created_listing_on_site_title_message" added="1524827563"><![CDATA[{user_name} has created a listing on {site_title}. 

To view this listing, follow the link below: 
<a href="{link}">{link}</a>]]></phrase>
		<phrase var_name="no_listings_found" added="1524827563">No listings found.</phrase>
		<phrase var_name="total_closed_listings" added="1524827563">Total Closed Listings</phrase>
		<phrase var_name="total_listings" added="1524827563">Total Listings</phrase>
		<phrase var_name="listing_statistics" added="1524827563">Listing Statistics</phrase>
		<phrase var_name="total_available_listings" added="1524827563">Total Available Listings</phrase>
		<phrase var_name="total_draft_listings" added="1524827563">Total Draft Listings</phrase>
		<phrase var_name="total_approved_listings" added="1524827563">Total Approved Listings</phrase>
		<phrase var_name="total_featured_listings" added="1524827563">Total Featured Listings</phrase>
		<phrase var_name="total_sponsored_listings" added="1524827563">Total Sponsored Listings</phrase>
		<phrase var_name="total_view" added="1524827563">Total View</phrase>
		<phrase var_name="no_reviews_found" added="1524827563">No reviews found</phrase>
		<phrase var_name="most_reviewed" added="1524827563">Most Reviewed</phrase>
		<phrase var_name="recent_viewed" added="1524827563">Recent Viewed</phrase>
		<phrase var_name="nreview_review_s" added="1524827563">{nreview} Review(s)</phrase>
		<phrase var_name="set_as_today_listing" added="1524827563">Set as today listing</phrase>
		<phrase var_name="opened" added="1524827563">Opened</phrase>
		<phrase var_name="unapproved" added="1524827563">Unapproved</phrase>
		<phrase var_name="closed" added="1524827563">Closed</phrase>
		<phrase var_name="is_require" added="1524827563">Is require</phrase>
		<phrase var_name="add_custom_field" added="1524827563">Add custom field</phrase>
		<phrase var_name="move_up" added="1524827563">move up</phrase>
		<phrase var_name="move_down" added="1524827563">move down</phrase>
		<phrase var_name="field_name" added="1524827563">Field name</phrase>
		<phrase var_name="field_type" added="1524827563">Field type</phrase>
		<phrase var_name="select_type" added="1524827563">Select type...</phrase>
		<phrase var_name="add_an_option" added="1524827563">Add an option...</phrase>
		<phrase var_name="is_required" added="1524827563">Is required</phrase>
		<phrase var_name="switch_off" added="1524827563">switch off</phrase>
		<phrase var_name="switch_on" added="1524827563">switch on</phrase>
		<phrase var_name="save" added="1524827563">save</phrase>
		<phrase var_name="option" added="1524827563">Option</phrase>
		<phrase var_name="you_have_reviewed_this_listing_before" added="1524827563">You have reviewed this listing before</phrase>
		<phrase var_name="you_can_reviewed_your_own_listing" added="1524827563">You can reviewed your own listing</phrase>
		<phrase var_name="you_can_not_post_a_review" added="1524827563">You can not post a review</phrase>
		<phrase var_name="please_hold_while_your_files_are_being_proccessed" added="1524827563">Please hold while your files are being processed.</phrase>
		<phrase var_name="rate" added="1524827563">Rate</phrase>
		<phrase var_name="all_custom_field_has_been_saved_successfully" added="1524827563">All custom fields have been saved successfully!</phrase>
		<phrase var_name="manage_listings" added="1524827563">Manage Listings</phrase>
		<phrase var_name="yes" added="1524827563">Yes</phrase>
		<phrase var_name="no" added="1524827563">No</phrase>
		<phrase var_name="draft_info" added="1524827563"><![CDATA[[DRAFT]]]></phrase>
		<phrase var_name="manage" added="1524827563">Manage</phrase>
		<phrase var_name="total_reviews" added="1524827563">Total Reviews</phrase>
		<phrase var_name="total_reviewed_listings" added="1524827563">Total Reviewed Listings</phrase>
		<phrase var_name="is_draft" added="1524827563">Is Draft</phrase>
		<phrase var_name="draft" added="1524827563">Draft</phrase>
		<phrase var_name="user_setting_can_delete_other_reviews" added="1524827563">Can delete reviews added by the others?</phrase>
		<phrase var_name="setting_can_print_a_listing" added="1524827563"><![CDATA[<title>Can users print a listing</title><info>Can users print listings</info>]]></phrase>
		<phrase var_name="setting_can_follow_listings" added="1524827563"><![CDATA[<title>Can users follow listings</title><info>Can users follow listings</info>]]></phrase>
		<phrase var_name="user_setting_marketplace_sponsor_price" added="1524827563">How much is the sponsor space worth for advanced marketplace listings?
This works in a CPM basis.</phrase>
		<phrase var_name="review_s" added="1524827563">Review(s)</phrase>
		<phrase var_name="can_not_be_empty" added="1524827563">can not be empty</phrase>
		<phrase var_name="advancedmarketplace_listing" added="1524827563">Advancedmarketplace Listing</phrase>
		<phrase var_name="add_a_group" added="1524827563">Add new group</phrase>
		<phrase var_name="manage_custom_fields" added="1524827563">Manage Custom Fields</phrase>
		<phrase var_name="this_review_is_from" added="1524827563">This review is from:</phrase>
		<phrase var_name="by" added="1524827563">By</phrase>
		<phrase var_name="cannot_add_rating_to_a_review_created_without_a_rating" added="1524827563">Cannot add rating to a review created without a rating</phrase>
		<phrase var_name="search.advancedmarketplace_listing" added="1524827563">Search.advancedmarketplace Listing</phrase>
		<phrase var_name="sponsor_selected" added="1524827563">Sponsor Selected</phrase>
		<phrase var_name="user_name_tagged_you_in_a_comment_in_a_listing" added="1524827563">{user_name} tagged you in a comment in a listing</phrase>
		<phrase var_name="admin_menu_migration" added="1524827563">Migration</phrase>
		<phrase var_name="migration" added="1524827563">Migration</phrase>
		<phrase var_name="user_name_tagged_you_in_a_listing" added="1524827563">{user_name} tagged you in a listing</phrase>
		<phrase var_name="migration_notice" added="1524827563"><![CDATA[This tool is used to migrate listings from default Marketplace of phpFox to Advanced Marketplace. <br/>
Notice:<br/>
- Migrated listings will be moved to Other Category in Advanced Marketplace.<br/>
- Admin uses this tool only one time.]]></phrase>
		<phrase var_name="country" added="1524827563">Country</phrase>
		<phrase var_name="refresh_map" added="1524827563">Refresh Map</phrase>
		<phrase var_name="location_venue" added="1524827563">Location Venue</phrase>
		<phrase var_name="address" added="1524827563">Address</phrase>
		<phrase var_name="view_this_on_google_maps" added="1524827563">View this on Google Maps</phrase>
		<phrase var_name="google_map" added="1524827563">Google Map</phrase>
		<phrase var_name="radius" added="1524827563">Radius</phrase>
		<phrase var_name="miles" added="1524827563">miles</phrase>
		<phrase var_name="km" added="1524827563">km</phrase>
		<phrase var_name="show" added="1524827563">Show</phrase>
		<phrase var_name="when" added="1524827563">When</phrase>
		<phrase var_name="street" added="1524827563">Street</phrase>
		<phrase var_name="number_per_page" added="1524827563">{number} per page</phrase>
		<phrase var_name="search_filter" added="1524827563">Search Filter</phrase>
		<phrase var_name="admin_menu_settings" added="1524827563">Location Setting</phrase>
		<phrase var_name="listing" added="1524827563">Listing</phrase>
		<phrase var_name="location_setting" added="1524827563">Location Setting</phrase>
		<phrase var_name="migration_succeed" added="1524827563">Migration succeed!</phrase>
		<phrase var_name="publishers_advancedmarketplace" added="1524827563">Advanced Marketplace</phrase>
		<phrase var_name="menu_advancedmarketplace_marketplace_532c28d5412dd75bf975fb951c740a30" added="1524827563">Marketplace</phrase>
		<phrase var_name="setting_days_to_expire_listing" added="1524827563"><![CDATA[<title>Days to Expire</title><info>If you want marketplace listings to expire you can enter the number of days here. 

If you enter 0 days listings will not expire.</info>]]></phrase>
		<phrase var_name="setting_days_to_notify_expire" added="1524827563"><![CDATA[<title>Days to Notify Expiring Listing</title><info>When you allow listings to expire you can also set a notification to be sent automatically to the owner of the listing, you can define here how many days in advanced to notify them. 

If you set this to 0 no email will be sent to the owner.</info>]]></phrase>
		<phrase var_name="item_phrase" added="1524827563">listing</phrase>
		<phrase var_name="listing_expired_and_not_available_main_section" added="1524827563">This listing has expired and is no longer available from the main marketplace section.</phrase>
		<phrase var_name="expired" added="1524827563">Expired</phrase>
		<phrase var_name="user_setting_can_view_expired" added="1524827563">If you have enabled listings to expire this setting can still display them for this specific user group. This is intended for site administrators.</phrase>
		<phrase var_name="listing_expiring_subject" added="1524827563"><![CDATA[Your listing "{title}" is soon to expire.]]></phrase>
		<phrase var_name="listing_expiring_message" added="1524827563"><![CDATA[Your listing <a href="{link}">"{title}"</a> at {site_name} will expire in {days} days.]]></phrase>
		<phrase var_name="save_as_draft" added="1524827563">Save As Draft</phrase>
		<phrase var_name="publish" added="1524827563">Publish</phrase>
		<phrase var_name="login_to_buy" added="1524827563">Login to Buy</phrase>
		<phrase var_name="created_a_listing" added="1524827563">created a listing.</phrase>
		<phrase var_name="setting_advmarketplace_meta_description" added="1524827563"><![CDATA[<title>Advanced MarketPlace Meta Description</title><info>Meta description added to pages related to the Advanced MarketPlace module.</info>]]></phrase>
		<phrase var_name="setting_advmarketplace_meta_keywords" added="1524827563"><![CDATA[<title>Advanced MarketPlace Meta Keywords</title><info>Meta keywords that will be displayed on sections related to the Advanced MarketPlace module.</info>]]></phrase>
		<phrase var_name="un_feature_selected" added="1524827563">Un-feature Selected</phrase>
		<phrase var_name="setting_google_api_key_location" added="1524827563"><![CDATA[<title>Google API Key</title><info>Please refer to this guide to get Google API Key: https://developers.google.com/places/web-service/get-api-key</info>]]></phrase>
		<phrase var_name="you_can_not_delete_this_category_because_there_are_many_items_related_to_it" added="1524827563">You can not delete this category because there are many items related to it</phrase>
		<phrase var_name="default_location" added="1524827563">Default Location</phrase>
		<phrase var_name="advancedmarketplace_block_featured_limit_info" added="1524827563">Featured Listings Limit</phrase>
		<phrase var_name="advancedmarketplace_block_featured_limit_description" added="1524827563"><![CDATA[Define the limit of how many featured listings can be displayed in this block.<br>0 means doesn't show this block.]]></phrase>
		<phrase var_name="advancedmarketplace_limit_must_greater_or_equal_0" added="1524827563"><![CDATA["{var_name}" must greater or equal 0.]]></phrase>
		<phrase var_name="advancedmarketplace_block_interested_limit_info" added="1524827563">Interested Listings Limit</phrase>
		<phrase var_name="advancedmarketplace_block_interested_limit_description" added="1524827563"><![CDATA[Define the limit of how many interested listings can be displayed in this block.<br>0 means doesn't show this block.]]></phrase>
		<phrase var_name="advancedmarketplace_block_invite_limit_info" added="1524827563">Users Invites Limit</phrase>
		<phrase var_name="advancedmarketplace_block_invite_limit_description" added="1524827563"><![CDATA[Define the limit of how many users can be displayed in this block.<br>0 means doesn't show this block.]]></phrase>
		<phrase var_name="advancedmarketplace_block_slideshow_limit_info" added="1524827563">Slideshow Listings Limit</phrase>
		<phrase var_name="advancedmarketplace_block_slideshow_limit_description" added="1524827563"><![CDATA[Define the limit of how many listings can be displayed in slideshow.<br>0 means doesn't show this block.]]></phrase>
		<phrase var_name="advancedmarketplace_block_morefromseller_limit_info" added="1524827563">More From Listings Limit</phrase>
		<phrase var_name="advancedmarketplace_block_morefromseller_limit_description" added="1524827563"><![CDATA[Define the limit of how many listings can be displayed in this block.<br>0 means doesn't show this block.]]></phrase>
		<phrase var_name="advancedmarketplace_block_mostreviewedlisting_limit_info" added="1524827563">Most Reviewed Listings Limit</phrase>
		<phrase var_name="advancedmarketplace_block_mostreviewedlisting_limit_description" added="1524827563"><![CDATA[Define the limit of how many listings can be displayed in Most Reviewed block.<br>0 means doesn't show this block.]]></phrase>
		<phrase var_name="advancedmarketplace_block_mostviewlisting_limit_info" added="1524827563">Most Viewed Listings Limit</phrase>
		<phrase var_name="advancedmarketplace_block_mostviewlisting_limit_description" added="1524827563"><![CDATA[Define the limit of how many listings can be displayed in Most Viewed block.<br>0 means doesn't show this block.]]></phrase>
		<phrase var_name="advancedmarketplace_block_recentlisting_limit_info" added="1524827563">Recent Listings Limit</phrase>
		<phrase var_name="advancedmarketplace_block_recentlisting_limit_description" added="1524827563"><![CDATA[Define the limit of how many listings can be displayed in Recent block.<br>0 means doesn't show this block.]]></phrase>
		<phrase var_name="advancedmarketplace_block_recentviewlisting_limit_info" added="1524827563">Recent Listings Limit</phrase>
		<phrase var_name="advancedmarketplace_block_recentviewlisting_limit_description" added="1524827563"><![CDATA[Define the limit of how many listings can be displayed in Recent block.<br>0 means doesn't show this block.]]></phrase>
		<phrase var_name="advancedmarketplace_block_todaylisting_limit_info" added="1524827563">Today Listings Limit</phrase>
		<phrase var_name="advancedmarketplace_block_todaylisting_limit_description" added="1524827563"><![CDATA[Define the limit of how many listings can be displayed in Today Listings block.<br>0 means doesn't show this block.]]></phrase>
		<phrase var_name="advancedmarketplace_block_sponsored_limit_info" added="1524827563">Sponsored Listings Limit</phrase>
		<phrase var_name="advancedmarketplace_block_sponsored_limit_description" added="1524827563"><![CDATA[Define the limit of how many listings can be displayed in Sponsored block.<br>0 means doesn't show this block.]]></phrase>
		<phrase var_name="get_directions" added="1524827563">Get Directions</phrase>
		<phrase var_name="rate_this_product" added="1524827563">Rate This Product</phrase>
		<phrase var_name="write_your_review" added="1524827563">Write your review</phrase>
		<phrase var_name="no_reviews_for_this_product_yet_be_the_first_to_review" added="1524827563">No reviews for this product yet. Be the first to review?</phrase>
		<phrase var_name="you_havent_reviewed_this_product_yet_do_it_now" added="1524827563"><![CDATA[You haven't reviewed this product yet. Do it now?]]></phrase>
		<phrase var_name="views" added="1524827563">views</phrase>
		<phrase var_name="one_view" added="1524827563">view</phrase>
		<phrase var_name="seller" added="1524827563">Seller</phrase>
		<phrase var_name="buy_now" added="1524827563">Buy Now</phrase>
		<phrase var_name="reviews" added="1524827563">REVIEWS</phrase>
		<phrase var_name="locations" added="1524827563">LOCATION</phrase>
		<phrase var_name="descriptions" added="1524827563">DESCRIPTION</phrase>
		<phrase var_name="enter_location" added="1524827563">Enter location</phrase>
		<phrase var_name="city_name" added="1524827563">City name</phrase>
		<phrase var_name="search_result" added="1524827563">Search Result</phrase>
		<phrase var_name="setting_advancedmarketplace_paging_mode" added="1524827563"><![CDATA[<title>Pagination Style</title><info>Select Pagination Style at Search Page.</info>]]></phrase>
		<phrase var_name="you_have_total_pending_listings" added="1524827563">You have {total} pending listings</phrase>
		<phrase var_name="controller_advancedmarketplace.all" added="1524827563">Adv. Marketplace All</phrase>
		<phrase var_name="controller_advancedmarketplace.detail" added="1524827563">Adv. Marketplace Detail</phrase>
		<phrase var_name="controller_advancedmarketplace.index" added="1524827563">Adv. Marketplace Home</phrase>
		<phrase var_name="controller_advancedmarketplace.mylisting" added="1524827563">Adv. Marketplace My</phrase>
		<phrase var_name="controller_advancedmarketplace.search" added="1524827563">Adv. Marketplace Search</phrase>
		<phrase var_name="controller_advancedmarketplace.view" added="1524827563">Adv. Marketplace View</phrase>
	</phrases>
	<user_group_settings>
		<setting is_admin_setting="0" module_id="advancedmarketplace" type="boolean" admin="1" user="1" guest="0" staff="1" module="advancedmarketplace" ordering="0">can_create_listing</setting>
		<setting is_admin_setting="0" module_id="advancedmarketplace" type="boolean" admin="1" user="1" guest="0" staff="1" module="advancedmarketplace" ordering="0">can_sell_items_on_advancedmarketplace</setting>
		<setting is_admin_setting="0" module_id="advancedmarketplace" type="boolean" admin="1" user="0" guest="0" staff="0" module="advancedmarketplace" ordering="0">can_approve_listings</setting>
		<setting is_admin_setting="0" module_id="advancedmarketplace" type="boolean" admin="1" user="1" guest="1" staff="1" module="advancedmarketplace" ordering="0">can_access_advancedmarketplace</setting>
		<setting is_admin_setting="0" module_id="advancedmarketplace" type="boolean" admin="1" user="0" guest="0" staff="0" module="advancedmarketplace" ordering="0">can_feature_listings</setting>
		<setting is_admin_setting="0" module_id="advancedmarketplace" type="boolean" admin="0" user="1" guest="0" staff="0" module="advancedmarketplace" ordering="0">listing_approve</setting>
		<setting is_admin_setting="0" module_id="advancedmarketplace" type="integer" admin="500" user="500" guest="500" staff="500" module="advancedmarketplace" ordering="0">max_upload_size_listing</setting>
		<setting is_admin_setting="0" module_id="advancedmarketplace" type="boolean" admin="1" user="0" guest="0" staff="0" module="advancedmarketplace" ordering="0">can_delete_other_listings</setting>
		<setting is_admin_setting="0" module_id="advancedmarketplace" type="boolean" admin="1" user="1" guest="0" staff="1" module="advancedmarketplace" ordering="0">can_post_comment_on_listing</setting>
		<setting is_admin_setting="0" module_id="advancedmarketplace" type="boolean" admin="1" user="0" guest="0" staff="0" module="advancedmarketplace" ordering="0">can_edit_other_listing</setting>
		<setting is_admin_setting="0" module_id="advancedmarketplace" type="boolean" admin="1" user="1" guest="0" staff="1" module="advancedmarketplace" ordering="0">can_delete_own_listing</setting>
		<setting is_admin_setting="0" module_id="advancedmarketplace" type="boolean" admin="1" user="1" guest="0" staff="1" module="advancedmarketplace" ordering="0">can_edit_own_listing</setting>
		<setting is_admin_setting="0" module_id="advancedmarketplace" type="boolean" admin="true" user="true" guest="false" staff="true" module="advancedmarketplace" ordering="0">can_post_a_review</setting>
		<setting is_admin_setting="0" module_id="advancedmarketplace" type="boolean" admin="true" user="true" guest="false" staff="true" module="advancedmarketplace" ordering="0">can_delete_own_review</setting>
		<setting is_admin_setting="0" module_id="advancedmarketplace" type="integer" admin="1" user="1" guest="0" staff="1" module="advancedmarketplace" ordering="0">flood_control_advancedmarketplace</setting>
		<setting is_admin_setting="0" module_id="advancedmarketplace" type="boolean" admin="true" user="true" guest="false" staff="true" module="advancedmarketplace" ordering="0">can_view_draft_listings</setting>
		<setting is_admin_setting="0" module_id="advancedmarketplace" type="integer" admin="6" user="6" guest="6" staff="6" module="advancedmarketplace" ordering="0">total_photo_upload_limit</setting>
		<setting is_admin_setting="0" module_id="advancedmarketplace" type="boolean" admin="1" user="0" guest="0" staff="0" module="advancedmarketplace" ordering="0">delete_other_reviews</setting>
		<setting is_admin_setting="0" module_id="advancedmarketplace" type="integer" admin="1" user="1" guest="0" staff="1" module="advancedmarketplace" ordering="0">points_advancedmarketplace</setting>
		<setting is_admin_setting="0" module_id="advancedmarketplace" type="boolean" admin="false" user="false" guest="false" staff="false" module="advancedmarketplace" ordering="0">can_purchase_sponsor</setting>
		<setting is_admin_setting="0" module_id="advancedmarketplace" type="boolean" admin="false" user="false" guest="false" staff="false" module="advancedmarketplace" ordering="0">can_sponsor_advancedmarketplace</setting>
		<setting is_admin_setting="0" module_id="advancedmarketplace" type="boolean" admin="true" user="false" guest="false" staff="false" module="advancedmarketplace" ordering="0">auto_publish_sponsored_listing</setting>
		<setting is_admin_setting="0" module_id="advancedmarketplace" type="string" admin="null" user="null" guest="null" staff="null" module="advancedmarketplace" ordering="0">advancedmarketplace_sponsor_price</setting>
		<setting is_admin_setting="0" module_id="advancedmarketplace" type="boolean" admin="true" user="false" guest="false" staff="false" module="advancedmarketplace" ordering="0">can_view_expired</setting>
	</user_group_settings>
</module>