{
    "admin_menu_manage_categories": "Manage Categories",
    "admin_menu_add_new_category": "Add New Category",
    "admin_menu_manage_campaign": "Statistics",
    "module_fundraising": "Fund Raising",
    "module_fundraising_name": "Fund Raising",
    "menu_fundraising_fundraising_fad58de7366495db4650cfefac2fcd61": "Fund Raising",
    "categories": "Categories",
    "provide_fundraising_category": "Provide a fundraising category.",
    "category_successfully_added": "Category successfully added.",
    "add_category": "Add New Category",
    "category_details": "Category Details",
    "category": "Category",
    "search_filter": "Search Filter",
    "search_for_text": "Search For Text",
    "search_for_user": "Search for User",
    "created_user": "Created By",
    "display": "Display",
    "sort": "Sort By",
    "tip_delete_category": "Deleting a category will delete all fundraisings that belong to that category.",
    "no_fundraising_categories_have_been_created": "No fundraising categories have been created.",
    "create_one_now": "Create one now",
    "name": "Name",
    "system": "System",
    "created": "Created By",
    "total_fundraisings": "Total Campaigns",
    "none": "None",
    "delete_selected": "Delete Selected",
    "categories_successfully_deleted": "Categories successfully deleted.",
    "most_used": "Most Used",
    "users": "Users",
    "fundraising": "Campaign",
    "Fundraising": "Fund Raising",
    "all_fundraisings": "All Campaigns",
    "my_fundraisings": "My Campaigns",
    "friends_fundraisings": "Friends&#039; Campaigns",
    "manager_categories": "Manager Categories",
    "user_setting_view_fundraisings": "Can browse and view the fundraising module? ",
    "full_name_s_fundraisings": "{full_name}&#039;s Campaigns",
    "fundraising_title": "Fund Raising",
    "fundraisings": "Fund Raising",
    "search_fundraising_dot": "Search Campaigns...",
    "latest": "Latest",
    "most_viewed": "Most Viewed",
    "most_liked": "Most Liked",
    "most_signed": "Most Signed",
    "most_discussed": "Most Discussed",
    "user_setting_can_approve_campaigns": "Can approve campaigns?",
    "posted_x_by_x_in_x": "Posted {date} by <a href=\"{link}\">{full_name}<\/a> in {categories}",
    "posted_x_by_x": "Posted {date} by <a href=\"{link}\">{full_name}<\/a>",
    "setting_fundraising_meta_keywords": "<title>Campaign Meta Keywords<\/title><info>Meta keywords that will be displayed on sections related to the Campaign module.<\/info>",
    "setting_fundraising_meta_description": "<title>Campaign Meta Description<\/title><info>Meta description added to pages related to the Campaign module.<\/info>",
    "search_fundraisings_dot": "Search Campaigns...",
    "setting_preview_length_in_index": "<title>How Long is the Preview<\/title><info>How much of the fundraising to show on the main fundraising section?\r\n\r\nValue is in characters, i.e.:\r\n15 would show something like:\r\n\"Lorem ipsum dol...\"\r\n\r\n0 = No limit<\/info>",
    "delete": "Delete",
    "approve": "Approve",
    "no_fundraisings_found": "No campaigns found.",
    "user_setting_edit_own_campaign": "Can edit their own campaign?",
    "user_setting_edit_user_campaign": "Can edit campaign added by other users?",
    "user_setting_delete_own_campaign": "Can delete their own draft campaign?",
    "user_setting_delete_user_campaign": "Can delete draft campaign added by other users?",
    "are_you_sure_you_want_to_delete_this_fundraising": "Are you sure you want to delete this fundraising?",
    "delete_fundraising": "Delete Campaign",
    "actions": "Actions",
    "moderate": "Moderate",
    "setting_fundraising_digg_integration": "<title>Digg Intergration<\/title><info>Add Digg integration.<\/info>",
    "victory_info": "[VICTORY]",
    "by_full_name": "by {full_name}",
    "unable_to_edit_this_fundraising": "Unable to edit this fundraising.",
    "user_setting_add_new_campaign": "Can add a new campaign?",
    "fill_title_for_fundraising": "Fill in a title for your fundraising",
    "add_description_to_fundraising": "Add description to your fundraising",
    "fundraising_successfully_saved": "Campaign successfully saved.",
    "your_fundraising_has_been_closed": "Your fundraising has been closed",
    "your_fundraising_has_been_added": "Your fundraising has been added",
    "user_setting_flood_control_fundraising": "How many minutes should a user wait before they can submit another fundraising?\r\n\r\nNote: Setting it to \"0\" (without quotes) is default and users will not have to wait.",
    "your_are_posting_a_little_too_soon": "You are posting a little too soon.",
    "fundraising_updated": "Campaign Updated",
    "editing_fundraising": "Editing Campaign",
    "adding_a_new_fundraising": "Start a Campaign",
    "view_fundraising": "View Campaign",
    "title": "Title",
    "description": "Description",
    "all": "All",
    "public": "Public",
    "personal": "Personal",
    "no_categories_added": "No categories added.",
    "add_a_new_category": "Add a new category...",
    "multiple_categories_with_commas": "Separate multiple categories with commas.",
    "user_setting_can_add_tags_on_campaigns": "Can add tags on campaigns?",
    "user_setting_can_set_allow_list_on_campaigns": "Can use Privacy setting when creating a campaign?\r\n\r\nNote: This setting will give the user the feature to add a list of users that can view their campaign.",
    "privacy": "Privacy",
    "control_who_can_see_this_fundraising": "Control who can see this fundraising.",
    "user_setting_can_control_comments_on_campaigns": "Can control if a user can add a comment on their campaign or simply disable comments?",
    "comment_privacy": "Comment Privacy",
    "control_who_can_comment_on_this_fundraising": "Control who can comment on this fundraising.",
    "fundraising_status": "Campaign Status",
    "closed": "Closed",
    "victory": "Victory",
    "update": "Update",
    "add": "Add",
    "preview": "Preview",
    "fundraising_preview": "Campaign Preview",
    "fundraising_not_found": "The fundraising you are looking for cannot be found.",
    "report_this_fundraising": "Report this fundraising",
    "fundraisings_title": "Campaigns",
    "by_user": "by {full_name}",
    "this_fundraising_is_pending_an_admins_approval": "Campaign is pending approval.",
    "the_fundraising_you_are_trying_to_approve_is_not_valid": "The fundraising you are trying to approve is not valid.",
    "fundraising_approved": "Campaign Approved",
    "your_fundraising_has_been_approved_on_site_title": "Your fundraising has been approved on {site_title}.",
    "your_fundraising_has_been_approved_on_site_title_message": "Your fundraising has been approved on {site_title}.\r\n\r\nTo view this fundraising, follow the link below:\r\n<a href=\"{link}\">{link}<\/a>",
    "fundraising_is_approved": "Campaign is approved",
    "fundraising_s_successfully_approved": "Campaign(s) successfully approved.",
    "fundraising_s_successfully_deleted": "Campaign(s) successfully deleted.",
    "fundraising_deleted": "Campaign Deleted",
    "you_have_reached_your_limit": "You have reached your limit.",
    "already_a_category": "This category already exists.",
    "added": "Added",
    "fundraising_has_been_approved": "Campaign has been approved.",
    "pending_fundraisings": "Pending Campaigns",
    "user_setting_points_fundraising": "Specify how many points the user will receive when adding a new fundraising.",
    "your_fundraising_has_been_marked_as_spam": "Your fundraising has been marked as spam. It will have to be approved by an Admin before it is displayed publicly.",
    "we_do_not_allow_links_in_titles": "We do not allow links in titles.",
    "user_setting_approve_campaigns": "Approve campaign before they are publicly displayed?",
    "create_a_fundraising": "Create a Campaign",
    "fill_target_for_fundraising": "Fill in a target for your fundraising",
    "target": "Target",
    "enter_the_name_of_an_individual_organization_who_you_want_to_fundraising": "enter the name of an individual, organization who you want to fundraising.",
    "target_emails": "Target Emails",
    "separate_multiple_emails_with_a_comma": "Separate multiple emails with a comma",
    "what_do_you_want_them_to_do": "what do you want them to do",
    "fundraising_goal": "Fundraising Goal",
    "what_do_you_actually_want_the_target_to_do": "what do you actually want the target to do",
    "fill_in_a_fundraising_goal_for_your_fundraising": "Fill in a fundraising goal for your fundraising",
    "short_description": "Short Description",
    "provide_a_brief_info_about_this_fundraising": "provide a brief info about this fundraising",
    "main_description": "Main Description",
    "why_is_this_important": "why is this important",
    "signature_goal": "Signature Goal",
    "user_setting_can_control_donate_on_campaigns": "Can control if a user can donate on their campaigns?",
    "sign_privacy": "Sign Privacy",
    "control_who_can_sign_on_this_fundraising": "Control who can sign on this fundraising.",
    "create_fundraising": "Create Campaign",
    "fundraising_end_date": "Campaign End Date",
    "send_personal_thank_you_note_to_each_signer_of_this_fundraising_signature_goal": "Send personal thank-you note to each signer of this fundraising Signature goal",
    "yes": "Yes",
    "no": "No",
    "help": "Help",
    "signature_goal_must_be_a_integer_number": "Signature Goal must be a integer number.",
    "posted_a_comment_on_gender_fundraising_a_href_link_title_a": "posted a comment on {gender} fundraising <a href=\"{link}\"> {title}<\/a>",
    "posted_a_comment_on_user_name_s_fundraising_a_href_link_title_a": "posted a comment on {user_name}'s fundraising \"<a href=\"{link}\">{title}<\/a>\"",
    "posted_a_fundraising": "posted a campaign.",
    "full_name_liked_your_fundraising_title": "{full_name} liked your fundraising \"{title}\"",
    "full_name_liked_your_fundraising_link_title": "{full_name} liked your fundraising \"<a href=\"{link}\">{title}<\/a>\"\r\nTo view this fundraising follow the link below:\r\n<a href=\"{link}\">{link}<\/a>",
    "users_liked_gender_own_fundraising_title": "{users} liked {gender} own fundraising \"{title}\"",
    "users_liked_your_fundraising_title": "{users} liked your fundraising \"{title}\"",
    "users_liked_span_class_drop_data_user_row_full_name_s_span_fundraising_title": "{users} liked <span class=\"drop_data_user\">{row_full_name}&#039;s<\/span> fundraising \"{title}\"",
    "owner_full_name_added_a_new_fundraising_a_href_title_link_title_a": "<a href=\"{user_link}\">{owner_full_name}<\/a> added a new fundraising \"<a href=\"{title_link}\">{title}<\/a>\".",
    "user_added_a_new_comment_on_their_own_fundraising": "<a href=\"{user_link}\">{user_name}<\/a> added a new comment on their own <a href=\"{title_link}\">fundraising<\/a>.",
    "user_added_a_new_comment_on_your_fundraising": "<a href=\"{user_link}\">{user_name}<\/a> added a new comment on your <a href=\"{title_link}\">fundraising<\/a>.",
    "user_name_added_a_new_comment_on_item_user_name_fundraising": "<a href=\"{user_link}\">{user_name}<\/a> added a new comment on <a href=\"{item_user_link}\">{item_user_name}'s<\/a> <a href=\"{title_link}\">fundraising<\/a>.",
    "user_setting_can_post_comment_on_campaign": "Can post comments on campaign?",
    "full_name_commented_on_your_fundraising_title": "{full_name} commented on your fundraising \"{title}\".",
    "full_name_commented_on_your_fundraising_message": "{full_name} commented on your fundraising \"<a href=\"{link}\">{title}<\/a>\".\r\nTo see the comment thread, follow the link below:\r\n<a href=\"{link}\">{link}<\/a>",
    "full_name_commented_on_gender_fundraising": "{full_name} commented on {gender} fundraising.",
    "full_name_commented_on_gender_fundraising_message": "{full_name} commented on {gender} fundraising \"<a href=\"{link}\">{title}<\/a>\".\r\nTo see the comment thread, follow the link below:\r\n<a href=\"{link}\">{link}<\/a>",
    "full_name_commented_on_fundraising_full_name_s_fundraising_message": "{full_name} commented on {fundraising_full_name}'s fundraising \"<a href=\"{link}\">{title}<\/a>\".\r\nTo see the comment thread, follow the link below:\r\n<a href=\"{link}\">{link}<\/a>",
    "a_href_link_on_name_s_fundraising_a": "<a href=\"{link}\">On {name}&#039;s fundraising<\/a>",
    "unable_to_post_a_comment_on_this_item_due_to_privacy_settings": "Unable to post a comment on this item due to privacy settings.",
    "no_fundraisings_have_been_added_yet": "No fundraisings have been added yet.",
    "be_the_first_to_create_a_fundraising": "Be the First to Create a Campaign.",
    "search_fundraisings": "Campaigns",
    "view_more_fundraisings": "View More Campaigns",
    "fundraising_created_on_time_stamp_by_full_name": "<a href=\"{link}\">Campaign<\/a> created on {time_stamp} by <a href=\"{user_link}\">{full_name}<\/a>.",
    "manage_fundraisings": "Manage Campaigns",
    "your_fundraising_fundraising_title_has_been_approved": "Your fundraising \"{fundraising_title}\" has been approved.",
    "users_commented_on_gender_fundraising_title": "{users} commented on {gender} fundraising \"{title}\"",
    "users_commented_on_your_fundraising_title": "{users} commented on your fundraising \"{title}\"",
    "users_commented_on_span_class_drop_data_user_row_full_name": "{users} commented on <span class=\"drop_data_user\">{row_full_name}'s<\/span> fundraising \"{title}\"",
    "full_name_wrote_a_comment_on_your_fundraising_fundraising_title": "<a href=\"{user_link}\">{full_name}<\/a> wrote a comment on your fundraising \"<a href=\"{fundraising_link}\">{fundraising_title}<\/a>\".",
    "fundraisings_text": "Campaigns Text",
    "a_href_user_link_full_name_a_likes_their_own_a_href_link_fundraising_a": "<a href=\"{user_link}\">{full_name}<\/a> likes {gender} own <a href=\"{link}\">fundraising<\/a>.",
    "a_href_user_link_full_name_a_likes_a_href_view_user_link_view_full_name_a_s_a_href_link_fundraising_a": "<a href=\"{user_link}\">{full_name}<\/a> likes <a href=\"{view_user_link}\">{view_full_name}<\/a>&#039;s <a href=\"{link}\">fundraising<\/a>.",
    "a_href_user_link_full_name_a_likes_your_a_href_link_fundraising_a": "<a href=\"{user_link}\">{full_name}<\/a> likes your <a href=\"{link}\">fundraising<\/a>.",
    "users_fundraising_count": "Users Campaign Count",
    "update_tags_fundraisings": "Update Tags (Campaigns)",
    "update_users_activity_fundraising_points": "Update Users Activity Campaign Points",
    "your_fundraising_title_has_been_approved": "Your fundraising \"{title}\" has been approved.",
    "full_name_commented_on_fundraising_full_name_s_fundraising": "{full_name} commented on {fundraising_full_name}'s fundraising.",
    "search": "Search",
    "keywords": "Keywords",
    "on_going": "On going",
    "deadline": "Deadline",
    "status": "Status",
    "featured": "Featured",
    "approved": "Approved",
    "direct_sign": "Direct Sign",
    "signature": "Signature",
    "manage": "Manage",
    "pending": "Pending",
    "category_order_successfully_updated": "Category order successfully updated.",
    "category_successfully_deleted": "Category successfully deleted.",
    "manage_categories": "Manage Categories",
    "are_you_sure_this_will_delete_all_fundraisings_that_belong_to_this_category_and_cannot_be_undone": "Are you sure? This will delete all fundraisings that belong to this category and cannot be undone.",
    "select_a_sub_category": "Select a Sub-Category",
    "select": "Select",
    "provide_a_category_name": "Provide a category name.",
    "fundraising_category_details": "Campaign Category Details",
    "parent_category": "Parent Category",
    "update_order": "Update Order",
    "menu_fundraising_create_a_fundraising_364d3644588809a610f1a66d5d3ec427": "Create a fundraising",
    "user_setting_can_feature_campaign": "Can feature a campaign?",
    "the_fundraising_you_are_trying_to_feature_is_not_valid": "The fundraising you are trying to feature is not valid.",
    "edit": "Edit",
    "fundraising_successfully_approved": "Campaign successfully approved.",
    "fundraising_successfully_deleted": "Campaign successfully deleted.",
    "un_feature_this_fundraising": "Un-Feature this fundraising.",
    "un_feature": "Un-Feature",
    "feature_this_fundraising": "Feature this fundraising.",
    "feature": "Feature",
    "fundraising_successfully_featured": "Campaign successfully featured.",
    "fundraising_successfully_un_featured": "Campaign successfully un-featured.",
    "created_date": "Created date",
    "unset_direct_sign": "Unset direct sign",
    "set_direct_sign": "Set direct sign",
    "view": "View",
    "view_this_fundraising": "View This Campaign",
    "main_info": "Main Info",
    "photos": "Photos",
    "fundraising_letter": "Campaign Letter",
    "user_setting_max_upload_size_fundraising": "Max file size for fundraising photos in kilobits (kb).\r\n(1000 kb = 1 mb)\r\nFor unlimited add \"0\" without quotes.",
    "select_image_s": "Select Image(s)",
    "you_can_upload_a_jpg_gif_or_png_file": "You can upload a JPG, GIF or PNG file.",
    "the_file_size_limit_is_filesize_if_your_upload_does_not_work_try_uploading_a_smaller_picture": "The file size limit is {filesize}. If your upload does not work, try uploading a smaller picture.",
    "upload_photo": "Upload Photo",
    "delete_this_image": "Delete this image.",
    "are_you_sure": "Are you sure?",
    "you_do_not_have_sufficient_permission_to_modify_this_fundraising": "You do not have sufficient permission to modify this fundraising.",
    "click_to_set_as_default_image": "Click to set as default image",
    "unable_to_find_the_image": "Unable to find the image",
    "most_popular": "Most Popular",
    "from": "From",
    "to": "To",
    "popular_fundraisings": "Popular Campaigns",
    "by": "by",
    "total_sign_signatures": "{total_sign} signature(s)",
    "total_view_views": "{total_view} view(s)",
    "total_like_likes": "{total_like} like(s)",
    "recent_fundraisings": "Recent Campaigns",
    "created_by": "Created by",
    "provide_a_valid_email_address": "Provide a valid email address.",
    "invite_friends": "Invite Friends",
    "successfully_added_photo_s_to_your_fundraising": "Successfully added photo(s) to your fundraising.",
    "invite_people_via_email": "Invite People via Email",
    "add_a_personal_message": "Add a personal message",
    "send_invitations": "Send Invitations",
    "new_guest_list": "New Guest List",
    "full_name_invited_you_to_the_title": "{full_name} invited you to \"{title}\".\r\n\r\nTo check out this fundraising, follow the link below:\r\n<a href=\"{link}\">{link}<\/a>",
    "full_name_added_the_following_personal_message": "{full_name} added the following personal message",
    "full_name_invited_you_to_the_fundraising_title": "{full_name} invited you to the fundraising \"{title}\".",
    "invite_to_a_fundraising": "Invite to a Campaign",
    "users_invited_you_to_the_fundraising_title": "{users} invited you to the fundraising \"{title}\"",
    "full_name_invited_you_to_an_fundraising": "<a href=\"{user_link}\">{full_name}<\/a> invited you to an fundraising.",
    "who_can_view_browse_fundraisings": "Who can view\/browse fundraisings?",
    "who_can_share_fundraisings": "Who can post a fundraisings?",
    "unable_to_view_this_item_due_to_privacy_settings": "Unable to view this item due to privacy settings.",
    "want_to_support_this_fundraising": "Want to support this fundraising ?",
    "start_date": "Start date",
    "end_date": "End date",
    "in": "In",
    "setting_target_letter_template": "<title>Campaign Target Letter Template<\/title><info>\r\nYou can add some special keyvars:<br\/>\r\n<strong>[title]<\/strong>: Campaign title<br\/>\r\n<strong>[fundraising_url]<\/strong>: Campaign URL<br\/>\r\n<strong>[full_name]<\/strong>: Full name of fundraising owner<br\/>\r\n<strong>[fundraising_goal]<\/strong>: Campaign goal<br\/>\r\n<strong>[short_description]<\/strong>: Campaign main description<br\/>\r\n<strong>[description]<\/strong>: Campaign short description<br\/>\r\n<strong>[start_time]<\/strong>: Campaign start date<br\/>\r\n<strong>[end_time]<\/strong>: Campaign end date<br\/>\r\n<strong>[total_sign]<\/strong>: Total signed<br\/>\r\n<strong>[signature_goal]<\/strong>: Signature goal<br\/>\r\n<strong>[target]<\/strong>: Target name<br\/>\r\n<\/info>",
    "setting_friend_letter_template": "<title>Campaign Friend Letter Template<\/title><info>\r\n\t\tYou can add some special keyvars:<br\/>\r\n\t\t<strong>[title]<\/strong>: Campaign title<br\/>\r\n\t\t<strong>[fundraising_url]<\/strong>: Campaign URL<br\/>\r\n\t\t<strong>[full_name]<\/strong>: Full name of fundraising owner<br\/>\r\n\t\t<strong>[fundraising_goal]<\/strong>: Campaign goal<br\/>\r\n\t\t<strong>[short_description]<\/strong>: Campaign main description<br\/>\r\n\t\t<strong>[description]<\/strong>: Campaign short description<br\/>\r\n\t\t<strong>[start_time]<\/strong>: Campaign start date<br\/>\r\n\t\t<strong>[end_time]<\/strong>: Campaign end date<br\/>\r\n\t\t<strong>[total_sign]<\/strong>: Total signed<br\/>\r\n\t\t<strong>[signature_goal]<\/strong>: Signature goal<br\/>\r\n\t\t<strong>[target]<\/strong>: Target name<br\/>\r\n\t\t<\/info>",
    "subject": "Subject",
    "message": "Message",
    "send_fundraising_letter_online": "Send fundraising letter online?",
    "signatures": "Signatures",
    "news": "News",
    "your_location": "Your location",
    "add_a_reason": "Add a reason",
    "why_are_you_signing": "Why are you signing",
    "sign_this_fundraising": "Sign this fundraising",
    "sign_fundraising": "Sign Campaign",
    "sign_now": "Sign Now",
    "thank_you_for_signing_the_fundraising": "Thank you for signing the fundraising",
    "ok": "Ok",
    "fill_in_a_location": "Fill in a location.",
    "fill_in_a_signature": "Fill in a signature.",
    "successfully_invited_users": "Successfully invited users.",
    "you_are_not_allowed_to_sign_this_fundraising": "You are not allowed to sign this fundraising.",
    "post_a_news_update": "Post a news update",
    "news_headline": "News headline",
    "link": "Link",
    "content": "Content",
    "post": "Post",
    "cancel": "Cancel",
    "news_successfully_deleted": "News successfully deleted.",
    "news_successfully_added": "News successfully added.",
    "news_successfully_updated": "News successfully updated.",
    "fundraisings_stats": "Campaigns stats",
    "stats": "Stats",
    "admin_menu_manage_helps": "Manage Helps",
    "helps": "Helps",
    "icon": "Icon",
    "there_are_no_news_update": "There are no news update.",
    "manage_helps": "Manage Helps",
    "order": "Order",
    "add_help": "Add Help",
    "no_helps_have_been_added_yet": "No helps have been added yet.",
    "fill_in_a_title_for_help": "Fill in a title for help",
    "fill_in_a_content_for_your_help": "Fill in a content for your help",
    "fundraising_help_has_been_updated": "Campaign help has been updated.",
    "fundraising_help_successfully_deleted": "Campaign help successfully deleted.",
    "featured_fundraisings": "Featured Campaigns",
    "fundraising_letter_successfully_updated": "Campaign letter successfully updated.",
    "send_fundraising_to_target": "Send Campaign to Target",
    "members": "Members",
    "why_they_are_signing": "Why they are signing",
    "on": "on",
    "at": "at",
    "out_of": "out of",
    "more_at": "More at",
    "no_helps_found": "No helps found.",
    "please_add_a_reason": "Please add a reason.",
    "signed": "Signed",
    "invited": "Invited",
    "you_have_already_signed_this_fundraising": "You have already \"signed\" this fundraising.",
    "are_you_sure_you_want_to_sent_fundraising_letter_to_target": "Are you sure you want to sent fundraising letter to target?",
    "fundraising_letter_was_successfully_sent_to_target": "Campaign letter was successfully sent to target.",
    "an_error_occurred_and_fundraising_letter_could_not_be_sent_to_target_please_try_again": "An error occurred and fundraising letter could not be sent to target. Please try again.",
    "just_signed_this_fundraising_and_i_want_to_send_the_letter_again": "just signed this fundraising and I want to send the letter again.",
    "you_can_add_some_special_keyvars": "You can add some special keyvars",
    "special_keyvars": "[title],[full_name], [fundraising_goal], [short_description], [description], [start_time], [end_time], [total_sign], [signature_goal], [target]",
    "full_name_s_fundraisings_on_site_title": "{full_name}&#039;s fundraisings on {site_title}.",
    "unable_to_find_the_fundraising_you_are_trying_to_edit": "Unable to find the fundraising you are trying to edit.",
    "an_error_occurred_and_fundraising_letter_could_not_be_sent_to_target_fundraising_letter_may_be_blank": "An error occurred and fundraising letter could not be sent to target. Campaign letter may be blank.",
    "please_edit_fundraising_end_date_before_update_fundraising_status": "End Date must be equal or later than current date.",
    "set_direct_sign_successfully": "Set direct sign successfully.",
    "unset_direct_sign_successfully": "Unset direct sign successfully.",
    "deadline_has_been_reached": "Deadline has been reached",
    "the_fundraising_help_you_are_looking_for_cannot_be_found": "The fundraising help you are looking for cannot be found.",
    "setting_help_icon_file_size_limit": "<title>File size of uploaded Help Icon<\/title><info>When users upload an help icon this will be the maximum file size for that picture.<\/info>",
    "required_fields": "Required Fields",
    "submit": "Submit",
    "reset": "Reset",
    "save": "Save",
    "please_provide_a_valid_url": "Please provide a valid URL. Begin with http:\/\/ or https:\/\/",
    "example_http_www_yourwebsite_com": "Example: http:\/\/www.yourwebsite.com\/",
    "clear": "Clear",
    "select_all": "Select All",
    "un_select_all": "Un-Select All",
    "view_more": "View More",
    "views": "Views",
    "likes": "Likes",
    "any": "Any",
    "search_by_date": "Search by end date",
    "an_error_occurred_and_invited_message_could_not_be_sent": "An error occurred and invited message could not be sent.",
    "you_have_reached_your_upload_limit": "You have reached your upload limit.",
    "maximum_photos_imaximum": "Remain photos: {iMaximum}",
    "user_setting_total_photo_upload_limit": "Control how many photos a user can upload to a campaign.\r\n\r\nSlideshow when viewing a campaign only shows 1 video and 7 first images in campaign&#039;s image list, so we recommend to set 7 here.",
    "unable_to_find_the_fundraising_you_are_trying_to_delete": "\r\nUnable to find the fundraising you are trying to delete.\r\n",
    "view_all": "View All",
    "fundraising_end_date_is_just_available_from_current_date_to_the_final_date_of_next_year": "Campaign End Date is just available from current date to the final date of next year.",
    "invalid_files": "Invalid file(s):",
    "setting_default_signature_goal": "<title>Default Campaign Goal<\/title><info>Default Campaign Goal<\/info>",
    "notice": "Notice",
    "topic_s": "Topics",
    "page": "Page",
    "click_on_image_to_set_it_as_default": "Click on image to set it as default.",
    "loading": "Loading...",
    "close": "Close",
    "are_you_sure_you_want_to_delete_this_news": "Are you sure you want to delete this news?",
    "full_name_tagged_you_in_a_comment_in_a_fundraising": "{full_name} tagged you in a comment in a fundraising",
    "top_donors": "Top Donors",
    "top_supporters": "Top Supporters",
    "highlight_campaign": "Highlight Campaign",
    "most_donated": "Most Donated",
    "menu_fundraising_create_a_campaign_3ddafd9c55c07bd8c89faba35156701f": "Create A Campaign",
    "predefined_add": "Add more predefined",
    "predefined_delete": "Delete this predefined",
    "minimum_donation": "Minimum donation amount (optional)",
    "allow_anonymous": "Allow anonymous donation? if donor select anonymous donation then his name and photo are hidden from public",
    "country": "Country",
    "add_city_zip": "Add city\/zip\/country",
    "location_venue": "Location\/Venue",
    "address": "Address",
    "city": "City",
    "zip_postal_code": "Zip\/Postal Code",
    "donate_privacy": "Donate privacy",
    "control_who_can_donate_on_this_fundraising": "Control who can donate on this campaign",
    "campaign_name": "Campaign Name",
    "expired_date": "Expired date",
    "you_can_set_expired_date": "You can set expired date for your campaign , otherwise checking the unlimited box to make this campaign never expired",
    "list_predefine": "List predefined",
    "enter_up_to_preselect": "(enter up to preselected 5 donation amounts to available on the page)",
    "refresh_map": "Refresh map",
    "you_must_have_a_minimum_of_total_predefined": "You must have a minimum of {total} predefined.",
    "you_reach_the_maximum_of_total_predefined": "You have reached a maximum of {total} predefined.",
    "setting_default_min_fundraising": "<title>Default Minimum Donation Amount<\/title><info>Set the Default of minimum donation amount<\/info>",
    "gallery": "Gallery",
    "sponsor_levels": "Sponsor Levels",
    "contact_information": "Contact Information",
    "email_and_conditions": "Email And Conditions",
    "financial_configuration": "Financial Configuration",
    "campaign_owner": "Campaign Owner",
    "add_this": "Add This",
    "supporters": "Supporters",
    "campaign_goal": "Goal of Campaign",
    "choose_sponsor_levels": "Choose Sponsor Levels",
    "thankyou_donors": "Thank You, Donors",
    "total_donor": "{total_donor} Donor(s)",
    "total_like_liked": "{total_like} liked",
    "total_view_viewed": "{total_view} viewed",
    "donate": "Donate",
    "donated": "Donated",
    "month_left": "{month} Months",
    "days_left": "{days} Days left",
    "funded": "FUNDED",
    "raised": "RAISED",
    "goal": "GOAL",
    "donations": "Donations",
    "about_me": "About me",
    "follow_tooltip": "Click on this link to follow this campaign",
    "fundraising_statistic": "Fundraising Statistics",
    "why_they_are_donated": "Why they are donated",
    "there_are_no_fundraising_donation": "There are no fundraising donations",
    "add_video": "Add Video",
    "video_gallery": "Video Gallery",
    "please_enter_a_youtube_video_url": "Please enter a YouTube video URL",
    "unable_to_embed_this_video_due_to_privacy_settings": "Unable to embed this video due to privacy settings",
    "not_a_valid_site_valid_sites_asites": "Not a valid site. Valid sites: {aSites}",
    "full_name": "Full name",
    "email": "Email address",
    "state": "State",
    "street": "Street",
    "phone": "Phone number",
    "donation_detail": "{donor} just donated {amount}{currency}",
    "support_detail": "{support} became a supporter",
    "hide_add_city_zip": "Hide city\/zip\/country",
    "your_paypal_account": "Your Paypal Email Account",
    "fill_in_your_paypal_account_for_your_fundraising": "Fill in your paypal account for your campaign",
    "select_an_amount": "Select An Amount",
    "campaigns_that_i_donated": "Campaigns that I donated",
    "reached_campaigns": "Reached Campaigns",
    "expired_campaigns": "Expired Campaigns",
    "closed_campaigns": "Closed Campaigns",
    "featured_campaigns": "Featured Campaigns",
    "reached": "Reached",
    "expired": "Expired",
    "personal_information": "Personal Information",
    "add_level": "Add another level",
    "user_setting_can_highlight_campaign": "Can highlight a campaign?",
    "un_highlight_this_campaign": "Un-Highlight this campaign",
    "un_highlight": "Un-Highlight",
    "highlight_this_campaign": "Highlight this campaign",
    "highlight": "Highlight",
    "campaign_is_successfully_highlighted": "Campaign is successfully highlighted.",
    "campaign_is_successfully_un_highlighted": "Campaign is successfully un-highlighted",
    "no_user_found": "No User Found.",
    "search_donors_dot": "Search Donors...",
    "search_supporters_dot": "Search Supporters...",
    "promote_campaign": "Promote Campaign",
    "follow": "Follow",
    "you_have_already_voted": "You have already voted.",
    "you_cannot_rate_your_own_campaign": "you cannot rate your own campaign.",
    "total_rating_ratings": "{total_rating} Ratings",
    "poor": "Poor",
    "nothing_special": "Nothing Special",
    "worth_donating": "Worth Donating",
    "pretty_cool": "Pretty Cool",
    "awesome": "Awesome",
    "rate": "rate",
    "rates": "rates",
    "you_must_login_to_rate": "You must log in to rate.",
    "you_need_to_donate_to_this_campaign_before_rating": "You need to donate to this campaign before rating",
    "you_can_not_rate_this": "You cannot rate this.",
    "un_follow": "Un-Follow",
    "follow_this_campaign": "Follow this campaign.",
    "un_follow_this_campaign": "Un-Follow this campaign.",
    "campaign_is_successfully_followed": "Campaign is successfully followed.",
    "campaign_is_successfully_un_followed": "Campaign is successfully un-followed.",
    "close_this_campaign": "Close this campaign.",
    "user_setting_can_close_campaign": "Can close campaign?",
    "reason": "Reason",
    "send_reason_notice": "This reason will be sent to the owner to notify why the campaign was closed.",
    "are_you_sure_info": "Are you sure? Once a campaign is close, it can not be opened again.",
    "please_enter_the_reason": "Please enter the reason",
    "campaign_is_successfully_closed": "Campaign is successfully closed.",
    "save_draft": "Save draft",
    "publish": "Publish",
    "thanks_donor": "Thanks Donor",
    "term_condition": "Terms and Conditions",
    "donors_lower": "donors",
    "likes_lower": "likes",
    "views_lower": "views",
    "m": "m",
    "w": "w",
    "left": "left",
    "d": "d",
    "h": "h",
    "make_donation_anonymous": "Make Donation Anonymous",
    "leave_your_message": "Leave your message",
    "leave_message_extra_info": "Let them know why you donated, honor a loved one, or send words of encouragement. Your comment will appear on their campaign activity.",
    "campaign_s_terms_and_conditions": "Campaign&#039;s terms and conditions",
    "i_have_read_and_agreed_with_all_terms_and_conditions": "I have read and agreed with all terms and conditions",
    "total_amount_raised_of_financial_goal_goal": "{total_amount} Raised of {financial_goal} Goal",
    "raised_upper": "Raised",
    "of": "of",
    "goal_upper": "Goal",
    "statistics": "Statistics",
    "statistic_campaigns": "Campaigns",
    "campaign_upper": "Campaign",
    "donated_in_total_donate_campaigns": "Donated in {total_donate} campaign(s).",
    "shares_lower": "share(s)",
    "share_lower": "share",
    "share_s_lower": "shares",
    "currency": "Currency",
    "level_name": "Level name",
    "amount": "Amount",
    "save_as_draft": "Save as draft",
    "sponsor_level_successfully_updated": "dsadasd",
    "contact_information_successfully_updated": "Contact information successfully update",
    "email_conditions_successfully_updated": "Email & Conditions Successfully Updated",
    "please_edit_fundraising_end_date_before_update_status": "Please edit fundraising end date before update status",
    "donate_box_code": "Donate Box Code",
    "option_to_show": "Options to show",
    "donate_button": "Donate Button",
    "donors_upper": "Donors",
    "admin_menu_manage_help": "Manage Email Templates",
    "create_a_new_category": "Create a new category",
    "campaign_category_detail": "Campaign Category Detail",
    "select_form_select": "Select",
    "you_must_fill_all_required_field": "You must fill all required field",
    "fill_in_campaign_location": "You must fill in a campaign location",
    "set_0_for_unlimit_goal": "You can set campaign goal to 0 for unlimited goal",
    "edit_a_category": "Edit a category",
    "setting_keep_campaign_after_category_delete": "<title>Keep campaign after category is deleted<\/title><info>Specific whether you want to keep campaign when a category is deleted.<\/info>",
    "parent_category_and_child_is_the_same": "Parent category and child category are the same. Please choose another parent category.",
    "successfully_added_video_to_your_campaign": "Successfully added video to your campaign.",
    "provide_a_category_this_campaign_will_belong_to": "Provide a category this campaign will belong to.",
    "thank_you_for_helping_out": "Thank you for helping out",
    "your_donation": "Your Donation",
    "draft": "Draft",
    "anonymous_donate": "An Anonymous donor just gave {amount}",
    "user_donate": "{name} donated {amount}",
    "admin_menu_manage_campaigns": "Manage Campaigns",
    "campaign_is_published": "Campaign is published.",
    "donated_upper": "Donated",
    "other_upper": "Other",
    "this_field_is_required": "This field is required.",
    "please_enter_a_valid_number": "Please enter a valid number.",
    "please_enter_a_valid_email": "Please enter a valid email.",
    "please_enter_a_valid_url": "Please enter a valid URL.",
    "email_templates": "Email templates",
    "email_templates_types": "Email templates types",
    "save_now": "Save now",
    "create_campaign_successfull_owner": "Create Campaign Successful ( Send to Owner )",
    "thank_donor": "Thank Donor ( Send to Donor )",
    "update_donor_owner": "Update Donor ( Send to Owner )",
    "campaign_expired_owner": "Campaign Expired ( Send to Owner )",
    "campaign_expired": "Campaign Expired ( Send to Donor)",
    "campaign_closed_due_to_reach_owner": "Campaign closed due to reaching fundraising goal ( Send to Owner )",
    "campaign_closed_due_to_reach": "Campaign closed due to reaching fundraising goal ( Send to Donor )",
    "campaign_closed_owner": "Campaign closed ( Send to Owner )",
    "select_a_email_template_type": "Select a email template type",
    "manage_campaigns": "Manage Campaigns",
    "view_statistics": "View Statistics",
    "no_campaigns_found": "No campaigns found.",
    "invalid_permission_or_closed_campaign": "This campaign is closed or you do not have permission to edit this campaign. Please contact administrators for more detail.",
    "unlimited_upper": "Unlimited",
    "can_not_edit_currency_ongoing_campaign": "You can not edit currency of an ongoing campaign.",
    "from_date": "From date",
    "to_date": "To date",
    "keyword": "Keyword",
    "date": "Date",
    "donor": "Donor",
    "email_address": "Email address",
    "option": "Option",
    "view_funds": "View Funds",
    "view_details": "View Details",
    "campaign": "Campaign",
    "owner": "Owner",
    "statistic": "Statistics",
    "filter": "Filter",
    "there_are_no_transaction": "There are no transaction match",
    "transaction_id": "Transaction ID",
    "invite_friend_letter_template": "Invite Friend Letter Template",
    "add_a_subject": "Add a subject",
    "keyword_substitutions": "Keyword Subtitutions",
    "users_changed_some_information_in_title_campaign": "{users} changed some information in \"{title}\" campaign.",
    "full_name_changed_some_information_in_title_campaign": "{full_name} updated {item_type} in campaign \"{title}\":\r\n\r\n{link}",
    "send_mail_to_all_donors": "Email To All Donors",
    "please_enter_both_subject_and_message": "Please enter both subject and message.",
    "send_upper": "Send",
    "message_is_successfully_sent": "Message is successfully sent.",
    "set_to_unlimit_time": "Set this to unlimited time",
    "campaign_s": "campaign(s)",
    "setting_statistic_time_stamp": "<title>Statistic Time Stamp<\/title><info>This is the variable show up the time stamp in statistic view<\/info>",
    "anonymous_upper": "Anonymous",
    "donated_to_campaign_title_link": "donated to campaign: \"<a href=\"{link}\">{title}<\/a>\".",
    "donors_with_upper": "DONOR(S) WITH",
    "supporters_with_upper": "SUPPORTER(S) WITH",
    "view_donors_and_supporters": "View Donors & Supporters",
    "insert_your_addthis_username": "Insert your Addthis account username",
    "username": "Username",
    "insert_your_addthis_pasword": "Insert your Addthis account password",
    "password": "Password",
    "insert_your_addthis_pubid": "Insert your Addthis account pubid",
    "addthis_pubid": "Profile ID",
    "insert_your_domain": "Insert your domain",
    "domain": "Domain",
    "period": "Period",
    "day": "Day",
    "week": "Week",
    "month": "Month",
    "setting_addthis_username": "<title>insert addthis username<\/title><info>Insert your Addthis account username<\/info>",
    "setting_addthis_password": "<title>Insert Addthis password<\/title><info>Insert your addthis account password<\/info>",
    "setting_addthis_pubid": "<title>addthis profile ID<\/title><info>Insert your Addthis pubid<\/info>",
    "setting_addthis_domain": "<title>domain for addthis<\/title><info>Insert your domain for Addthis<\/info>",
    "setting_addthis_period": "<title>chose your period<\/title><info>Chose your period for addthis<\/info>",
    "setting_numer_of_donors_on_top_donors_block": "<title>Number of Donors on Top Donors Block<\/title><info>Number of Donors on Top Donors Block<\/info>",
    "minimum_amount_upper": "Minimum Amount",
    "please_enter_an_amount_greater_or_equal": "Please enter an amount greater or equal",
    "confirm_publish_campaign": "Are you sure you want to publish this campaign? Once the campaign is published, its currency cannot be edited and you cannot delete it.",
    "transaction_detail": "Transaction Detail",
    "order_detail": "Order detail",
    "member": "Member",
    "donate_date": "Donate date",
    "payment_detail": "Payment detail",
    "donation_amount": "Donation amount",
    "gateway_transaction_id": "Gateway transaction ID",
    "back": "Back",
    "keywordsub_title": "Campaign Title",
    "keywordsub_campaign_url": "Campaign URL",
    "keywordsub_financial_goal": "Campaign Goal",
    "keywordsub_description": "Campaign Description",
    "keywordsub_start_time": "Start Time",
    "keywordsub_end_time": "End Time",
    "keywordsub_total_amount": "Current amount",
    "keywordsub_owner_name": "Campaign Owner Name",
    "keywordsub_donor_name": "Donor Name",
    "keywordsub_inviter_name": "Name of Inviter",
    "keywordsub_site_name": "Name of This Site",
    "keywordsub_short_description": "Campaign Short Description",
    "save_video_photo": "Save Video and Photos",
    "campaign_goal_financial_goal": "Goal of Campaign (Financial Goal)",
    "raised_amount_entry_block": "Raised {total_amount}",
    "unlimited_time_upper": "Unlimited Time",
    "about_us": "About Us",
    "be_the_first_donor_of_this_campaign": "Be the first donor of this campaign",
    "sponsor_form_notice": "Adding sponsor levels within donors&#039; benefits will encourage everyone to donate your fundraising.",
    "sponsor_level_successfully_updated_2": "Sponsor level successfully updated.",
    "photos_and_video_successfully_updated": "Photos and video successfully updated.",
    "my_donated_campaigns": "My Donated Campaigns",
    "you_can_enter_maximum_number_characters": "You can enter maximum {number} characters.",
    "maximum_number_of_characters_for_this_field_is_semicolon": "Maximum number of characters for this field is",
    "some_infomation": "some information",
    "full_name_updated_item_type_in_campaign_title_link": "{full_name} updated {item_type} in campaign \"{title}\".\r\n\r\n{link}",
    "news_lower": "news",
    "video_lower": "video",
    "images_lower": "images",
    "campaign_title_has_been_close_link": "Campaign \"{title}\" has been closed.\r\n{link}",
    "campaign_title_has_reached_its_goal": "Campaign {title} has reached its goal.\r\n{link}",
    "campaign_title_has_expired": "Campaign \"{title}\" has expired.\r\n{link}",
    "full_name_donated_to_campaign_title_link": "{full_name} donated to campaign \"{title}\".\r\n{link}",
    "can_not_rate_this_campaign": "Can not rate this campaign.",
    "user_setting_can_close_own_campaign": "Can close their own campaign?",
    "user_setting_can_close_campaign_added_by_other_users": "Can close campaign added by other users?",
    "user_setting_can_upload_video": "Can upload video?",
    "do_not_have_permission": "You do not have permission to do this action.",
    "anonymous_tooltip": "This will hide your name and donating information from all public activity feeds, however the campaign still receive your donating information.",
    "setting_short_date_time_format": "<title>Short Date Time Format<\/title><info>Only used for format date time in adminCP<\/info>",
    "must_greater_than_minimum": "This field must be greater than minimum value",
    "please_fill_your_address_here": "Please fill your address here (You should fill the address correctly or the location when viewing a campaign may be displayed incorrectly).",
    "location_upper": "Location",
    "remove_upper": "Remove",
    "click_to_donate": "(Click to donate)",
    "initialized_upper": "Initialized",
    "successed_upper": "Successed",
    "pending_upper": "Pending",
    "denied_upper": "Denied",
    "who_can_share_campaigns": "Who can share campaigns?",
    "who_can_view_browse_campaigns": "Who can view\/browse campaigns?",
    "you_will_receive_updated_information": "You will receive updated information from this campaign.",
    "shares_upper": "Shares",
    "clicks_upper": "Clicks",
    "viral_lift": "Viral Lift",
    "started_date": "Started Date",
    "share_this_page_now": "Share this page now",
    "total_shares_for_this_time_period": "Total shares for this time period",
    "total_traffic_back_from_shares_for_this_time_period": "Total traffic back from shares for this time period",
    "percentage_increase_in_traffic_due_to_shares_and_clicks": "Percentage increase in traffic due to shares and clicks",
    "save_gallery": "Save Gallery",
    "next": "Next",
    "total_upper": "Total",
    "result_s": "Result(s)",
    "menu_fundraising_fund_raising_532c28d5412dd75bf975fb951c740a30": "Fund Raising",
    "menu_add_new_fundraising": "Create a Campaign",
    "s_u_active": "Active",
    "user_setting_can_active_campaign": "Can active a campaign?",
    "s_inactive": "Inactive",
    "s_active": "Active",
    "setactive_title": "Your fundraising has been set ACTIVE on {site_title}.",
    "setactive_message": "Your fundraising has been set ACTIVE on {site_title}.\r\n\r\nTo view this fundraising, follow the link below:\r\n<a href=\"{link}\">{link}<\/a>",
    "fundraising_is_set_active": "Campaign is set active",
    "setinactive_title": "Your fundraising has been set INACTIVE on {site_title}.",
    "setinactive_message": "Your fundraising has been set INACTIVE on {site_title}.\r\n\r\nTo view this fundraising, follow the link below:\r\n<a href=\"{link}\">{link}<\/a>",
    "fundraising_is_set_inactive": "Campaign is set inactive",
    "your_fundraising_title_has_been_setactive": "Your fundraising \"{title}\" has been set active.",
    "your_fundraising_title_has_been_setinactive": "Your fundraising \"{title}\" has been set inactive.",
    "s_f_u_active": "Active",
    "campaign_is_successfully_active": "Campaign is successfully activated.",
    "campaign_is_successfully_inactive": "Campaign is successfully inactivated.",
    "active_before_approve": "The fundraising should activate before approving.",
    "cannot_publish_because_inactive": "The fundraising cannot be published because it is inactive.",
    "cannot_view_because_inactive": "You cannot view this fundraising because it is inactive.",
    "confirm_delete_category_of_fundraising": "Are you sure you want to delete this category? All campaigns belong to this category will be moved to default category \"None\" and you have to update category for each campaign later",
    "manage_donate_payment_des": "If Paypal gateway is active, then user is able to donate to the campaign and campaign owner will receive the donation. If paypal gateway is inactive, the user is not able to donate to the campaign",
    "active": "Active",
    "edit_gateway_setting": "Edit Gateway Setting",
    "test_mode": "Test Mode",
    "disable_test_mode": "Disable Test Mode",
    "enable_test_mode": "Enable Test Mode",
    "payment_gateways": "Payment Gateways",
    "editing": "Editing",
    "gateway_details": "Gateway Details",
    "gateway_successfully_updated": "Gateway successfully updated.",
    "provide_a_name": "Provide a name",
    "provide_a_description": "Provide a description",
    "select_if_the_gateway_is_in_test_mode": "Select if the gateway is in test mode",
    "select_if_the_gateway_is_active_or_not": "Select if the gateway is active or not",
    "admin_menu_manage_payment_gateway": "Manage Donation Payment",
    "user_setting_can_add_donation_on_own_page": "Can add donation on own page?",
    "user_setting_can_donate": "Can donate?",
    "setting_addthis_pub_id": "<title>Insert your Addthis Profile ID<\/title><info>Insert your Addthis Profile ID<\/info>",
    "add_terms_and_conditions_to_your_campaign": "Add Terms and Conditions to your campaign",
    "category_language_name_must_be_less_than_limit":"Category name in \"{language_name}\" must be less than {limit} characters length",
    "fundraising_admin_menu_user_group_settings": "User Group Settings",
    "donated_to_campaign_title": "donated to campaign: {title}.",
    "setting_fundraising_paging_mode": "<title>Pagination Style<\/title><info>Select Pagination Style at Search Page.<\/info>",
    "video_url": "Video Url",
    "controller_fundraising.index": "Fundraising Home Page",
    "controller_fundraising.profile": "Fundraising Profile Page",
    "controller_fundraising.view": "Fundraising Detail",
    "view_this_campaign": "View This Campaign"
}