{
    "admin_menu_manage_categories": "Manage Categories",
    "admin_menu_add_new_category": "Add New Category",
    "admin_menu_petition": "Manage Petitions",
    "module_petition": "Petition",
    "menu_petition_petition_fad58de7366495db4650cfefac2fcd61": "Petitions",
    "categories": "Categories",
    "provide_petition_category": "Provide a petition category.",
    "category_successfully_added": "Category successfully added.",
    "add_category": "Add New Category",
    "category_details": "Category Details",
    "category": "Category",
    "search_filter": "Search Filter",
    "search_for_text": "Search For Text",
    "search_for_user": "Search for User",
    "created_user": "Created By",
    "display": "Display",
    "sort": "Sort By",
    "tip_delete_category": "Deleting a category will delete all petitions that belong to that category.",
    "no_petition_categories_have_been_created": "No petition categories have been created.",
    "create_one_now": "Create one now",
    "name": "Name",
    "system": "System",
    "created": "Created By",
    "total_petitions": "Total Petitions",
    "none": "None",
    "delete_selected": "Delete Selected",
    "categories_successfully_deleted": "Categories successfully deleted.",
    "most_used": "Most Used",
    "users": "Users",
    "petition": "Petition",
    "all_petitions": "All Petitions",
    "my_petitions": "My Petitions",
    "friends_petitions": "Friends&#039; Petitions",
    "manager_categories": "Manager Categories",
    "user_setting_view_petitions": "Can browse and view the petition module? ",
    "full_name_s_petitions": "{full_name}&#039;s Petitions",
    "petition_title": "Petitions",
    "petitions": "Petitions",
    "search_petition_dot": "Search Petitions...",
    "latest": "Latest",
    "most_viewed": "Most Viewed",
    "most_liked": "Most Liked",
    "most_signed": "Most Signed",
    "most_discussed": "Most Discussed",
    "user_setting_can_approve_petitions": "Can approve petitions?",
    "posted_x_by_x_in_x": "Posted {date} by <a href=\"{link}\">{full_name}<\/a> in {categories}",
    "setting_petition_time_stamp": "<title>Petition Time Stamp<\/title><info>Controls time stamps for petition entries.\r\n\r\nIf using the default setting and the default template the time stamp will appear under each petition title and will look similar to:\r\n\r\nPosted June 22, 2008 by Raymond Benc<\/info>",
    "posted_x_by_x": "Posted {date} by <a href=\"{link}\">{full_name}<\/a>",
    "setting_petition_meta_keywords": "<title>Petition Meta Keywords<\/title><info>Meta keywords that will be displayed on sections related to the Petition module.<\/info>",
    "setting_petition_meta_description": "<title>Petition Meta Description<\/title><info>Meta description added to pages related to the Petition module.<\/info>",
    "search_petitions_dot": "Search Petitions...",
    "setting_preview_length_in_index": "<title>How Long is the Preview<\/title><info>How much of the petition to show on the main petition section?\r\n\r\nValue is in characters, i.e.:\r\n15 would show something like:\r\n\"Lorem ipsum dol...\"\r\n\r\n0 = No limit<\/info>",
    "delete": "Delete",
    "approve": "Approve",
    "no_petitions_found": "No petitions found.",
    "user_setting_edit_own_petition": "Can edit their own petitions?",
    "user_setting_edit_user_petition": "Can edit petitions added by other users?",
    "user_setting_delete_own_petition": "Can delete their own petition?",
    "user_setting_delete_user_petition": "Can delete petitions added by other users?",
    "are_you_sure_you_want_to_delete_this_petition": "Are you sure you want to delete this petition?",
    "delete_petition": "Delete Petition",
    "actions": "Actions",
    "moderate": "Moderate",
    "setting_petition_digg_integration": "<title>Digg Intergration<\/title><info>Add Digg integration.<\/info>",
    "victory_info": "[VICTORY]",
    "by_full_name": "by {full_name}",
    "unable_to_edit_this_petition": "Unable to edit this petition.",
    "user_setting_add_new_petition": "Can add a new petition?",
    "fill_title_for_petition": "Fill in a title for your petition",
    "add_description_to_petition": "Add description to your petition",
    "petition_successfully_saved": "Petition successfully saved.",
    "your_petition_has_been_closed": "Your petition has been closed",
    "your_petition_has_been_added": "Your petition has been added",
    "user_setting_flood_control_petition": "How many minutes should a user wait before they can submit another petition?\r\n\r\nNote: Setting it to \"0\" (without quotes) is default and users will not have to wait.",
    "your_are_posting_a_little_too_soon": "You are posting a little too soon.",
    "petition_updated": "Petition Updated",
    "editing_petition": "Editing Petition",
    "adding_a_new_petition": "Start a Petition",
    "view_petition": "View Petition",
    "title": "Title",
    "description": "Description",
    "all": "All",
    "public": "Public",
    "personal": "Personal",
    "no_categories_added": "No categories added.",
    "add_a_new_category": "Add a new category...",
    "multiple_categories_with_commas": "Separate multiple categories with commas.",
    "user_setting_can_add_tags_on_petitions": "Can add tags on petitions?",
    "user_setting_can_set_allow_list_on_petitions": "Can set an \"Allow List\" when adding a new petition?\r\n\r\nNote: This setting will give the user the feature to add a list of users that can view their petition.",
    "privacy": "Privacy",
    "control_who_can_see_this_petition": "Control who can see this petition.",
    "user_setting_can_control_comments_on_petitions": "Can control if a user can add a comment on their petition or simply disable comments?",
    "comment_privacy": "Comment Privacy",
    "control_who_can_comment_on_this_petition": "Control who can comment on this petition.",
    "petition_status": "Petition Status",
    "closed": "Closed",
    "victory": "Victory",
    "update": "Update",
    "add": "Add",
    "preview": "Preview",
    "petition_preview": "Petition Preview",
    "petition_not_found": "The petition you are looking for cannot be found.",
    "report_this_petition": "Report this petition",
    "petitions_title": "Petitions",
    "by_user": "by {full_name}",
    "this_petition_is_pending_an_admins_approval": "This petition is pending an Admins approval.",
    "the_petition_you_are_trying_to_approve_is_not_valid": "The petition you are trying to approve is not valid.",
    "petition_approved": "Petition Approved",
    "your_petition_has_been_approved_on_site_title": "Your petition has been approved on {site_title}.",
    "your_petition_has_been_approved_on_site_title_message": "Your petition has been approved on {site_title}.\r\n\r\nTo view this petition, follow the link below:\r\n<a href=\"{link}\">{link}<\/a>",
    "petition_is_approved": "Petition is approved",
    "petition_s_successfully_approved": "Petition(s) successfully approved.",
    "petition_s_successfully_deleted": "Petition(s) successfully deleted.",
    "petition_deleted": "Petition Deleted",
    "you_have_reached_your_limit": "You have reached your limit.",
    "already_a_category": "This category already exists.",
    "added": "Added",
    "petition_has_been_approved": "Petition has been approved.",
    "pending_petitions": "Pending Petitions",
    "user_setting_points_petition": "Specify how many points the user will receive when adding a new petition.",
    "your_petition_has_been_marked_as_spam": "Your petition has been marked as spam. It will have to be approved by an Admin before it is displayed publicly.",
    "we_do_not_allow_links_in_titles": "We do not allow links in titles.",
    "user_setting_approve_petitions": "Approve petitions before they are publicly displayed?",
    "create_a_petition": "Create a Petition",
    "fill_target_for_petition": "Fill in a target for your petition",
    "target": "Target",
    "enter_the_name_of_an_individual_organization_who_you_want_to_petition": "enter the name of an individual, organization who you want to petition.",
    "target_emails": "Target Emails",
    "separate_multiple_emails_with_a_comma": "Separate multiple emails with a comma",
    "what_do_you_want_them_to_do": "what do you want them to do",
    "petition_goal": "Petition Goal",
    "what_do_you_actually_want_the_target_to_do": "what do you actually want the target to do",
    "fill_in_a_petition_goal_for_your_petition": "Fill in a petition goal for your petition",
    "short_description": "Short Description",
    "provide_a_brief_info_about_this_petition": "provide a brief info about this petition",
    "main_description": "Main Description",
    "why_is_this_important": "why is this important",
    "signature_goal": "Signature Goal",
    "user_setting_can_control_sign_on_petitions": "Can control if a user can sign on their petitions?",
    "sign_privacy": "Sign Privacy",
    "control_who_can_sign_on_this_petition": "Control who can sign on this petition.",
    "create_petition": "Create Petition",
    "petition_end_date": "Petition End Date",
    "send_personal_thank_you_note_to_each_signer_of_this_petition_signature_goal": "Send personal thank-you note to each signer of this petition Signature goal",
    "yes": "Yes",
    "no": "No",
    "help": "Help",
    "signature_goal_must_be_a_integer_number": "Signature Goal must be a integer number.",
    "posted_a_comment_on_gender_petition_a_href_link_title_a": "posted a comment on {gender} petition <a href=\"{link}\"> {title}<\/a>",
    "posted_a_comment_on_user_name_s_petition_a_href_link_title_a": "posted a comment on {user_name}'s petition \"<a href=\"{link}\">{title}<\/a>\"",
    "posted_a_petition": "posted a petition.",
    "full_name_liked_your_petition_title": "{full_name} liked your petition \"{title}\"",
    "full_name_liked_your_petition_link_title": "{full_name} liked your petition \"<a href=\"{link}\">{title}<\/a>\"\r\nTo view this petition follow the link below:\r\n<a href=\"{link}\">{link}<\/a>",
    "users_liked_gender_own_petition_title": "{users} liked {gender} own petition \"{title}\"",
    "users_liked_your_petition_title": "{users} liked your petition \"{title}\"",
    "users_liked_span_class_drop_data_user_row_full_name_s_span_petition_title": "{users} liked <span class=\"drop_data_user\">{row_full_name}'s<\/span> petition \"{title}\"",
    "owner_full_name_added_a_new_petition_a_href_title_link_title_a": "<a href=\"{user_link}\">{owner_full_name}<\/a> added a new petition \"<a href=\"{title_link}\">{title}<\/a>\".",
    "user_added_a_new_comment_on_their_own_petition": "<a href=\"{user_link}\">{user_name}<\/a> added a new comment on their own <a href=\"{title_link}\">petition<\/a>.",
    "user_added_a_new_comment_on_your_petition": "<a href=\"{user_link}\">{user_name}<\/a> added a new comment on your <a href=\"{title_link}\">petition<\/a>.",
    "user_name_added_a_new_comment_on_item_user_name_petition": "<a href=\"{user_link}\">{user_name}<\/a> added a new comment on <a href=\"{item_user_link}\">{item_user_name}'s<\/a> <a href=\"{title_link}\">petition<\/a>.",
    "user_setting_can_post_comment_on_petition": "Can post comments on petitions?",
    "full_name_commented_on_your_petition_title": "{full_name} commented on your petition \"{title}\".",
    "full_name_commented_on_your_petition_message": "{full_name} commented on your petition \"<a href=\"{link}\">{title}<\/a>\".\r\nTo see the comment thread, follow the link below:\r\n<a href=\"{link}\">{link}<\/a>",
    "full_name_commented_on_gender_petition": "{full_name} commented on {gender} petition.",
    "full_name_commented_on_gender_petition_message": "{full_name} commented on {gender} petition \"<a href=\"{link}\">{title}<\/a>\".\r\nTo see the comment thread, follow the link below:\r\n<a href=\"{link}\">{link}<\/a>",
    "full_name_commented_on_petition_full_name_s_petition_message": "{full_name} commented on {petition_full_name}'s petition \"<a href=\"{link}\">{title}<\/a>\".\r\nTo see the comment thread, follow the link below:\r\n<a href=\"{link}\">{link}<\/a>",
    "a_href_link_on_name_s_petition_a": "<a href=\"{link}\">On {name}'s petition<\/a>",
    "unable_to_post_a_comment_on_this_item_due_to_privacy_settings": "Unable to post a comment on this item due to privacy settings.",
    "no_petitions_have_been_added_yet": "No petitions have been added yet.",
    "be_the_first_to_create_a_petition": "Be the First to Create a Petition.",
    "search_petitions": "Petitions",
    "view_more_petitions": "View More Petitions",
    "petition_created_on_time_stamp_by_full_name": "<a href=\"{link}\">Petition<\/a> created on {time_stamp} by <a href=\"{user_link}\">{full_name}<\/a>.",
    "manage_petitions": "Manage Petitions",
    "your_petition_petition_title_has_been_approved": "Your petition \"{petition_title}\" has been approved.",
    "users_commented_on_gender_petition_title": "{users} commented on {gender} petition \"{title}\"",
    "users_commented_on_your_petition_title": "{users} commented on your petition \"{title}\"",
    "users_commented_on_span_class_drop_data_user_row_full_name": "{users} commented on <span class=\"drop_data_user\">{row_full_name}'s<\/span> petition \"{title}\"",
    "full_name_wrote_a_comment_on_your_petition_petition_title": "<a href=\"{user_link}\">{full_name}<\/a> wrote a comment on your petition \"<a href=\"{petition_link}\">{petition_title}<\/a>\".",
    "petitions_text": "Petitions Text",
    "a_href_user_link_full_name_a_likes_their_own_a_href_link_petition_a": "<a href=\"{user_link}\">{full_name}<\/a> likes {gender} own <a href=\"{link}\">petition<\/a>.",
    "a_href_user_link_full_name_a_likes_a_href_view_user_link_view_full_name_a_s_a_href_link_petition_a": "<a href=\"{user_link}\">{full_name}<\/a> likes <a href=\"{view_user_link}\">{view_full_name}<\/a>'s <a href=\"{link}\">petition<\/a>.",
    "a_href_user_link_full_name_a_likes_your_a_href_link_petition_a": "<a href=\"{user_link}\">{full_name}<\/a> likes your <a href=\"{link}\">petition<\/a>.",
    "users_petition_count": "Users Petition Count",
    "update_tags_petitions": "Update Tags (Petitions)",
    "update_users_activity_petition_points": "Update Users Activity Petition Points",
    "your_petition_title_has_been_approved": "Your petition \"{title}\" has been approved.",
    "full_name_commented_on_petition_full_name_s_petition": "{full_name} commented on {petition_full_name}'s petition.",
    "search": "Search",
    "keywords": "Keywords",
    "on_going": "On going",
    "deadline": "Deadline",
    "status": "Status",
    "featured": "Featured",
    "approved": "Approved",
    "direct_sign": "Direct Sign",
    "signature": "Signature",
    "manage": "Manage",
    "pending": "Pending",
    "category_order_successfully_updated": "Category order successfully updated.",
    "category_successfully_deleted": "Category successfully deleted.",
    "manage_categories": "Manage Categories",
    "are_you_sure_this_will_delete_all_petitions_that_belong_to_this_category_and_cannot_be_undone": "Are you sure? This will delete all petitions that belong to this category and cannot be undone.",
    "select_a_sub_category": "Select a Sub-Category",
    "select": "Select",
    "provide_a_category_name": "Provide a category name.",
    "petition_category_details": "Petition Category Details",
    "parent_category": "Parent Category",
    "update_order": "Update Order",
    "menu_petition_create_a_petition_364d3644588809a610f1a66d5d3ec427": "Create a petition",
    "user_setting_can_feature_petition": "Can feature a petition?",
    "the_petition_you_are_trying_to_feature_is_not_valid": "The petition you are trying to feature is not valid.",
    "edit": "Edit",
    "petition_successfully_approved": "Petition successfully approved.",
    "petition_successfully_deleted": "Petition successfully deleted.",
    "un_feature_this_petition": "Un-Feature this petition.",
    "un_feature": "Un-Feature",
    "feature_this_petition": "Feature this petition.",
    "feature": "Feature",
    "petition_successfully_featured": "Petition successfully featured.",
    "petition_successfully_un_featured": "Petition successfully un-featured.",
    "created_date": "Created date",
    "unset_direct_sign": "Unset direct sign",
    "set_direct_sign": "Set direct sign",
    "view": "View",
    "view_this_petition": "View This Petition",
    "main_info": "Main Info",
    "photos": "Photos",
    "petition_letter": "Petition Letter",
    "user_setting_max_upload_size_petition": "Max file size for petition photos in kilobits (kb).\r\n(1000 kb = 1 mb)\r\nFor unlimited add \"0\" without quotes.",
    "select_image_s": "Select Image(s)",
    "you_can_upload_a_jpg_gif_or_png_file": "You can upload a JPG, GIF or PNG file.",
    "the_file_size_limit_is_filesize_if_your_upload_does_not_work_try_uploading_a_smaller_picture": "The file size limit is {filesize} kb. If your upload does not work, try uploading a smaller picture.",
    "upload_photo": "Upload Photo",
    "delete_this_image": "Delete this image.",
    "are_you_sure": "Are you sure?",
    "you_do_not_have_sufficient_permission_to_modify_this_petition": "You do not have sufficient permission to modify this petition.",
    "click_to_set_as_default_image": "Click to set as default image",
    "unable_to_find_the_image": "Unable to find the image",
    "most_popular": "Most Popular",
    "from": "From",
    "to": "To",
    "popular_petitions": "Popular Petitions",
    "by": "by",
    "total_sign_signatures": "{total_sign} signature(s)",
    "total_view_views": "{total_view} view(s)",
    "total_like_likes": "{total_like} like(s)",
    "recent_petitions": "Recent Petitions",
    "created_by": "Created by",
    "provide_a_valid_email_address": "Provide a valid email address.",
    "invite_friends": "Invite Friends",
    "successfully_added_photo_s_to_your_petition": "Successfully added photo(s) to your petition.",
    "invite_people_via_email": "Invite People via Email",
    "add_a_personal_message": "Add a personal message",
    "send_invitations": "Send Invitations",
    "new_guest_list": "New Guest List",
    "full_name_invited_you_to_the_title": "{full_name} invited you to \"{title}\".\r\n\r\nTo check out this petition, follow the link below:\r\n<a href=\"{link}\">{link}<\/a>",
    "full_name_added_the_following_personal_message": "{full_name} added the following personal message",
    "full_name_invited_you_to_the_petition_title": "{full_name} invited you to the petition \"{title}\".",
    "invite_to_a_petition": "Invite to a Petition",
    "users_invited_you_to_the_petition_title": "{users} invited you to the petition \"{title}\"",
    "full_name_invited_you_to_an_petition": "<a href=\"{user_link}\">{full_name}<\/a> invited you to an petition.",
    "who_can_view_browse_petitions": "Who can view\/browse petitions?",
    "who_can_share_petitions": "Who can post a petitions?",
    "unable_to_view_this_item_due_to_privacy_settings": "Unable to view this item due to privacy settings.",
    "want_to_support_this_petition": "Want to support this petition ?",
    "start_date": "Start date",
    "end_date": "End date",
    "in": "In",
    "setting_target_letter_template": "<title>Petition Target Letter Template<\/title><info>\r\nYou can add some special keyvars:<br\/>\r\n<strong>[title]<\/strong>: Petition title<br\/>\r\n<strong>[petition_url]<\/strong>: Petition URL<br\/>\r\n<strong>[full_name]<\/strong>: Full name of petition owner<br\/>\r\n<strong>[petition_goal]<\/strong>: Petition goal<br\/>\r\n<strong>[short_description]<\/strong>: Petition main description<br\/>\r\n<strong>[description]<\/strong>: Petition short description<br\/>\r\n<strong>[start_time]<\/strong>: Petition start date<br\/>\r\n<strong>[end_time]<\/strong>: Petition end date<br\/>\r\n<strong>[total_sign]<\/strong>: Total signed<br\/>\r\n<strong>[signature_goal]<\/strong>: Signature goal<br\/>\r\n<strong>[target]<\/strong>: Target name<br\/>\r\n<\/info>",
    "setting_friend_letter_template": "<title>Petition Friend Letter Template<\/title><info>\r\n\t\tYou can add some special keyvars:<br\/>\r\n\t\t<strong>[title]<\/strong>: Petition title<br\/>\r\n\t\t<strong>[petition_url]<\/strong>: Petition URL<br\/>\r\n\t\t<strong>[full_name]<\/strong>: Full name of petition owner<br\/>\r\n\t\t<strong>[petition_goal]<\/strong>: Petition goal<br\/>\r\n\t\t<strong>[short_description]<\/strong>: Petition main description<br\/>\r\n\t\t<strong>[description]<\/strong>: Petition short description<br\/>\r\n\t\t<strong>[start_time]<\/strong>: Petition start date<br\/>\r\n\t\t<strong>[end_time]<\/strong>: Petition end date<br\/>\r\n\t\t<strong>[total_sign]<\/strong>: Total signed<br\/>\r\n\t\t<strong>[signature_goal]<\/strong>: Signature goal<br\/>\r\n\t\t<strong>[target]<\/strong>: Target name<br\/>\r\n\t\t<\/info>",
    "subject": "Subject",
    "message": "Message",
    "send_petition_letter_online": "Send petition letter online?",
    "signatures": "Signatures",
    "news": "News",
    "your_location": "Your location",
    "add_a_reason": "Add a reason",
    "why_are_you_signing": "Why are you signing",
    "sign_this_petition": "Sign this petition",
    "sign_petition": "Sign Petition",
    "sign_now": "Sign Now",
    "thank_you_for_signing_the_petition": "Thank you for signing the petition",
    "ok": "Ok",
    "fill_in_a_location": "Fill in a location.",
    "fill_in_a_signature": "Fill in a signature.",
    "successfully_invited_users": "Successfully invited users.",
    "you_are_not_allowed_to_sign_this_petition": "You are not allowed to sign this petition.",
    "post_a_news_update": "Post a news update",
    "news_headline": "News headline",
    "link": "Link",
    "content": "Content",
    "post": "Post",
    "cancel": "Cancel",
    "news_successfully_deleted": "News successfully deleted.",
    "news_successfully_added": "News successfully added.",
    "news_successfully_updated": "News successfully updated.",
    "petitions_stats": "Petitions Statistics",
    "stats": "Stats",
    "admin_menu_manage_helps": "Manage Helps",
    "helps": "Helps",
    "icon": "Icon",
    "there_are_no_news_update": "There are no news update.",
    "there_are_no_petition_signatures": "There are no petition signatures.",
    "manage_helps": "Manage Helps",
    "order": "Order",
    "add_help": "Add Help",
    "no_helps_have_been_added_yet": "No helps have been added yet.",
    "fill_in_a_title_for_help": "Fill in a title for help",
    "fill_in_a_content_for_your_help": "Fill in a content for your help",
    "petition_help_has_been_updated": "Petition help has been updated.",
    "petition_help_successfully_deleted": "Petition help successfully deleted.",
    "featured_petitions": "Featured Petitions",
    "petition_letter_successfully_updated": "Petition letter successfully updated.",
    "send_petition_to_target": "Send Petition to Target",
    "members": "Members",
    "why_they_are_signing": "Why they are signing",
    "on": "on",
    "at": "at",
    "out_of": "out of",
    "more_at": "More at",
    "no_helps_found": "No helps found.",
    "please_add_a_reason": "Please add a reason.",
    "signed": "Signed",
    "invited": "Invited",
    "you_have_already_signed_this_petition": "You have already \"signed\" this petition.",
    "are_you_sure_you_want_to_sent_petition_letter_to_target": "Are you sure you want to sent petition letter to target?",
    "petition_letter_was_successfully_sent_to_target": "Petition letter was successfully sent to target.",
    "an_error_occurred_and_petition_letter_could_not_be_sent_to_target_please_try_again": "An error occurred and petition letter could not be sent to target. Please try again.",
    "just_signed_this_petition_and_i_want_to_send_the_letter_again": "just signed this petition and I want to send the letter again.",
    "you_can_add_some_special_keyvars": "You can add some special keyvars",
    "special_keyvars": "[title],[full_name], [petition_goal], [short_description], [description], [start_time], [end_time], [total_sign], [signature_goal], [target]",
    "full_name_s_petitions_on_site_title": "{full_name}&#039;s petitions on {site_title}.",
    "unable_to_find_the_petition_you_are_trying_to_edit": "Unable to find the petition you are trying to edit.",
    "an_error_occurred_and_petition_letter_could_not_be_sent_to_target_petition_letter_may_be_blank": "An error occurred and petition letter could not be sent to target. Petition letter may be blank.",
    "please_edit_petition_end_date_before_update_petition_status": "End Date must be equal or later than current date.",
    "set_direct_sign_successfully": "Set direct sign successfully.",
    "unset_direct_sign_successfully": "Unset direct sign successfully.",
    "deadline_has_been_reached": "Deadline has been reached",
    "the_petition_help_you_are_looking_for_cannot_be_found": "The petition help you are looking for cannot be found.",
    "setting_help_icon_file_size_limit": "<title>File size of uploaded Help Icon<\/title><info>When users upload an help icon this will be the maximum file size for that picture.<\/info>",
    "required_fields": "Required Fields",
    "submit": "Submit",
    "reset": "Reset",
    "save": "Save",
    "please_provide_a_valid_url": "Please provide a valid URL. Begin with http:\/\/ or https:\/\/",
    "example_http_www_yourwebsite_com": "Example: http:\/\/www.yourwebsite.com\/",
    "clear": "Clear",
    "select_all": "Select All",
    "un_select_all": "Un-Select All",
    "view_more": "View More",
    "views": "Views",
    "likes": "Likes",
    "any": "Any",
    "search_by_date": "Search by end date",
    "an_error_occurred_and_invited_message_could_not_be_sent": "An error occurred and invited message could not be sent.",
    "you_have_reached_your_upload_limit": "You have reached your upload limit.",
    "maximum_photos_imaximum": "Maximum photos: {iMaximum}",
    "user_setting_total_photo_upload_limit": "Control how many photos a user can upload to a petition.",
    "unable_to_find_the_petition_you_are_trying_to_delete": "\r\nUnable to find the petition you are trying to delete.\r\n",
    "view_all": "View All",
    "petition_end_date_is_just_available_from_current_date_to_the_final_date_of_next_year": "Petition End Date is just available from current date to the final date of next year.",
    "invalid_files": "Invalid file(s):",
    "setting_default_signature_goal": "<title>Default Signature Goal<\/title><info>Default Signature Goal<\/info>",
    "notice": "Notice",
    "topic_s": "Topics",
    "page": "Page",
    "click_on_image_to_set_it_as_default": "Click on image to set it as default.",
    "loading": "Loading...",
    "close": "Close",
    "are_you_sure_you_want_to_delete_this_news": "Are you sure you want to delete this news?",
    "full_name_tagged_you_in_a_comment_in_a_petition": "{full_name} tagged you in a comment in a petition",
    "publishers_petition": "Petition",
    "menu_petition_petition_532c28d5412dd75bf975fb951c740a30": "Petition",
    "menu_add_new_petition": "Create a Petition",
    "signature_goal_must_be_less_than_4294967295": "Signature goal must be less than 4,294,967,295",
    "category_successfully_updated": "Category successfully updated."
}