{
    "module_coupon": "Coupon",
    "module_coupon_low": "Coupon",
    "menu_coupon_coupon_fad58de7366495db4650cfefac2fcd61": "Coupons",
    "menu_coupon_create_a_new_coupon_1e814c9c7e7f6102ce74fe1cd53bdc48": "Create a New Coupon",
    "delete": "Delete",
    "most_liked": "Most Liked",
    "user_setting_can_view_coupon": "Can view coupon",
    "user_setting_can_create_coupon": "Can create coupon",
    "user_setting_can_edit_own_coupon": "Can edit own coupon",
    "user_setting_can_delete_own_coupon": "Can delete own coupon",
    "user_setting_can_delete_other_user_coupon": "Can delete coupon created by other users",
    "user_setting_can_add_comment_on_coupon": "Can add comment on coupon",
    "user_setting_can_feature_coupon": "Can feature coupon",
    "user_setting_can_approve_coupon": "Can approve coupon",
    "user_setting_can_email_to_users": "Can email to users",
    "user_setting_how_much_user_publish_coupon": "Fee to publish coupon",
    "user_setting_auto_approve_after_publish": "Set to True, if admin want coupon to be automatically approved after published",
    "user_setting_how_much_user_feature_coupon": "Fee to feature coupon",
    "user_setting_auto_approve_after_feature": "Set to True, if admin want to coupon be featured automatically after purchasing",
    "setting_ending_soon_settings": "<title>Ending Soon Setting<\/title><info>Set ending soon , when ending before<\/info>",
    "user_setting_can_edit_other_user_coupon": "Can edit coupon created by other users",
    "are_you_sure_this_will_delete_all_coupons_that_belong_to_this_category_and_cannot_be_undone": "Are you sure? This will delete all coupons that belong to this category and cannot be undone.",
    "parent_category_and_child_is_the_same": "Parent category and child category are the same. Please choose another parent category.",
    "select": "Select",
    "select_a_sub_category": "Select a Sub-Category",
    "admincp_manage_categories": "Manage Categories",
    "categories": "Categories",
    "update_order": "Update Order",
    "edit": "Edit",
    "category_order_successfully_updated": "Category order successfully updated.",
    "category_successfully_deleted": "Category successfully deleted.",
    "edit_a_category": "Edit a category",
    "create_a_new_category": "Create a new category",
    "coupon_category_detail": "Coupon Category Detail",
    "title": "Title",
    "parent_category": "Parent Category",
    "select_form_select": "Select",
    "submit": "Submit",
    "admin_menu_add_new_category": "Add New Category",
    "admin_menu_add_new_faq_s": "Add New FAQs",
    "admin_menu_manage_coupons": "Manage Coupons",
    "admin_menu_manage_transactions": "Manage Transactions",
    "admin_menu_manage_categories": "Manage Categories",
    "admin_menu_manage_faq_s": "Manage FAQs",
    "admin_menu_manage_email_template": "Manage Email Templates",
    "category_successfully_added": "Category successfully added.",
    "category_successfully_updated": "Category successfully updated.",
    "select_a_email_template_type": "Select a email template type",
    "email_templates": "Email templates",
    "email_templates_types": "Choose Email Template",
    "subject": "Subject",
    "content": "Content",
    "save_now": "Save",
    "createcouponsuccessful_owner": "Create Coupon successful (sent to Owner)",
    "couponpublished_owner": "Coupon Published (sent to Owner)",
    "couponfeatured_onwer": "Coupon Featured (send to Onwer)",
    "couponfeatured_owner": "Coupon Featured (sent to Owner)",
    "startrunnningcoupon_owner": "Start runnning Coupon (send to Owner)",
    "startrunningcoupon_owner": "Start running Coupon (sent to Owner)",
    "couponexpired_owner": "Coupon Expired (send to Owner)",
    "deletecoupon_owner": "Delete Coupon (send to Owner)",
    "couponclaimed_owner": "Coupon Claimed (sent to Owner)",
    "couponclaimed_claimer": "Coupon Claimed (sent to Claimer)",
    "deletecoupon_claimer": "Delete Coupon (send to Claimer)",
    "couponexpired_claimer": "Coupon Expired (send to Claimer)",
    "keyword_substitutions": "Keyword Subtitutions",
    "keywordsub_owner_name": "Coupon Owner Name",
    "keywordsub_site_name": "Name of This Site",
    "couponclosed_owner": "Coupon Closed (sent to Owner)",
    "social_network_site": "Name of This Social Network Site",
    "coupon_name": "Coupon Name",
    "coupon_link": "Coupon URL",
    "start_date": "Start Date",
    "claimer_name": "Claimer Name",
    "claimer_email": "Claimer Email",
    "coupon_code": "Coupon Code",
    "coupon_address": "Coupon Address",
    "keywordsub_social_network_site": "Name of This Social Network Site",
    "keywordsub_coupon_name": "Coupon Name",
    "keywordsub_coupon_link": "Coupon URL",
    "keywordsub_start_date": "Start Date",
    "keywordsub_expired_date": "Expired Date",
    "keywordsub_claimer_name": "Claimer Name",
    "keywordsub_claimer_email": "Claimer Email",
    "keywordsub_coupon_code": "Coupon Code",
    "keywordsub_coupon_address": "Coupon Address",
    "provide_question_content": "Provide question content.",
    "provide_answer_content": "Provide answer content.",
    "total_claims": "{total_claims} Claims",
    "total_likes": "{total_likes} Likes",
    "total_rates": "{total_rates} Rates",
    "most_rated": "Most Rated",
    "admincp_manage_faqs": "Manage FAQs",
    "faqs": "FAQs",
    "all_coupons": "All Coupons",
    "my_coupons": "My Coupons",
    "my_claim_coupons": "My Claimed Coupons",
    "friend_s_coupons": "Friends&#039; Coupons",
    "my_favorite_coupon": "My Favorited Coupons",
    "upcoming_coupon": "Upcoming Coupons",
    "ending_soon_coupon": "Ending soon Coupons",
    "faq_s": "FAQs",
    "created_by": "Created by",
    "expired_date": "Expired date",
    "discount": "Discount",
    "view_more": "View More",
    "coupon": "Coupons",
    "latest": "Latest",
    "latest_coupons": "Latest Coupons",
    "faq_order_success_updated": "FAQ order successfully updated.",
    "faq_success_deleted": "FAQ successfully deleted.",
    "faq_success_updated": "FAQ successfully updated.",
    "faq_success_added": "FAQ successfully added.",
    "faq_edit_title": "Edit FAQ",
    "posted_date": "Posted date :",
    "setting_coupon_view_time_stamp": "<title>Coupon view timestamp<\/title><info>Change to sync coupon module timestamp<\/info>",
    "most_popular": "Most Popular",
    "most_claimed": "Most Claimed",
    "search_coupons_dot": "Search Coupons...",
    "setting_coupon_meta_keywords": "<title>Coupon Meta Keywords<\/title><info>Meta keywords that will be displayed on sections related to the Coupon module.<\/info>",
    "setting_coupon_meta_description": "<title>Coupon Meta Description<\/title><info>Meta description added to pages related to the Coupon module.<\/info>",
    "no_coupons_found": "No Coupons Found.",
    "manage_coupons": "Manage Coupons",
    "search_filter": "Search Filter",
    "username": "Username",
    "from": "From",
    "to": "To",
    "location": "Location",
    "status": "Status",
    "running": "Running",
    "pending": "Pending",
    "paused": "Paused",
    "ending_soon": "Ending Soon",
    "closed": "Closed",
    "upcoming": "Upcoming",
    "publish": "Publish",
    "featured": "Featured",
    "all": "All",
    "unfeatured": "Unfeatured",
    "coupon_listing": "Coupon Listing",
    "search": "Search",
    "reset": "Reset",
    "draft": "Draft",
    "any": "Any",
    "category": "Category",
    "end_date": "End Date",
    "published": "Published",
    "user_setting_can_set_allow_list_on_coupons": "",
    "user_setting_can_control_comments_on_coupons": "Can control if a user can add a comment on their coupon or simply disable comments?",
    "user_setting_can_control_claim_coupons": "Can control if a user can claim on their coupon?",
    "description": "Description",
    "image": "Image",
    "set_to_unlimit_time": "Set this to unlimited time",
    "location_venue": "Location venue",
    "add_city_zip": "Add address\/city\/zip",
    "city": "City",
    "zip_postal_code": "Zip \/ Postal Code",
    "country": "Country",
    "quantity": "Quantity",
    "set_to_unlimit_quantity": "Set to unlimited quantity",
    "set_auto_generate": "Auto generate the unique code for each coupon",
    "term_condition": "Term & Condition",
    "term_conditions": "Term & Conditions",
    "privacy": "Privacy",
    "control_who_can_see_this_coupon": "Control who can see this coupon",
    "comment_privacy": "Comment privacy",
    "control_who_can_comment_on_this_coupon": "Control who can comment on this coupon",
    "claims_privacy": "Claims privacy",
    "control_who_can_claims_on_this_coupon": "Control who can claims on this coupon",
    "publishing_fee": "Publishing fee : {symbol_currency_fee}{publish_fee}",
    "total_fee": "Total fee : {symbol_currency_fee}{total_fee}",
    "delete_selected": "Delete Selected",
    "the_selected_coupons_had_been_deleted_successfully": "The selected coupon(s) had been deleted successfully.",
    "are_you_sure_you_want_to_delete_this_coupon": "Are you sure you want to delete this coupon?",
    "approve": "Approve",
    "deny": "Deny",
    "resume": "Resume",
    "pause": "Pause",
    "close": "Close",
    "are_you_sure_you_want_to_pause_this_coupon": "Are you sure you want to pause this coupon?",
    "are_you_sure_you_want_to_resume_this_coupon": "Are you sure you want to resume this coupon?",
    "are_you_sure_you_want_to_approve_this_coupon": "Are you sure you want to approve this coupon?",
    "are_you_sure_you_want_to_deny_this_coupon": "Are you sure you want to deny this coupon?",
    "are_you_sure_you_want_to_close_this_coupon": "Are you sure you want to close this coupon?",
    "user_setting_flood_control_coupon": "How many minutes should a user wait before they can submit another coupon?",
    "fill_title_for_coupon": "Fill title for coupon",
    "fill_in_coupon_location": "Fill in coupon location",
    "fill_in_a_discount_value_for_coupon": "Fill in a discount value or special price for coupon",
    "fill_in_a_valid_discount_value_for_coupon": "Fill in a valid discount value or special price for coupon",
    "adding_a_new_coupon": "Add new coupon",
    "coupons": "Coupons",
    "features_this_coupon": "Features this coupon : {symbol_currency_fee}{feature_fee}",
    "confirm_publish_coupon": "Are you sure you want to publish this coupon with total {symbol_currency_fee}{total_fee}?",
    "endingsoon": "Ending Soon",
    "save_as_draft": "Save as draft",
    "approve_selected": "Approve Selected",
    "the_selected_coupons_had_been_approved": "The selected coupon(s) approved.",
    "denied": "Denied",
    "we_do_not_allow_links_in_titles": "We do not allow links in title",
    "provide_a_category_this_coupon_will_belong_to": "Provide a category this coupon will belong to",
    "please_edit_coupon_start_date_before_update_status": "Please edit coupon start date before update status",
    "please_edit_coupon_end_date_bigger_than_start_date": "Please edit coupon end date after start date",
    "please_edit_coupon_end_date_before_update_status": "Please edit coupon end date before update status",
    "please_edit_coupon_expire_date_bigger_than_end_date": "please edit coupon expire date bigger than end date",
    "please_edit_coupon_expire_date_before_update_status": "please edit coupon expire date before update status",
    "payment_type": "Payment Type",
    "publishing_coupon": "Publishing Coupon",
    "featuring_coupon": "Featuring Coupon",
    "publishing_and_featuring_coupon": "Publishing and Featuring Coupon",
    "manage_transactions": "Manage Transactions",
    "payer": "Payer",
    "purchased_date": "Purchased Date",
    "amount": "Amount",
    "tracking_id": "Tracking Id",
    "transactions": "Transactions",
    "no_transaction_had_been_made": "No transaction was made.",
    "coupon_not_found": "Coupon not found.",
    "hide_add_city_zip": "Hide address\/city\/zip",
    "refresh_map": "Refresh map",
    "coupon_detail": "Coupon detail",
    "view_this_coupon": "View this coupon",
    "editing_coupon": "Editing coupon",
    "none": "None",
    "claims": "Claim(s)",
    "setting_number_of_claimers": "<title>Number of Claimers<\/title><info>Number of claimers that will be displayed on \"Latest Claimer\" block.<\/info>",
    "setting_number_of_suggestions": "<title>Number of Suggestions<\/title><info>Number of suggestions will be display in the \"Suggestion\" block on Coupon Detail page.<\/info>",
    "setting_number_of_latest_coupon_of_member": "<title>Number of Latest Coupon Of This Member<\/title><info>Number of items that will be displayed in \"Latest Coupon of This Member\" block in Coupon Detail page.<\/info>",
    "suggestions": "Suggestions",
    "publish_featured_coupon": "Publish and Featured coupon",
    "publish_coupon": "Publish coupon",
    "initialized_upper": "Initialized",
    "successed_upper": "Successed",
    "pending_upper": "Pending",
    "denied_upper": "Denied",
    "start": "Start date",
    "expire": "Expire",
    "you_can_upload_a_jpg_gif_or_png_file": "You can upload a jpg , gif or png file",
    "update": "Update",
    "latest_coupons_of_this_member": "Latest coupons of this member",
    "setting_max_upload_image_size": "<title>Max file size for photos upload<\/title><info>Max file size for photos upload in kilobytes (kb). (1024 kb = 1 mb). For unlimited add \"0\" without quotes.<\/info>",
    "report_this_coupon": "Report this coupon",
    "unable_to_post_a_comment_on_this_item_due_to_privacy_settings": "Unable to post a comment on this item due to privacy settings.",
    "please_select_an_image_to_upload": "Please select an image to upload",
    "full_name_commented_on_your_coupon_title": "{full_name} commented on your coupon '{title}'",
    "full_name_commented_on_your_coupon_message": "{full_name} commented on your coupon '<a href=\"{link}\">{title}<\/a>'. To see the comment thread, follow the link below: <a href=\"{link}\">{link}<\/a>",
    "full_name_commented_on_gender_coupon_title": "{full_name} commented on {gender} coupon \"{title}\"",
    "full_name_commented_on_coupon_full_name_s_coupon": "{full_name} commented on {coupon_full_name}&#039;s coupon",
    "full_name_commented_on_gender_coupon_message": "{full_name} commented on {gender} coupon \"<a href=\"{link}\">{title}<\/a>\". To see the comment thread, follow the link below: <a href=\"{link}\">{link}<\/a>",
    "full_name_commented_on_coupon_full_name_s_coupon_message": "{full_name} commented on {coupon_full_name}&#039;s coupon \"<a href=\"{link}\">{title}<\/a>\". To see the comment thread, follow the link below: <a href=\"{link}\">{link}<\/a>",
    "setting_subcategory_to_show_at_first": "<title>Sub category show at first<\/title><info>control how many sub category will show at first<\/info>",
    "user_full_name_added_a_new_coupon_a_href_title_link_title_a": "<a href=\"{user_link}\">{user_full_name}<\/a> added a new coupon \"<a href=\"{title_link}\">{title}<\/a>\".",
    "user_added_a_new_comment_on_their_own_coupon": "<a href=\"{user_link}\">{user_name}<\/a> added a new comment on their own <a href=\"{title_link}\">coupon<\/a>.",
    "user_added_a_new_comment_on_your_coupon": "<a href=\"{user_link}\">{user_name}<\/a> added a new comment on your <a href=\"{title_link}\">coupon<\/a>.",
    "user_name_added_a_new_comment_on_item_user_name_coupon": "<a href=\"{user_link}\">{user_name}<\/a> added a new comment on <a href=\"{item_user_link}\">{item_user_name}&#039;s<\/a> <a href=\"{title_link}\">coupon<\/a>.",
    "users_coupon_count": "Users Coupon Count",
    "update_users_activity_coupon_points": "Update Users Activity Coupon Points",
    "user_setting_points_coupon": "Set points for each coupon this user created",
    "unable_to_find_the_coupon_you_are_trying_to_edit": "Unable to find the coupon you are trying to edit",
    "coupon_updates": "Coupon successfully updated",
    "you_do_not_have_permission_to_edit": "You do not have permission to edit this coupon",
    "your_coupon_has_been_added": "Your coupon has been added",
    "total_rating_ratings": "{total_rating} Rating(s)",
    "poor": "Poor",
    "your_are_posting_a_little_too_soon": "You are posting a litte too soon .",
    "nothing_special": "Nothing Special",
    "good": "Good",
    "pretty_cool": "Pretty Cool",
    "awesome": "Awesome",
    "you_have_already_voted": "You have already voted",
    "you_cannot_rate_your_own_coupon": "You cannot rate your own coupon",
    "posted_a_comment_on_gender_coupon_a_href_link_title_a": "posted a comment on {gender} coupon <a href=\"{link}\"> {title}<\/a>",
    "posted_a_comment_on_user_name_s_coupon_a_href_link_title_a": "posted a comment on {user_name}&#039;s coupon \"<a href=\"{link}\">{title}<\/a>\"",
    "posted_a_coupon": "posted a coupon.",
    "add_to_your_favorite": "Add to your favorite",
    "favorite": "Favorite",
    "unfavorite": "Unfavorite",
    "there_are_no_new_coupon": "There are no new coupons.",
    "most_comment": "Most Commented",
    "remove_from_your_favorite": "Remove from your favorite",
    "follow_this_coupon": "Follow this coupon",
    "unfollow_this_coupon": "Unfollow this coupon",
    "follow": "Follow",
    "unfollow": "Unfollow",
    "no_faq_available": "No FAQ available.",
    "the_coupon_had_been_removed_from_your_favorite_list": "The coupon removed from your favorite list",
    "your_coupon_coupon_title_has_been_approved": "Your coupon \"{coupon_title}\" has been approved.",
    "the_coupon_had_been_added_to_your_following_list": "The coupon was added to your following list",
    "the_coupon_had_been_removed_from_your_following_list": "The coupon was removed from your following list",
    "sign_this_coupon": "Sign this coupon",
    "separate_multiple_emails_with_a_comma": "Separate multiple emails with a comma",
    "invite_people_via_email": "Invite People via Email",
    "invite_friends": "Invite Friends",
    "add_a_personal_message": "Add a personal message",
    "message": "Message",
    "send_invitations": "Send Invitations",
    "new_guest_list": "New Guest List",
    "select_all": "Select All",
    "un_select_all": "Un-select All",
    "full_name_s_coupons": "{full_name}&#039;s Coupon",
    "full_name_s_coupons_on_site_title": "{full_name}&#039;s coupons on {site_title}.",
    "full_name_invited_you_to_the_title": "{full_name} invited you to \"{title}\".\r\n\r\nTo check out this coupon, follow the link below:\r\n<a href=\"{link}\">{link}<\/a>",
    "full_name_invited_you_to_the_coupon_title": "{full_name} invited you to the coupon '{title}'.",
    "full_name_added_the_following_personal_message": "{full_name} added the following personal message",
    "unlimited_time_upper": "Unlimited Time",
    "my_following_coupon": "My Following Coupons",
    "pending_coupon": "Pending Coupons",
    "latest_coupons": "Latest Coupons",
    "get_code": "Get Code",
    "claimed": "Claimed",
    "users_commented_on_gender_coupon_title": "{users} commented on {gender} coupon \"{title}\"",
    "users_commented_on_your_coupon_title": "{users} commented on your coupon \"{title}\"",
    "users_commented_on_span_class_drop_data_user_row_full_name_coupon_title": "{users} commented on <span class=\"drop_data_user\">{row_full_name}&#039;s<\/span> coupon \"{title}\"",
    "full_name_liked_your_coupon_link_title": "{full_name} liked your coupon \"{title}\"\r\n\r\nTo view this coupon, follow the link below:\r\n<a href=\"{link}\">{link}<\/a>",
    "users_liked_gender_own_coupon_title": "{users} liked {gender} own coupon \"{title}\"",
    "users_liked_your_coupon_title": "{users} liked your coupon \"{title}\"",
    "users_liked_span_class_drop_data_user_row_full_name_s_span_coupon_title": "{users} liked <span class=\"drop_data_user\">{row_full_name}&#039;s<\/span> coupon \"{title}\"",
    "print_code": "Print Code",
    "short_description": "Short Description",
    "remaining": "Remaining",
    "who_can_share_coupons": "Who can share coupons?",
    "who_can_view_browse_coupons": "Who can view\/browse coupons?",
    "create_a_coupon": "Create a New Coupon",
    "please_edit_coupon_code_right_format_with_8_character": "Please edit your coupon code right format with 8 characters and only alpha-numeric characters",
    "please_edit_quantity_more_than_zero": "Please edit your coupon quantity more than zero.",
    "unlimited_remain": "Unlimited Remain",
    "claims_remain": "Claim(s) Remain",
    "left": "left",
    "h": "h",
    "w": "w",
    "d": "d",
    "m": "m",
    "the_coupon_you_are_looking_for_either_does_not_exist_or_has_been_removed": "The coupon you are looking for either does not exist or has been removed.",
    "print": "Print",
    "link": "Link",
    "publish_this_coupon": "Publish this coupon",
    "information": "Information",
    "admin_set_featured_gender_own_coupon_title": "Admin set {gender} own coupon \"{title}\" as featured coupon",
    "admin_set_featured_your_coupon_title": "Admin set your coupon \"{title}\" as featured coupon",
    "admin_set_featured_span_class_drop_data_user_row_full_name_s_span_coupon_title": "Admin set <span class=\"drop_data_user\">{row_full_name}&#039;s<\/span> coupon \"{title}\" as featured coupon",
    "approve_this_coupon": "Approved this coupon",
    "approved": "Approved",
    "denied_this_coupon": "Denied this coupon",
    "coupon_s_successfully_approved": "Coupon(s) successfully approved.",
    "coupon_s_successfully_denied": "Coupon(s) successfully denied",
    "admin_had_denied_gender_own_coupon_title": "Admin denied {gender} own coupon \"{title}\". Please update some information on it for the next approval.",
    "admin_had_denied_your_coupon_title": "Admin denied your coupon \"{title}\". Please update some information on it for the next approval.",
    "admin_had_denied_span_class_drop_data_user_row_full_name_s_span_coupon_title": "Admin denied <span class=\"drop_data_user\">{row_full_name}&#039;s<\/span> coupon \"{title}\". Please update some information on it for the next approval.",
    "admin_had_approved_gender_own_coupon_title": "Admin approved {gender} own coupon \"{title}\".",
    "admin_had_approved_your_coupon_title": "Admin approved your coupon \"{title}\".",
    "admin_had_approved_span_class_drop_data_user_row_full_name_s_span_coupon_title": "Admin approved <span class=\"drop_data_user\">{row_full_name}&#039;s<\/span> coupon \"{title}\".",
    "confirm_publish_again": "Confirm to publish this coupon again.",
    "admin_had_paused_gender_own_coupon_title": "Admin paused {gender} own coupon \"{title}\".",
    "admin_had_paused_your_coupon_title": "Admin paused your coupon \"{title}\".",
    "admin_had_paused_span_class_drop_data_user_row_full_name_s_span_coupon_title": "Admin paused <span class=\"drop_data_user\">{row_full_name}&#039;s<\/span> coupon \"{title}\".",
    "admin_had_resumed_gender_own_coupon_title": "Admin resumed {gender} own coupon \"{title}\".",
    "admin_had_resumed_your_coupon_title": "Admin resumed your coupon \"{title}\".",
    "admin_had_resumed_span_class_drop_data_user_row_full_name_s_span_coupon_title": "Admin resumed <span class=\"drop_data_user\">{row_full_name}&#039;s<\/span> coupon \"{title}\".",
    "the_coupon_title_had_been_closed_since_it_was_ended_or_reached_maximum_claims": "The coupon \"{title}\" was closed since it ended or reached maximum claims",
    "the_coupon_title_had_started_running": "The coupon \"{title}\" started running",
    "keywordsub_end_date": "End Date",
    "users_had_claimed_gender_own_coupon_title": "{users} claimed {gender} own coupon \"{title}\"",
    "users_had_claimed_your_coupon_title": "{users} claimed your coupon \"{title}\"",
    "users_had_claimed_span_class_drop_data_user_row_full_name_s_span_coupon_title": "{users} claimed <span class=\"drop_data_user\">{row_full_name}&#039;s<\/span> coupon \"{title}\".",
    "actions": "Actions",
    "coupon_statistics": "Coupon Statistics",
    "can_not_find_selected_coupon_to_delete": "Can not find selected coupon to delete.",
    "feature_this_coupon": "Feature this coupon",
    "feature": "Feature",
    "coupon_deleted_successfully": "Coupon Deleted Successfully",
    "coupon_successfully_featured": "Coupon has successfully featured",
    "coupon_successfully_un_featured": "Coupon has successfully unfeatured",
    "claimer": "Claimer",
    "unfeature": "Unfeatured",
    "claim_s_time": "Claim&#039;s time",
    "there_are_no_claims_yet": "There are no claims yet.",
    "total": "Total",
    "unfeature_this_coupon": "Unfeature this coupon",
    "unlimited": "Unlimited",
    "left_upper": "Left",
    "anonymous_upper": "Anonymous",
    "latest_claimers": "Latest Claimers",
    "feature_coupon": "Feature coupon",
    "users_had_set_favorite_gender_own_coupon_title": "{users} set \"{title}\" as favorite {gender} own coupon",
    "users_had_set_favorite_your_coupon_title": "{users} set \"{title}\" as favorite coupon",
    "users_had_set_favorite_span_class_drop_data_user_row_full_name_s_span_coupon_title": "{users} set \"{title}\" as favorite <span class=\"drop_data_user\">{row_full_name}&#039;s<\/span> coupon",
    "this_coupon_had_been_closed": "This coupon had been closed.",
    "percentage": "Percentage",
    "price": "Price",
    "please_enter_number_for_quantity": "Please enter number for quantity",
    "coupon_deleted": "Coupon deleted",
    "cancel": "Cancel",
    "please_chose_coupon_category": "Please chose coupon category",
    "setting_number_of_featured_coupons": "<title>Number of Featured Coupons<\/title><info>Number of coupons that will be displayed on \"Featured Coupons\" block.<\/info>",
    "featured_coupon": "Featured Coupons",
    "full_name_liked_your_coupon_title": "{full_name} liked your coupon \"{title}\"",
    "setting_limit_of_coupon_in_a_block": "<title>Number of coupons on Latest Coupon , Most Like , Most Popular blocks<\/title><info>Number of coupons that will be display on Latest Coupons , Most Liked , Most Popular blocks<\/info>",
    "users_invited_you_to_the_coupon_title": "{users} invited you to the coupon \"{title}\"",
    "setting_subcategories_to_show_at_first": "<title>How many subcategories to show at first<\/title><info>This setting tells how many subcategories are to be shown at first. If the list of subcategories is longer than this value the extra ones will be hidden and a \"View More\" option will be shown instead, allowing the user to display the hidden subcategories. \r\n\r\na \"View Less\" option will be available to provide the full \"accordion\" effect. \r\n\r\nIf you set it to zero (\"0\" without quotes) it will hide every subcategory and a plus sign will show next to the category name, clicking the plus sign will show that category&#039;s subcategories.<\/info>",
    "editing_faq_s": "Editing FAQs",
    "add_faq_s": "Add FAQs",
    "question": "Question",
    "answer": "Answer",
    "this_field_required_8_character_and_only_alpha_numeric_characters": "This field format with 8 characters and only alpha-numeric characters",
    "add_new_faq": "Add new FAQ",
    "invited": "Invited",
    "signed": "Signed",
    "you_can_not_rate_this_coupon": "You can not rate this coupon",
    "you_must_login_to_rate": "You must login to rate",
    "moderate": "Moderate",
    "end": "End date",
    "item_phrase": "coupon",
    "dislike": "Dislike",
    "disliked": "disliked",
    "user_setting_can_post_comment_on_coupon": "Can post comments on coupon?",
    "can_not_rate_this_coupon": "Cannot rate this coupon",
    "user_name_tagged_you_in_a_comment_in_a_coupon": "{user_name} tagged you in a comment in a coupon",
    "please_add_your_paypal_account": "Please add your paypal account",
    "address": "Address",
    "i_have_read_and_agreed_with_the_terms_and_conditions": "I have read and agreed with the terms and conditions",
    "you_must_agree_with_the_terms_and_conditions_before_getting_code": "You must agree with the terms and conditions before getting code",
    "menu_add_new_coupon": "Create a New Coupon",
    "8_30_alphanumeric_characters": "8-30 alphanumeric characters",
    "coupon_code_must_be_8_30_alphanumeric_characters": "Coupon code must be 8-30 alphanumeric characters.",
    "auto_generate_8_character_with_only_alpha_numeric_characters": "Auto generate 8 characters with only alpha and numeric characters",
    "1_30_alphanumeric_characters": "1-30 alphanumeric characters",
    "coupon_code_must_be_1_30_alphanumeric_characters": "Coupon code must be 1-30 alphanumeric characters.",
    "site_url": "Site Url",
    "site_url_format_is_not_valid": "Site url format is not valid.",
    "key_word": "Key word",
    "customize_print_layout": "Customize print layout",
    "print_layout": "Print Layout",
    "themes": "Themes",
    "customize_themes": "Customize Themes",
    "off": "off",
    "never_expire": "Never expire",
    "coupon_code_must_be_1_30_characters": "Coupon code must be 1-30 characters.",
    "1_30_characters": "1-30 characters",
    "auto_generate_8_alpha_numeric_characters": "Auto generate 8 alpha-numeric characters",
    "admin_menu_add_print_template": "Add Print Template",
    "admin_menu_manage_print_templates": "Manage Print Templates",
    "print_template_updated_successfully": "Print template updated successfully.",
    "print_template_added_successfully": "Print template added successfully.",
    "add_print_template": "Add Print Template",
    "print_template_has_been_deleted": "Print template has been deleted.",
    "manage_print_templates": "Manage Print Templates",
    "template_name_is_required": "Template Name is required.",
    "font_size_is_required": "Font size is required.",
    "invalid_font_size": "Invalid font size.",
    "invalid_color_code": "Invalid color code.",
    "block_position_can_not_duplicate": "Block Position can not duplicate.",
    "order_in_group_can_not_duplicate": "Order in Group can not duplicate.",
    "template_details": "Template Details",
    "template_name": "Template Name",
    "item": "Item",
    "order_in_group": "Order in Group",
    "0_not_used": "(0: not used)",
    "block_position": "Block Position",
    "font_size": "Font Size",
    "px": "px",
    "text_color": "Text Color",
    "coupon_photo": "Coupon Photo",
    "discount_value": "Discount Value",
    "preview": "Preview",
    "save": "Save",
    "print_templates": "Print Templates",
    "template": "Template",
    "action": "Action",
    "no_template_found": "No template found.",
    "show_photo": "Show Photo",
    "show_site_url": "Show Site Url",
    "show_location": "Show Location",
    "show_category": "Show Category",
    "administrator_does_not_setting_payment_email_please_try_again_later": "Administrator does not setting payment email. Please try again later.",
    "show_map": "Show Map",
    "special_price": "Special Price",
    "coupon_type": "Coupon Type",
    "user_setting_coupon_sponsor_price": "How much is the sponsor space worth for coupons? \r\nThis works in a CPM basis.",
    "user_setting_can_pause_own_coupon": "Can delete pause coupon",
    "user_setting_can_close_own_coupon": "Can close own coupon",
    "user_setting_can_resume_own_coupon": "Can resume own coupon",
    "coupon_pause_successfully": "Coupon Paused Successfully",
    "coupon_resume_successfully": "Coupon Resumed Successfully",
    "coupon_closed_successfully": "Coupon Closed Successfully",
    "custom_field_successfully_deleted": "Custom Field Successfully Deleted.",
    "manage_custom_field": "Manage Custom Field.",
    "add_field_question": "Add Field Question.",
    "require_field": "Require Field.",
    "updating": "Updating",
    "adding": "Adding",
    "are_you_sure_you_want_to_delete_this_custom_option": "Are you sure you want to delete this custom option?\r\n\r\nNote that anyone using this option will revert to using the default option set for this custom field.",
    "could_not_delete": "Could not Delete",
    "unable_to_find_the_custom_field_you_want_to_delete": "Unable to find the custom field you want to delete.",
    "unable_to_find_the_custom_option_you_plan_on_deleting": "Unable to find the custom option you plan on deleting.",
    "custom_field_is_required": "\"{custom_field}\" is required.",
    "admin_menu_manage_custom_field": "Manage Custom Field",
    "menu_coupon_coupon_532c28d5412dd75bf975fb951c740a30": "Coupon",
    "coupon_close_successfully": "Coupon Close Successfully",
    "features_this_coupon_multi_currency": "Features this coupon : {symbol_currency_fee}{feature_fee}",
    "confirm_publish_coupon_multi_currency": "Are you sure you want to publish this coupon with total {symbol_currency_fee}{total_fee}?",
    "publishing_fee_multi_currency": "Publishing fee : {symbol_currency_fee}{publish_fee}",
    "total_fee_multi_currency": "Total fee : {symbol_currency_fee}{total_fee}",
    "featured_coupons": "Featured Coupons",
    "successfully_added_to_your_favorites": "Successfully added to your favorites.",
    "view_your_favorites": "View your Favorites",
    "view_your_following": "View your Following",
    "no_available_payment_methods": "No available payment methods",
    "place_order" : "Place Order",
    "discount_percent_must_be_equal_to_or_less_than_100": "Discount percent must be equal to or less than 100",
    "others_of_this_member" : "Others of this member",
    "admin_menu_user_group_settings": "User Group Settings",
    "coupon_large_text_area" : "Large Text Area",
    "coupon_small_text_area_255_characters_max" : "Small Text Area (255 Characters Max)",
    "controller_coupon.index" : "Home page",
    "controller_coupon.detail" : "Detail page",
    "controller_coupon.profile" : "Profile page"
}