{
    "who_favorited_this_person": "Who favorited this?",
    "module_foxfavorite": "Fox Favorite",
    "admin_menu_settings": "Settings",
    "remove_from_your_favorite": "Remove from your favorite",
    "user_has_already_updated_status_content": "{users} has already updated status \"{content}\"",
    "user_has_already_shared_a_link_title": "{users} has already shared a link \"{title}\"",
    "user_favorited_your_blog_title": "{users} favorited your blog \"{title}\"",
    "user_has_already_posted_a_blog": "{users} has already posted a blog \"{title}\"",
    "user_favorited_your_profile": "{users} favorited your profile.",
    "user_favorited_your_listing_title": "{users} favorited your listing \"{title}\".",
    "user_favorited_your_video_title": "{users} favorited your video \"{title}\"",
    "user_favorited_your_song_title": "{users} favorited your song \"{title}\"",
    "user_has_already_posted_a_photo_title": "{users} has already posted a photo \"{title}\"",
    "user_favorited_your_photo_title": "{users} favorited your photo \"{title}\"",
    "user_favorited_your_poll_title": "{users} favorited your poll \"{title}\"",
    "user_favorited_your_event_title": "{users} favorited your event \"{title}\"",
    "search_favorites": "Search Favorites...",
    "favorited_a_quiz": "favorited a quiz.",
    "user_favorited_your_quiz_title": "{users} favorited your quiz \"{title}\"",
    "favorite": "Favorite",
    "unfavorite": "Unfavorite",
    "recent_favorites": "Recent Favorites",
    "top_favorite_members": "Top Favorite Members",
    "top_favorite_pages": "Top Favorite Pages",
    "successfully_added_to_your_favorites": "Successfully added to your favorites.",
    "view_your_favorites": "View your Favorites",
    "close": "Close",
    "favorited_a_video": "favorited a video.",
    "favorited_a_listing": "favorited a listing.",
    "favorited_an_event": "favorited an event.",
    "favorited_a_blog": "favorited a blog.",
    "notify_to_me_when_user_favorited_my_items": "Notify to me when user favorited my items",
    "who_favorited_this_item": "Who favorited this?",
    "admin_menu_page_migrations": "Page Migrations",
    "no_favorites_found": "No Favorites found.",
    "view_all": "View All",
    "latest": "Latest",
    "user_favorited_your_pages_title": "{users} favorited your page \"{title}\"",
    "follow_user_whom_i_favorited_their_items": "Follow user whom I favorited their items",
    "favorited_a_poll": "favorited a poll.",
    "favorited_a_song": "favorited a song.",
    "favorited_a_photo": "favorited a photo.",
    "user_has_already_posted_a_song": "{users} has already posted a song \"{title}\"",
    "user_has_already_posted_a_poll": "{users} has already posted a poll \"{title}\"",
    "follow_user_whom_i_favorited_their_profile": "Follow user whom I favorited their profile",
    "notify_me_when_users_favorited_my_items": "Notify me when members favorited my items",
    "migration_data_from_pagesfavorite_to_foxfavorite": "This tool is used to migrate favorites from Page Favorite plugin to Fox Favorite plugin.<br\/>\r\nNotice:<br\/>\r\n- Admin uses this tool only one time.",
    "favorites": "Favorites",
    "migration_succeed": "Migration succeed!",
    "follow_members_whose_profile_whose_i_favorited": "Follow members whose profiles I favorited",
    "add_to_your_favorites": "Add to your favorites",
    "user_has_already_posted_a_listing": "{users} has already posted a listing \"{title}\"",
    "user_has_already_posted_a_video": "{users} has already posted a video \"{title}\"",
    "user_has_already_posted_an_event": "{users} has already posted an event \"{title}\"",
    "user_has_already_posted_a_quiz": "{users} has already posted a quiz \"{title}\"",
    "user_has_already_posted_a_document": "{users} has already posted a document \"{title}\"",
    "user_has_already_posted_a_karaoke_song": "{users} has already posted a karaoke song \"{title}\"",
    "user_has_already_added_a_karaoke_recording": "{users} has already added a karaoke recording \"{title}\"",
    "favorited_a_page": "favorited a page.",
    "settings": "Settings",
    "module": "Module",
    "active": "Active",
    "page_migration": "Page Migration",
    "confirm": "Confirm",
    "karaoke_songs": "Karaoke songs",
    "this_module_is_always_active": "This module is always active.",
    "video_channel": "Video Channel",
    "advanced_events": "Advanced Events",
    "advanced_marketplace": "Advanced Marketplace",
    "user_favorited_your_karaoke_song_title": "{users} favorited your karaoke song \"{title}\"",
    "user_favorited_your_karaoke_recording_title": "{users} favorited your karaoke recording \"{title}\"",
    "favorited_a_karaoke_song": "favorited a karaoke song.",
    "favorited_a_karaoke_recording": "favorited a karaoke recording.",
    "user_favorited_your_document_title": "{users} favorited your document \"{title}\"",
    "favorited_a_document": "favorited a document.",
    "favorited_a_profile": "favorited a profile.",
    "advanced_photos": "Advanced Photos",
    "favorited_a_coupon": "favorited a coupon.",
    "user_favorited_your_coupon_title": "{users} favorited your coupon \"{title}\"",
    "user_has_already_added_a_coupon_title": "{users} has already added a coupon \"{title}\"",
    "coupons": "Coupons",
    "resumes": "Resumes",
    "users_has_already_added_a_resume_headline": "{users} has already added a resume \"{headline}\"",
    "favorited_a_resume": "favorited a resume.",
    "users_has_already_posted_a_job_title": "{users} has already posted a job \"{title}\"",
    "favorited_a_job": "favorited a job.",
    "jobs": "Jobs",
    "favorited_a_news": "favorited a news.",
    "users_favorited_your_news_title": "{users} favorited your news \"{title}\"",
    "news": "News",
    "petitions": "Petitions",
    "users_favorited_your_petition_title": "{users} favorited your petition \"{title}\"",
    "favorited_a_petition": "favorited a petition.",
    "users_has_already_posted_a_petition_title": "{users} has already posted a petition \"{title}\"",
    "music_sharing": "Music Sharing",
    "users_has_already_posted_a_song_title": "{users} has already posted a song \"{title}\"",
    "users_favorited_your_song_title": "{users} favorited your song \"{title}\"",
    "plays": "plays",
    "play": "play",
    "favorited_a_contest": "favorited a contest.",
    "users_has_already_posted_a_contest_title": "{users} has already posted a contest \"{title}\"",
    "businesses": "Businesses",
    "users_has_already_added_a_business_title": "{users} has already added a business \"{title}\"",
    "users_favorited_your_business_title": "{users} favorited your business \"{title}\"",
    "favorited_a_business": "favorited a business.",
    "users_has_already_added_a_product_title": "{users} has already added a product \"{title}\"",
    "users_favorited_your_product_title": "{users} favorited your product \"{title}\"",
    "auctions": "Auctions",
    "favorited_a_product": "favorited a product.",
    "full_name_s_favorites": "{full_name}'s Favorites",
    "this_item_is_already_in_your_favorites_list": "This item is already in your favorites list"
}