<module>
	<data>
		<module_id>tourguides</module_id>
		<product_id>younet_tourguides4</product_id>
		<is_core>0</is_core>
		<is_active>1</is_active>
		<is_menu>1</is_menu>
		<menu><![CDATA[a:4:{s:41:"tourguides.admin_menu_user_group_settings";a:1:{s:3:"url";a:2:{i:0;s:10:"tourguides";i:1;s:19:"user-group-settings";}}s:35:"tourguides.admin_menu_add_new_guide";a:1:{s:3:"url";a:2:{i:0;s:10:"tourguides";i:1;s:3:"add";}}s:40:"tourguides.admin_menu_manage_tour_guides";a:1:{s:3:"url";a:2:{i:0;s:10:"tourguides";i:1;s:6:"manage";}}s:45:"tourguides.make_a_tour_position_setting_title";a:1:{s:3:"url";a:2:{i:0;s:10:"tourguides";i:1;s:8:"position";}}}]]></menu>
		<phrase_var_name>module_tourguides</phrase_var_name>
		<version>4.02</version>
		<author>YouNetCo</author>
		<vendor>https://phpfox.younetco.com/</vendor>
		<description>by YouNetCo</description>
		<apps_icon>https://phpfox.younetco.com/files/2015/11/tour_guide.png</apps_icon>
	</data>
	<phrases>
		<phrase var_name="admin_menu_add_new_guide" added="1517573905">Add New Guide</phrase>
		<phrase var_name="admin_menu_manage_tour_guides" added="1517573905">Manage Tour Guides</phrase>
		<phrase var_name="module_tourguides" added="1517573905">User Tour Guides</phrase>
		<phrase var_name="translate_module_tourguides" added="1517573905">User Tour Guides</phrase>
		<phrase var_name="user_setting_can_create_tour_guide" added="1517573905">Can create new tour guide?</phrase>
		<phrase var_name="tour_guide_name" added="1517573905">Tour Guide Name</phrase>
		<phrase var_name="create_fail_please_try_again" added="1517573905">Create fail. Please try again.</phrase>
		<phrase var_name="mange_tour_guides" added="1517573905">Manage Tour Guides</phrase>
		<phrase var_name="active" added="1517573905">Active</phrase>
		<phrase var_name="deactive" added="1517573905">Deactive</phrase>
		<phrase var_name="deactivate" added="1517573905">Deactivate</phrase>
		<phrase var_name="activate" added="1517573905">Activate</phrase>
		<phrase var_name="delete_selected" added="1517573905">Delete Selected</phrase>
		<phrase var_name="search_for_text" added="1517573905">Name</phrase>
		<phrase var_name="search_filter" added="1517573905">Search Filter</phrase>
		<phrase var_name="no_tour_found" added="1517573905">No tour guides found.</phrase>
		<phrase var_name="no_tour_added" added="1517573905"><![CDATA[There are no tour guides added. <a href=" {url}">Click here</a> to create new tour guide.]]></phrase>
		<phrase var_name="mange_tour_guides_steps" added="1517573905">Tour Guide Steps</phrase>
		<phrase var_name="add_new_tour_guide" added="1517573905">Add New Tour Guide</phrase>
		<phrase var_name="provide_tour_guide_name" added="1517573905">Provide tour guide name.</phrase>
		<phrase var_name="provide_tour_guide_url" added="1517573905">Provide tour guide url.</phrase>
		<phrase var_name="provide_tour_guide_controller" added="1517573905">Provide tour guide controller.</phrase>
		<phrase var_name="tourguide_details" added="1517573905">Tour Guide Details</phrase>
		<phrase var_name="name" added="1517573905">Name</phrase>
		<phrase var_name="url" added="1517573905">URL</phrase>
		<phrase var_name="controller" added="1517573905">Controller</phrase>
		<phrase var_name="is_active" added="1517573905">Is Active</phrase>
		<phrase var_name="is_auto" added="1517573905">Is Autorun</phrase>
		<phrase var_name="type" added="1517573905">Type View</phrase>
		<phrase var_name="member" added="1517573905">Member</phrase>
		<phrase var_name="guest" added="1517573905">Guest</phrase>
		<phrase var_name="new_tour_guide_successfully_added" added="1517573905">New tour guide successfully added.</phrase>
		<phrase var_name="status" added="1517573905">Status</phrase>
		<phrase var_name="complete" added="1517573905">Complete</phrase>
		<phrase var_name="uncomplete" added="1517573905">Uncomplete</phrase>
		<phrase var_name="uncompleted" added="1517573905">Uncompleted</phrase>
		<phrase var_name="completed" added="1517573905">Completed</phrase>
		<phrase var_name="actions" added="1517573905">Actions</phrase>
		<phrase var_name="complete_this_tour_guide" added="1517573905">Complete this tour guide.</phrase>
		<phrase var_name="uncompleted_this_tour_guide" added="1517573905">Uncompleted this tour guide.</phrase>
		<phrase var_name="tour_guide_successfully_updated" added="1517573905">Tour guide successfully updated.</phrase>
		<phrase var_name="there_are_no_steps_added" added="1517573905">There are no steps added.</phrase>
		<phrase var_name="description" added="1517573905">Description</phrase>
		<phrase var_name="not_a_valid_request" added="1517573905">Not a valid request.</phrase>
		<phrase var_name="tour_guide_successfully_deleted" added="1517573905">Tour guide successfully deleted.</phrase>
		<phrase var_name="step" added="1517573905">Step</phrase>
		<phrase var_name="background_color" added="1517573905">Background Color</phrase>
		<phrase var_name="font_color" added="1517573905">Font Color</phrase>
		<phrase var_name="position_display" added="1517573905">Position Display</phrase>
		<phrase var_name="top_left" added="1517573905">Top Left</phrase>
		<phrase var_name="top_right" added="1517573905">Top Right</phrase>
		<phrase var_name="bottom_left" added="1517573905">Bottom Left</phrase>
		<phrase var_name="bottom_right" added="1517573905">Bottom Right</phrase>
		<phrase var_name="left_top" added="1517573905">Left Top</phrase>
		<phrase var_name="left_right" added="1517573905">Left Right</phrase>
		<phrase var_name="right_top" added="1517573905">Right Top</phrase>
		<phrase var_name="right_bottom" added="1517573905">Right Bottom</phrase>
		<phrase var_name="top" added="1517573905">Top</phrase>
		<phrase var_name="right" added="1517573905">Right</phrase>
		<phrase var_name="bottom" added="1517573905">Bottom</phrase>
		<phrase var_name="left" added="1517573905">Left</phrase>
		<phrase var_name="save_countinue" added="1517573905"><![CDATA[Save & Continue]]></phrase>
		<phrase var_name="tour_guide_step_successfully_deleted" added="1517573905">This step successfully deleted.</phrase>
		<phrase var_name="add_new_step" added="1517573905">Add new step</phrase>
		<phrase var_name="are_you_sure_to_go_this_page_to_add_step_nyou_have_to_log_out_to_see_this_url_due_to_it_s_only_for" added="1517573905">Are you sure to go this page to add step?\nYou have to log out to see this url due to it is only for guest user.</phrase>
		<phrase var_name="restart_tour_guide" added="1517573905">Restart tour guide</phrase>
		<phrase var_name="end_tour_guide" added="1517573905">End tour guide</phrase>
		<phrase var_name="previous" added="1517573905">Previous</phrase>
		<phrase var_name="next" added="1517573905">Next</phrase>
		<phrase var_name="first_time_here" added="1517573905">First time here?</phrase>
		<phrase var_name="start_the_tour" added="1517573905">Start The Tour</phrase>
		<phrase var_name="create_a_tour" added="1517573905">Create A Tour</phrase>
		<phrase var_name="cancel" added="1517573905">Cancel</phrase>
		<phrase var_name="login_as_admin" added="1517573905">Login as Admin</phrase>
		<phrase var_name="write_description_tour_guide" added="1517573905">Write description tour guide:</phrase>
		<phrase var_name="autorun_this_tour" added="1517573905">Autorun this tour</phrase>
		<phrase var_name="get_controller" added="1517573905">get Controller</phrase>
		<phrase var_name="fail_to_get_controller_from_this_url" added="1517573905">Fail to get controller from this URL</phrase>
		<phrase var_name="second_s" added="1517573905">Second(s)</phrase>
		<phrase var_name="don_t_show_it_again_for_this_page" added="1517573905">Do not show it again for this page?</phrase>
		<phrase var_name="time_display" added="1517573905">Time Display</phrase>
		<phrase var_name="write_description_for_this_step" added="1517573905">Write description for this step:</phrase>
		<phrase var_name="anyone" added="1517573905">Anyone</phrase>
		<phrase var_name="language" added="1517573905">Language</phrase>
		<phrase var_name="multiple_languages" added="1517573905">Multiple Languages</phrase>
		<phrase var_name="is_use_controller_param" added="1517573905">Is Use Controller {yntgfullcontroller}</phrase>
		<phrase var_name="is_use_controller_var" added="1517573905"><![CDATA[Is Use Controller "{yntgfullcontrollername}"]]></phrase>
		<phrase var_name="make_a_tour_position_setting_title" added="1517573905"><![CDATA[Positioning "Start The Tour" button]]></phrase>
		<phrase var_name="admin_menu_user_group_settings" added="1517573905">User Group Settings</phrase>
	</phrases>
	<user_group_settings>
		<setting is_admin_setting="0" module_id="tourguides" type="boolean" admin="true" user="false" guest="false" staff="true" module="tourguides" ordering="0">can_create_tour_guide</setting>
	</user_group_settings>
</module>