{
    "admin_menu_add_new_guide": "Add New Guide",
    "admin_menu_manage_tour_guides": "Manage Tour Guides",
    "module_tourguides": "User Tour Guides",
    "translate_module_tourguides": "User Tour Guides",
    "user_setting_can_create_tour_guide": "Can create new tour guide?",
    "tour_guide_name": "Tour Guide Name",
    "create_fail_please_try_again": "Create fail. Please try again.",
    "mange_tour_guides": "Manage Tour Guides",
    "active": "Active",
    "deactive": "Deactive",
    "deactivate": "Deactivate",
    "activate": "Activate",
    "delete_selected": "Delete Selected",
    "search_for_text": "Name",
    "search_filter": "Search Filter",
    "no_tour_found": "No tour guides found.",
    "no_tour_added": "There are no tour guides added. <a href=\" {url}\">Click here<\/a> to create new tour guide.",
    "mange_tour_guides_steps": "Tour Guide Steps",
    "add_new_tour_guide": "Add New Tour Guide",
    "provide_tour_guide_name": "Provide tour guide name.",
    "provide_tour_guide_url": "Provide tour guide url.",
    "provide_tour_guide_controller": "Provide tour guide controller.",
    "tourguide_details": "Tour Guide Details",
    "name": "Name",
    "url": "URL",
    "controller": "Controller",
    "is_active": "Is Active",
    "is_auto": "Is Autorun",
    "type": "Type View",
    "member": "Member",
    "guest": "Guest",
    "new_tour_guide_successfully_added": "New tour guide successfully added.",
    "status": "Status",
    "complete": "Complete",
    "uncomplete": "Uncomplete",
    "uncompleted": "Uncompleted",
    "completed": "Completed",
    "actions": "Actions",
    "complete_this_tour_guide": "Complete this tour guide.",
    "uncompleted_this_tour_guide": "Uncompleted this tour guide.",
    "tour_guide_successfully_updated": "Tour guide successfully updated.",
    "there_are_no_steps_added": "There are no steps added.",
    "description": "Description",
    "not_a_valid_request": "Not a valid request.",
    "tour_guide_successfully_deleted": "Tour guide successfully deleted.",
    "step": "Step",
    "background_color": "Background Color",
    "font_color": "Font Color",
    "position_display": "Position Display",
    "top_left": "Top Left",
    "top_right": "Top Right",
    "bottom_left": "Bottom Left",
    "bottom_right": "Bottom Right",
    "left_top": "Left Top",
    "left_right": "Left Right",
    "right_top": "Right Top",
    "right_bottom": "Right Bottom",
    "top": "Top",
    "right": "Right",
    "bottom": "Bottom",
    "left": "Left",
    "save_countinue": "Save & Continue",
    "tour_guide_step_successfully_deleted": "This step successfully deleted.",
    "add_new_step": "Add new step",
    "are_you_sure_to_go_this_page_to_add_step_nyou_have_to_log_out_to_see_this_url_due_to_it_s_only_for": "Are you sure to go this page to add step?\\nYou have to log out to see this url due to it is only for guest user.",
    "restart_tour_guide": "Restart tour guide",
    "end_tour_guide": "End tour guide",
    "previous": "Previous",
    "next": "Next",
    "first_time_here": "First time here?",
    "start_the_tour": "Start The Tour",
    "create_a_tour": "Create A Tour",
    "cancel": "Cancel",
    "login_as_admin": "Login as Admin",
    "write_description_tour_guide": "Write description tour guide:",
    "autorun_this_tour": "Autorun this tour",
    "get_controller": "get Controller",
    "fail_to_get_controller_from_this_url": "Fail to get controller from this URL",
    "second_s": "Second(s)",
    "don_t_show_it_again_for_this_page": "Do not show it again for this page?",
    "time_display": "Time Display",
    "write_description_for_this_step": "Write description for this step:",
    "anyone": "Anyone",
    "language": "Language",
    "multiple_languages": "Multiple Languages",
    "is_use_controller_param": "Is Use Controller {yntgfullcontroller}",
    "is_use_controller_var": "Is Use Controller \"{yntgfullcontrollername}\"",
    "make_a_tour_position_setting_title": "Positioning \"Start The Tour\" button",
    "admin_menu_user_group_settings": "User Group Settings"
}