<product>
	<data>
		<store_id />
		<product_id>younet_notification4</product_id>
		<is_core>0</is_core>
		<title>YNC Advanced Feed Notification</title>
		<description>by YouNet Company</description>
		<version>4.02p1</version>
		<latest_version></latest_version>
		<last_check>0</last_check>
		<is_active>1</is_active>
		<url>https://phpfox.younetco.com/</url>
		<url_version_check></url_version_check>
		<icon>https://phpfox.younetco.com/files/2015/11/Advanced-Notification.png</icon>
		<vendor>YouNetCo</vendor>
	</data>
	<installs>
		<install>
			<version>3.01</version>
			<install_code><![CDATA[include(PHPFOX_DIR_MODULE . 'fanot/install/v3.01.php');]]></install_code>
			<uninstall_code></uninstall_code>
		</install>
		<install>
			<version>3.01p1</version>
			<install_code><![CDATA[include(PHPFOX_DIR_MODULE . 'fanot/install/v3.01p1.php');]]></install_code>
			<uninstall_code></uninstall_code>
		</install>
	</installs>
	<modules>
		<module_id>fanot</module_id>
	</modules>
</product>