<product>
	<data>
		<store_id />
		<product_id>younet_coupon4</product_id>
		<is_core>0</is_core>
		<title>YNC Coupon</title>
		<description>by YouNetCo</description>
		<version>4.02</version>
		<latest_version></latest_version>
		<last_check>0</last_check>
		<is_active>1</is_active>
		<url>https://phpfox.younetco.com/</url>
		<url_version_check></url_version_check>
		<icon>http://phpfox.younetco.com/files/2015/10/coupon.jpg</icon>
		<vendor>YouNetCo</vendor>
	</data>
	<installs>
		<install>
			<version>3.01</version>
			<install_code><![CDATA[include (PHPFOX_DIR_MODULE . 'coupon/install/v3.01.php');]]></install_code>
			<uninstall_code></uninstall_code>
		</install>
		<install>
			<version>3.01p2</version>
			<install_code><![CDATA[include (PHPFOX_DIR_MODULE . 'coupon/install/v3.01p2.php');]]></install_code>
			<uninstall_code></uninstall_code>
		</install>
		<install>
			<version>3.01p3</version>
			<install_code><![CDATA[include (PHPFOX_DIR_MODULE . 'coupon/install/v3.01p3.php');]]></install_code>
			<uninstall_code></uninstall_code>
		</install>
		<install>
			<version>3.02</version>
			<install_code><![CDATA[include (PHPFOX_DIR_MODULE . 'coupon/install/v3.02.php');]]></install_code>
			<uninstall_code></uninstall_code>
		</install>
		<install>
			<version>3.02p2</version>
			<install_code><![CDATA[include (PHPFOX_DIR_MODULE . 'coupon/install/v3.02p2.php');]]></install_code>
			<uninstall_code></uninstall_code>
		</install>
		<install>
			<version>3.03</version>
			<install_code><![CDATA[include (PHPFOX_DIR_MODULE . 'coupon/install/v3.03.php');]]></install_code>
			<uninstall_code></uninstall_code>
		</install>
		<install>
			<version>4.01</version>
			<install_code><![CDATA[include (PHPFOX_DIR_MODULE . 'coupon/install/v4.01.php');]]></install_code>
			<uninstall_code></uninstall_code>
		</install>
	</installs>
	<modules>
		<module_id>coupon</module_id>
	</modules>
</product>