<module>
	<data>
		<module_id>profile</module_id>
		<product_id>phpfox</product_id>
		<is_core>1</is_core>
		<is_active>1</is_active>
		<is_menu>0</is_menu>
		<menu />
		<phrase_var_name>module_profile</phrase_var_name>
		<version>4.6.1</version>
		<author>phpFox</author>
		<vendor>https://store.phpfox.com/</vendor>
		<description>phpFox default app</description>
		<apps_icon />
	</data>
	<blocks>
		<block type_id="0" m_connection="document.profile" module_id="profile" component="pic" location="1" is_active="1" ordering="1" disallow_access="" can_move="0">
			<title><![CDATA[Profile Photo &amp; Menu]]></title>
			<source_code />
			<source_parsed />
		</block>
	</blocks>
</module>