<module>
	<data>
		<module_id>profilecompleteness</module_id>
		<product_id>younet_pfcompleteness4</product_id>
		<is_core>0</is_core>
		<is_active>1</is_active>
		<is_menu>1</is_menu>
		<menu><![CDATA[a:2:{s:46:"profilecompleteness.admin_menu_global_settings";a:1:{s:3:"url";a:2:{i:0;s:19:"profilecompleteness";i:1;s:8:"settings";}}s:46:"profilecompleteness.admin_menu_weight_settings";a:1:{s:3:"url";a:2:{i:0;s:19:"profilecompleteness";i:1;s:14:"weightsettings";}}}]]></menu>
		<phrase_var_name>module_profilecompleteness</phrase_var_name>
		<version>4.02</version>
		<author>YouNet Company</author>
		<vendor>https://phpfox.younetco.com/</vendor>
		<description>by YouNet Company</description>
		<apps_icon>https://phpfox.younetco.com/files/2015/11/User-Profile-Completeness-Like-LinkedIn.png</apps_icon>
	</data>
	<blocks>
		<block type_id="0" m_connection="profile.index" module_id="profilecompleteness" component="profilecompleteness" location="1" is_active="1" ordering="1" disallow_access="" can_move="0">
			<title>Profile Completeness</title>
			<source_code />
			<source_parsed />
		</block>
	</blocks>
	<components>
		<component module_id="profilecompleteness" component="profilecompleteness" m_connection="" module="profilecompleteness" is_controller="0" is_block="1" is_active="1" />
	</components>
	<phrases>
		<phrase var_name="module_profilecompleteness" added="1516933443">Profile Completeness</phrase>
		<phrase var_name="admin_menu_global_settings" added="1516933443">Global Settings</phrase>
		<phrase var_name="admin_menu_weight_settings" added="1516933443">Weight Settings</phrase>
		<phrase var_name="admin_message_weight_settings" added="1516933443">Allow admin to setup points for each profile entry such that the system converts these points to percentage and display them in Front End.</phrase>
		<phrase var_name="profile_completeness" added="1516933443">Profile completeness</phrase>
		<phrase var_name="next" added="1516933443">Next</phrase>
		<phrase var_name="update_profile" added="1516933443">Update Profile</phrase>
		<phrase var_name="basic_information" added="1516933443">Basic Information</phrase>
		<phrase var_name="location" added="1516933443">Location</phrase>
		<phrase var_name="city" added="1516933443">City</phrase>
		<phrase var_name="zip_postal_code" added="1516933443">ZIP/Postal Code</phrase>
		<phrase var_name="date_of_birth" added="1516933443">Date of Birth</phrase>
		<phrase var_name="gender" added="1516933443">Gender</phrase>
		<phrase var_name="relationship_status" added="1516933443">Relationship Status</phrase>
		<phrase var_name="forum_signature" added="1516933443">Forum Signature</phrase>
		<phrase var_name="save_changes" added="1516933443">Save Changes</phrase>
		<phrase var_name="profile_address" added="1516933443">Profile Address</phrase>
		<phrase var_name="enter_gauge_color_in_hex" added="1516933443">Enter Gauge Color in Hex</phrase>
		<phrase var_name="profile_photo_weight" added="1516933443">Profile Photo Weight</phrase>
		<phrase var_name="enter_0_to_skip_photo_checking_by_default_it_s_included_with_value_2" added="1516933443"><![CDATA[Enter 0 to skip photo checking, by default it's included with value 2]]></phrase>
		<phrase var_name="whether_show_widget_or_not_when_100_completed" added="1516933443">Whether show widget or not when 100% completed</phrase>
		<phrase var_name="not_show_the_widget_when_100_completed" added="1516933443">Not show the widget when 100% completed</phrase>
		<phrase var_name="edit_weight_of_profile_fields" added="1516933443">Edit weight of profile fields</phrase>
		<phrase var_name="global_settings" added="1516933443">Global Settings</phrase>
		<phrase var_name="update_global_settings_successfully" added="1516933443">Update Global Settings successfully</phrase>
		<phrase var_name="update_weight_settings_successfully" added="1516933443">Update Weight Settings successfully</phrase>
		<phrase var_name="photo" added="1516933443">Photo</phrase>
		<phrase var_name="is_invalid" added="1516933443">is invalid</phrase>
		<phrase var_name="profile_photo" added="1516933443">Profile Photo</phrase>
		<phrase var_name="custom_group_test_user_group" added="1516933443">Test_user_group</phrase>
		<phrase var_name="Gauge Color in Hex is invalid" added="1516933443" />
	</phrases>
</module>