{
    "admin_menu_featured_news_management": "Featured News Management",
    "admin_menu_news_management": "News Management",
    "admin_menu_rss_provider_management": "RSS Provider Management",
    "admin_menu_add_a_new_rss_provider": "Add a New RSS Provider",
    "admin_menu_manage_categories": "Manage Categories",
    "admin_menu_add_category": "Add Category",
    "admin_menu_pending_news": "Pending News",
    "admin_menu_pending_rss_providers": "Pending RSS Providers",
    "module_foxfeedspro": "FoxFeedsPro",
    "category_order_successfully_updated": "Category order successfully updated.",
    "category_successfully_deleted": "Category successfully deleted.",
    "manage_categories": "Manage Categories",
    "are_you_sure": "Are you sure ?",
    "provide_a_category_name": "Provide a category name.",
    "cannot_delete_category_that_currently_has_related_data": "Cannot delete category that currently has related data.",
    "categories": "Categories",
    "delete": "Delete",
    "update_order": "Update Order",
    "no_categories_had_been_added": "No categories had been added.",
    "category_successfully_updated": "Category successfully updated.",
    "category_successfully_added": "Category successfully added.",
    "add_category": "Add Category",
    "select": "Select",
    "please_insert_category_name": "Please insert category name.",
    "category_details": "Category Details",
    "category_name": "Category Name",
    "parent_category": "Parent Category",
    "edit": "Edit",
    "edit_category": "Edit Category",
    "rss_provider_logo_url_is_not_valid": "The RSS Provider Logo URL is not valid.",
    "rss_provider_url_is_not_valid": "The RSS Provider URL is not valid.",
    "the_rss_provider_url_is_not_supported": "The RSS Provider URL is not supported.",
    "the_uploaded_logo_file_size_must_be_greater_than_zero": "The uploaded logo file size must be greater than zero.",
    "the_rss_provider_name_or_rss_provider_url_already_existed": "The RSS Provider Name or RSS Provider URL already existed.",
    "the_number_of_items_peer_rss_provider_is_invalid": "The number of items per RSS Provider is invalid.",
    "name_of_feed_cannot_be_empty": "Name of feed cannot be empty.",
    "feed_url_cannot_be_empty": "Feed URL cannot be empty.",
    "number_of_item_import_cannot_be_empty": "Number of item import cannot be empty.",
    "rss_provider_details": "RSS Provider Details",
    "rss_provider_name": "RSS Provider Name",
    "rss_provider_category": "RSS Provider Category",
    "rss_provider_logo_url": "RSS Provider Logo URL",
    "or_upload_logo_from_your_computer": "Or Upload Logo from Your Computer",
    "rss_provider_url": "RSS Provider URL",
    "language_package": "Language Package",
    "any": "Any",
    "items_per_feed_to_import": "Items Per Feed to Import",
    "display_order": "Display Order",
    "item_per_page": "Items per page",
    "number_of_item_full_description": "Number of Items full description",
    "is_active": "Is Active",
    "display_mini_logo": "Display Mini Logo",
    "display_logo": "Display Logo",
    "select_a_sub_category": "Select a sub category",
    "add_a_new_rss_provider": "Add a New RSS Provider",
    "the_feed_name_was_edited_successfully": "The \"{feed_name}\" was edited successfully.",
    "setting_number_feed_display": "<title>Number of RSS Providers displayed on homepage<\/title><info>Number of RSS Provider will be displayed on News HomePage<\/info>",
    "setting_number_top_news": "<title>Number of News displayed on Top News<\/title><info>Number of news will be displayed on \"Top News\" block.<\/info>",
    "setting_number_recent_news": "<title>Number of News displayed on Recent News<\/title><info>Number of news will be displayed on \"Recent News\" block.<\/info>",
    "setting_number_featured_news": "<title>Number of News displayed on Featured News<\/title><info>Number of news will be displayed on \"Featured News\" block.<\/info>",
    "setting_number_commented_news": "<title>Number of News displayed on Most Commented News<\/title><info>Number of News will be displayed on \"Most Commented News\" block.<\/info>",
    "setting_number_favorite_news": "<title>Number of News displayed on Favorite News<\/title><info>Number of news will be displayed on \"Favorite News\" block.<\/info>",
    "setting_number_related_news": "<title>Number of related news displayed on detail<\/title><info>Number of related news will be displayed on News Detail Page.<\/info>",
    "setting_number_day_delete": "<title>Number of Day To Delete News<\/title><info>Number of days for the system to automatically delete the news that are older than that period.<\/info>",
    "setting_is_auto_delete": "<title>Auto Delete News<\/title><info>Auto delete news that are older than a period of time.<\/info>",
    "setting_is_display_popup": "<title>View News Detail on Popup<\/title><info>Allow view news detail on Popup?<\/info>",
    "setting_is_friendly_url": "<title>Friendly URL<\/title><info>Enable friendly URL?<\/info>",
    "setting_is_random_featured": "<title>Add Random Featured News<\/title><info>Allow to add random featured news ?<\/info>",
    "setting_is_image_downloaded": "<title>Download The Images of News to Your Server<\/title><info>Allow to download news thumbnail to your server ?<\/info>",
    "user_setting_can_add_news_items": "Can add news items?",
    "user_setting_can_add_rss_provider": "Can add rss provider?",
    "user_setting_can_get_feed_data": "Can get data from feed?",
    "user_setting_auto_approve_posted_news": "Auto approved news posted by these users?",
    "user_setting_auto_approve_posted_rss_providers": "Auto approved rss provider added by these users?",
    "user_setting_can_post_comments_on_news_items": "Can post comments on news items?",
    "cannot_edit_rss_provider": "Cannot edit RSS provider",
    "the_feed_name_was_created_successfully": "The \"{feed_name}\" was created successfully",
    "cannot_add_rss_provider": "Cannot add RSS provider",
    "edit_rss_provider": "Edit RSS Provider",
    "all": "All",
    "active": "Active",
    "inactive": "Inactive",
    "pending": "Pending",
    "save_display_order": "Save Display Order",
    "rss_providers_display_order_was_successfully_updated": "RSS providers display order was successfully updated",
    "delete_selected": "Delete Selected",
    "selected_feeds_were_deleted_successfully": "Selected feeds were deleted successfully",
    "search_filter": "Search Filter",
    "status": "Status",
    "headline_logo": "Logo",
    "headline_feed_url": "Feed Url",
    "category": "Category",
    "headline_last_update": "Last Update",
    "order": "Order",
    "headline_options": "Options",
    "headline_status": "Status",
    "rss_link": "RSS link",
    "get_data": "Get Data",
    "declined": "Declined",
    "inactive_active": "Inactive \/ Active",
    "no_rss_provider_found": "No Rss provider found.",
    "rss_provider_management": "RSS Provider Management",
    "selected_news_items_were_deleted_successfully": "Selected news items were deleted successfully",
    "news_management": "News Management",
    "keywords": "Keywords",
    "headline_featured": "Featured",
    "headline_title": "Title",
    "headline_posted_date": "Posted Date",
    "no_news_item_found": "No news item found.",
    "the_uploaded_image_file_size_must_be_greater_than_zero": "The uploaded image file size must be greater than zero",
    "the_news_name_or_news_url_has_already_existed": "The news name or news url had already existed",
    "news_title_cannot_be_empty": "News title cannot be empty",
    "news_url_cannot_be_empty": "News url cannot be empty",
    "news_description_cannot_be_empty": "News description cannot be empty",
    "edit_news": "Edit News",
    "the_news_news_name_was_edited_successfully": "The news \"{news_name}\" was edited successfully",
    "cannot_edit_news": "Cannot edit news",
    "author": "Author",
    "title": "Title",
    "news_url_source": "News Url Source",
    "from_rss_provider": "From Rss Provider",
    "upload_news_thumbnail_image": "Upload News Thumbnail Image",
    "headline_description": "Description",
    "is_featured_news": "Is Featured News",
    "featured_news_management": "Featured News Management",
    "pending_news_management": "Pending News Management",
    "approve_selected": "Approved Selected",
    "decline_selected": "Decline Selected",
    "approve": "Approve",
    "the_news_had_been_approved": "The news had been approved.",
    "the_news_had_been_declined": "The news had been declined.",
    "the_rss_provider_had_been_approved": "The RSS provider had been approved.",
    "the_rss_provider_had_been_declined": "The Rss provider had been declined.",
    "pending_rss_provider_management": "Pending RSS Provider Management",
    "menu_foxfeedspro_foxfeedspro_fad58de7366495db4650cfefac2fcd61": "News",
    "latest": "Latest",
    "most_viewed": "Most Viewed",
    "most_discussed": "Most Discussed",
    "most_favorited": "Most Favorited",
    "search_news": "Search News",
    "most_viewed_news": "Most Viewed News",
    "most_commented_news": "Most Commented News",
    "most_favorited_news": "Most Favorited News",
    "latest_news": "Latest News",
    "search_result": "Search Result",
    "news": "News",
    "browse_all": "Browse All",
    "my_rss_providers": "My Rss Provider",
    "my_news": "My News",
    "my_favorited_news": "My Favorited News",
    "posted": "Posted",
    "comments": "Comments",
    "view_all": "View All",
    "favorited_news": "Favorited News",
    "favorites": "Favorites",
    "top_news": "Top News",
    "views": "Views",
    "recent_news": "Recent News",
    "no_news_found": "No news found.",
    "featured_news": "Featured News",
    "menu_foxfeedspro_add_new_rss_provider_e27fb9aa8592526fe0c5739b2030539d": "Add New RSS Provider",
    "add_rss_provider": "Add Rss Provider",
    "add_news": "Add News",
    "page_not_found": "Page not found.",
    "report_this_news": "Report this news",
    "add_to_your_favorite": "Add to your favorite",
    "remove_from_your_favorite": "Remove from your favorite",
    "favorite": "Favorite",
    "unfavorite": "Unfavorite",
    "read_on": "Read On",
    "the_news_had_been_added_to_your_favorite_list": "The news had been added to your favorite list",
    "the_news_had_been_removed_from_your_favorite_list": "The news had been removed from your favorite list",
    "full_name_commented_on_your_news_title": "{full_name} commented on your news \"{title}\".",
    "full_name_commented_on_your_news_message": "{full_name} commented on your news \"<a href=\"{link}\">{title}<\/a>\".\r\nTo see the comment thread, follow the link below:\r\n<a href=\"{link}\">{link}<\/a>",
    "full_name_commented_on_gender_news": "{full_name} commented on {gender} news.",
    "full_name_commented_on_news_full_name_s_news": "{full_name} commented on {news_full_name}&#039;s news.",
    "full_name_commented_on_gender_news_message": "{full_name} commented on {gender} news \"<a href=\"{link}\">{title}<\/a>\".\r\nTo see the comment thread, follow the link below:\r\n<a href=\"{link}\">{link}<\/a>",
    "full_name_commented_on_news_full_name_s_news_message": "{full_name} commented on {news_full_name}&#039;s news \"<a href=\"{link}\">{title}<\/a>\".\r\nTo see the comment thread, follow the link below:\r\n<a href=\"{link}\">{link}<\/a>",
    "unable_to_post_a_comment_on_this_item_due_to_privacy_settings": "Unable to post a comment on this item due to privacy settings.",
    "user_added_a_new_comment_on_their_own_news": "<a href=\"{user_link}\">{user_name}<\/a> added a new comment on their own <a href=\"{title_link}\">news<\/a>.",
    "user_added_a_new_comment_on_your_news": "<a href=\"{user_link}\">{user_name}<\/a> added a new comment on your <a href=\"{title_link}\">news<\/a>.",
    "user_name_added_a_new_comment_on_item_user_name_news": "<a href=\"{user_link}\">{user_name}<\/a> added a new comment on <a href=\"{item_user_link}\">{item_user_name}&#039;s<\/a> <a href=\"{title_link}\">news<\/a>.",
    "posted_a_comment_on_gender_news_a_href_link_title_a": "posted a comment on {gender} news <a href=\"{link}\"> {title}<\/a>",
    "posted_a_comment_on_user_name_s_news_a_href_link_title_a": "posted a comment on {user_name}&#039;s news \"<a href=\"{link}\">{title}<\/a>\"",
    "users_commented_on_gender_news_title": "{users} commented on {gender} news \"{title}\"",
    "users_commented_on_your_news_title": "{users} commented on your news \"{title}\"",
    "full_name_wrote_a_comment_on_your_news_news_title": "<a href=\"{user_link}\">{full_name}<\/a> wrote a comment on your news \"<a href=\"{news_link}\">{news_title}<\/a>\".",
    "full_name_liked_your_news_title": "{full_name} liked your news \"{title}\"",
    "full_name_liked_your_news_link_title": "{full_name} liked your news \"<a href=\"{link}\">{title}<\/a>\"\r\nTo view this news follow the link below:\r\n<a href=\"{link}\">{link}<\/a>",
    "a_href_user_link_full_name_a_likes_their_own_a_href_link_blog_a": "<a href=\"{user_link}\">{full_name}<\/a> likes {gender} own <a href=\"{link}\">news<\/a>.",
    "a_href_user_link_full_name_a_likes_a_href_view_user_link_view_full_name_a_s_a_href_link_news_a": "<a href=\"{user_link}\">{full_name}<\/a> likes <a href=\"{view_user_link}\">{view_full_name}<\/a>&#039;s <a href=\"{link}\">news<\/a>.",
    "a_href_user_link_full_name_a_likes_your_a_href_link_news_a": "<a href=\"{user_link}\">{full_name}<\/a> likes your <a href=\"{link}\">news<\/a>.",
    "users_liked_gender_own_news_title": "{users} liked {gender} own news \"{title}\"",
    "users_liked_your_news_title": "{users} liked your news \"{title}\"",
    "users_liked_span_class_drop_data_user_row_full_name_s_span_news_title": "{users} liked <span class=\"drop_data_user\">{row_full_name}&#039;s<\/span> news \"{title}\"",
    "admin_approved_your_rss_link": "Admin approved your RSS link \"{feed_name}\"",
    "admin_declined_your_rss_link": "Admin declined your RSS link \"{feed_name}\"",
    "admin_approved_your_news": "Admin approved your news \"{news_title}\"",
    "admin_declined_your_news": "Admin declined your news \"{news_title}\"",
    "cannot_find_the_related_rss_provider": "Cannot find the related rss provider.",
    "the_news_url_is_not_valid": "The news url is not valid.",
    "the_news_news_name_was_created_successfully": "The news \"{news_name}\" was created successfully.",
    "cannot_add_news": "Cannot add news",
    "you_must_have_a_least_one_rss_provider_before_you_can_add_a_news": "You must have at least one rss provider before you can add a news.",
    "cannot_find_the_related_news": "Cannot find the related news.",
    "user_setting_can_view_news": "Can view news items?",
    "subscribe": "Subscribe",
    "unsubscribe": "Unsubscribe",
    "subscribe_this_feed": "Subscribe this feed",
    "unsubscribe_this_feed": "Unsubscribe this feed",
    "you_had_subscribed_this_feed": "You had subscribed this feed.",
    "you_had_unsubscribed_this_feed": "You had unsubscribed this feed.",
    "some_latest_news_had_been_updated_on_the_feed_feed_name": "Some latest news had been updated on the feed \"{feed_name}\"",
    "setting_parse_news_directly": "<title>Parse News Directly On Site<\/title><info>If set YES, the module will parse news using the parser integrated in the module. If not the module will parse news through YouNet news service server. (Recommend to set NO if your site is slow and cannot execute large resource).<\/info>",
    "setting_parse_full_news_content": "<title>Parse Full News Content<\/title><info>If set TRUE, the parser will get full news content.<\/info>",
    "setting_display_full_news_content": "<title>Display Full News Content<\/title><info>If set FALSE, the plugin will display the news description instead of it &#039;s full content.<\/info>",
    "headline_content": "Content",
    "posted_a_news": "posted a news",
    "original_link": "Original link",
    "rss_feed_parse": "RSS Feed Parse",
    "rss_feed_only": "RSS Feed Only",
    "get_news_content_0_to_display_whole_news_other_numbers_to_display_limited_characters": "Get News Content (0 to display whole News, other numbers to display limited characters)",
    "parse_rss_feed_to_get_full_content": "Parse RSS Feed to get full content",
    "setting_setting_subcategories_to_show_at_first": "<title>How many subcategories to show at first<\/title><info>This setting tells how many subcategories are to be shown at first. If the list of subcategories is longer than this value the extra ones will be hidden and a \"View More\" option will be shown instead, allowing the user to display the hidden subcategories. \r\n\r\na \"View Less\" option will be available to provide the full \"accordion\" effect. \r\n\r\nIf you set it to zero (\"0\" without quotes) it will hide every subcategory and a plus sign will show next to the category name, clicking the plus sign will show that category&#039;s subcategories.<\/info>",
    "menu_foxfeedspro_add_category_23d7d51ddfa4242fb96df022402e057a": "Add Category",
    "submit": "Submit",
    "my_categories": "My Categories",
    "add_to_your_category": "Add To Your Category",
    "setting_is_using_advanced_category": "<title>Using advanced category feature<\/title><info>When this setting is true, an advanced category system will be applied for your site. All old categories are kept intact. There will be changed in category layout; moreover, each user can have their own category.<\/info>",
    "user_setting_approve_feed_before_display": "Should feeds added by this user group be approved before they are displayed publicly?",
    "decline": "Decline",
    "actions": "Actions",
    "approved": "Approved",
    "user_setting_can_edit_approved_feed": "Can an user edit his own feed after it is approved?",
    "user_setting_can_delete_approved_feed": "Can a user delete a feed after it is approved?",
    "view_more": "View More",
    "comment_s": "Comment(s)",
    "user_setting_can_add_rss_provider_in_profile": "Can add RSS provider in profile?",
    "manage_rss_provider": "Manage RSS Provider",
    "rss": "RSS",
    "add_rss_provider_uppercase": "Add RSS Provider",
    "delete_news_after_every_x_days": "Delete news after every (X) days",
    "day_s": "day(s)",
    "the_number_of_delete_news_after_every_x_days_is_invalid": "The number of \"Delete news after every (X) days\" is invalid.",
    "posted_a_new_entry": "posted a new entry",
    "setting_foxfeedspro_meta_keywords": "<title>Foxfeedspro Meta Keywords<\/title><info>Meta keywords that will be displayed on sections related to the Foxfeedspro module.<\/info>",
    "setting_foxfeedsprofoxfeedspro_meta_description": "<title>Foxfeedspro Meta Description<\/title><info>Meta description added to pages related to the Foxfeedspro module.<\/info>",
    "you_cannot_edit_item_of_other_user": "You cannot edit item of other user.",
    "tags": "Tags",
    "separate_multiple_topics_with_commas": "Separate multiple topics with commas.",
    "cloud_tags": "Cloud Tags",
    "the_uploaded_favicon_file_size_must_be_greater_than_zero": "The uploaded favicon file size must be greater than zero.",
    "current_favicon": "Current Favicon",
    "favicon": "Favicon",
    "setting_public_id_addthis_news": "<title>Addthis Public Id<\/title><info>Addthis Public Id<\/info>",
    "get_data_of_feed_successfully": "Get data of {feed} successfully!",
    "add_provider_to_category_successfully": "Add provider to category Successfully!",
    "posted_few_entries": "posted {total} new entries in <a href=\"{rssLink}\">{rssTitle}<\/a>",
    "multiple_view": "Views",
    "one_view": "View"
}