{
    "module_resume": "Resume",
    "translate_module_resume": "Resume",
    "menu_resume_resume_fad58de7366495db4650cfefac2fcd61": "Resume",
    "menu_resume_create_new_resume_d41d8cd98f00b204e9800998ecf8427e": "Create New Resume",
    "admin_menu_manage_resumes": "Manage Resumes",
    "admin_menu_add_category": "Add Category",
    "admin_menu_manage_categories": "Manage Categories",
    "admin_menu_add_level": "Add Level",
    "admin_menu_manage_levels": "Manage Levels",
    "provide_resume_category": "Provide a resume category name.",
    "category_successfully_updated": "Category Successfully Updated",
    "category_successfully_added": "Category successfully added.",
    "edit_category": "Edit Category",
    "add_category": "Add New Category",
    "category_details": "Category Details",
    "category_name": "Category Name",
    "please_insert_category_name": "Please insert category name.",
    "parent_category": "Parent Category",
    "select": "Select",
    "select_a_sub_category": "Select a Sub-Category",
    "category_order_successfully_updated": "Category order successfully updated.",
    "category_successfully_deleted": "Category successfully deleted.",
    "manage_categories": "Manage Categories",
    "are_you_sure_this_will_remove_this_category_from_all_related_resumes_and_cannot_be_undone": "Are you sure? This will remove this category from all related resumes and cannot be undone.",
    "edit": "Edit",
    "delete": "Delete",
    "categories": "Categories",
    "update_order": "Update Order",
    "add_level": "Add Level",
    "level_title": "Level Title",
    "add_new_level": "Add New Level",
    "please_insert_level_title": "Please insert level title.",
    "level_details": "Level Details",
    "level_successfully_added": "Level successfully added.",
    "basic_information": "Basic Information",
    "summary": "Summary",
    "experience": "Experience",
    "education": "Education",
    "add_skill_expertise": "Add Skill & Expertise",
    "certifications": "Certifications",
    "languages": "Languages",
    "publications": "Publications",
    "additional_information": "Additional Information",
    "view_my_resume": "View this resume",
    "basic_info": "Basic Info",
    "personal_information": "Personal Information",
    "full_name": "Full name",
    "date_of_birth": "Date of Birth",
    "gender": "Gender",
    "marital_status": "Marital Status",
    "single": "Single",
    "married": "Married",
    "others": "Others",
    "phone_number": "Phone number",
    "home": "Home",
    "work": "Work",
    "mobile": "Mobile",
    "add_phone": "Add Phone",
    "imail": "Imail",
    "aim": "AIM",
    "skype": "Skype",
    "windows_live_messenger": "Windows Live Messenger",
    "yahoo_messenger": "Yahoo Messenger",
    "icq": "ICQ",
    "gtalk": "GTalk",
    "add_im": "Add IM",
    "email_address": "Email Address",
    "add_address": "Add Address",
    "photo": "Photo",
    "update": "Update",
    "create_new_resume": "Create New Resume",
    "are_you_sure": "Are you sure?",
    "you_can_add_49_more_skill_s_to_your_profile": "You can add 49 more skill(s) to your profile.",
    "you_must_have_a_minimum_of_total_predefined": "You must have a minimum of {total} predefined",
    "you_reach_the_maximum_of_total_predefined": "You have reached your limit.",
    "delete_selected": "Delete Selected",
    "no_levels_had_been_added": "No levels had been added.",
    "websites": "Websites",
    "sport": "Sport",
    "movies": "Movies",
    "interests": "Interests",
    "music": "Music",
    "resume_name": "Professional \"Headline\"",
    "location": "Location",
    "city": "City",
    "zip_code": "Zip code",
    "options": "Options",
    "highest_level": "Highest Level",
    "years_of_experience": "Years of Experience",
    "magazine": "Magazine",
    "year_of_publication": "Year of publication",
    "choose": "Choose...",
    "note": "Note",
    "levels": "Levels",
    "name": "Name",
    "level": "Level",
    "company_name": "Company Name",
    "title": "Title",
    "time_period": "Time Period",
    "i_currently_work_here": "I currently work here",
    "description": "Description",
    "please_enter_level_title": "Please enter level title!",
    "shool_name": "School Name",
    "degree": "Degree",
    "field_of_study": "Field of Study",
    "dates_attended": "Dates Attended",
    "tip_current_students_enter_your_expected_graduation_year": "Tip: Current students: enter your expected graduation year",
    "to": "to",
    "grade": "Grade",
    "activities_and_societies": "Activities and Societies",
    "tip_use_commas_to_separate_multiple_activities": "Tip: Use commas to separate multiple activities",
    "additional_notes": "Additional Notes",
    "year": "Year",
    "no_categories_had_been_added": "No categories had been added.",
    "admin_menu_manage_view_service_registration": "Manage Service",
    "setting_maximum_resumes": "<title>Maximum Resumes<\/title><info>The maximum resume number that a member can create.<\/info>",
    "setting_maximum_resumes_search": "<title>Maximum Resumes Search<\/title><info>The maximum resume number that can be shown on the search page.<\/info>",
    "setting_checking_approval_mode": "<title>Checking Approval Mode<\/title><info>Setup the approval mode for manually approving the members&#039; resumes or automatically approving them.<\/info>",
    "setting_required_fields": "<title>Required Fields<\/title><info>Setup the required section for a resume. Values that are available are: <b>experience<\/b>, <b>education<\/b>, <b>skills<\/b>, <b>certification<\/b>, <b>language<\/b>, <b>publication<\/b> and <b>addition<\/b>.<\/info>",
    "user_setting_can_approve_resume": "Can approve resumes created by users?",
    "user_setting_can_add_resume_sections": "Can add sections from resume profile?",
    "user_setting_can_edit_other_resume": "Can edit resumes of other users?",
    "user_setting_can_favorite_resumes": "Can favorite resumes ?",
    "user_setting_can_add_a_note_on_resumes": "Can add a note on resumes ?",
    "user_setting_can_delete_own_resumes": "Can delete own resumes?",
    "user_setting_can_delete_other_resumes": "Can delete resumes created by other users?",
    "user_setting_can_send_message_to_resume_owner": "Can send messages to resume owner? (This option is used for the viewer that views resumes).",
    "user_setting_can_send_message_to_resume_viewer": "Can send messages to the resume viewers? (This option is used for the resume owners that want to contact with the users who viewed their resumes).",
    "user_setting_can_vew_full_information_of_resumes": "Can view full information of resumes?",
    "user_setting_can_view_viewer_information": "Can view information of viewer from \"Who&#039;s viewed me\" space?",
    "user_setting_resume_category_numbers": "Maximum number of categories that a resume can include?",
    "user_setting_resume_viewer_numbers": "Maximum number of viewers that showed on \"Who&#039;s viewed me\" space (0 means \"Unlimited\")?",
    "user_setting_number_resumes_viewer_can_view": "Number of resumes that member can view details ( 0 means \"Unlimited\").",
    "user_setting_can_create_resumes": "Can create resumes?",
    "training_in_place": "Training in place",
    "course_s_name": "Course&#039;s Name",
    "certification_s_name": "Certification&#039;s Name",
    "all_resumes": "All Resumes",
    "my_resumes": "My Resumes",
    "favorite_resumes": "Favorite Resumes",
    "who_viewed_me": "Who&#039;s Viewed Me",
    "service_information": "Service Information",
    "resume": "Resume",
    "search_resumes": "Search Resumes",
    "latest": "Latest",
    "most_viewed": "Most Viewed",
    "most_favorited": "Most Favorited",
    "updated": "Updated",
    "created": "Created",
    "views": "view(s)",
    "favorites": "favorite(s)",
    "no_resumes_found": "No resumes found.",
    "your_basic_information_added_successfully": "Your basic information added successfully!",
    "your_basic_information_updated_successfully": "Your basic information updated successfully!",
    "view_detail": "View detail",
    "are_you_sure_you_want_to_delete_this_resume": "Are you sure that you want to delete this resume? All related data will be also deleted and cannot be undone.",
    "publish": "Publish",
    "private": "Private",
    "resume_deleted_successfully": "Resume deleted successfully.",
    "cannot_find_the_related_resume_to_delete": "Cannot find the related resume to delete.",
    "publish_resume": "Publish Resume",
    "your_resume_will_be_shown_on_the_site": "Your resume will be shown on the site.",
    "show_image": "Show my image",
    "show_full_name": "Show my full name",
    "show_current_working": "Show my current working company name",
    "your_resume_had_been_published_successfully": "Your resume had been published successfully!",
    "are_you_sure_you_want_to_set_private_this_resume": "Are you sure that you want to set private this resume?",
    "cannot_found_the_related_resume": "Cannot find the related resume.",
    "your_resume_had_been_set_private_successfully": "Your resume had been set private successfully!",
    "published": "Published",
    "approved": "Approved",
    "incomplete": "Incomplete",
    "approving": "Approving",
    "denied": "Denied",
    "add_full_name_to_your_resume": "Add full name to your resume",
    "not_a_valid_file_extension_we_only_accept_jpg_gif_png_jpeg": "Not a valid file extension. We only accept: jpg, gif, png, jpeg",
    "male": "Male",
    "female": "Female",
    "email_address_is_invalid": "Email Address is invalid",
    "date_of_birth_is_invalid": "Date of Birth is invalid",
    "add_headline_to_your_resume": "Add headline to your resume",
    "add_summary_to_your_resume": "Add summary to your resume",
    "list_of_positions": "List of positions",
    "at": "at",
    "years": "years",
    "not_selected": "Not selected",
    "im": "IM",
    "email": "Email",
    "contact_info": "Contact Info",
    "skills_expertise": "Skills & Expertise",
    "no_categories_added": "No categories added.",
    "present": "Present",
    "months": "months",
    "attended": "Attended",
    "category": "Categories",
    "tip_when_you_view_a_resume_owner_will_see_these_information": "Tip: When you view a resume, owner will see these information",
    "your_name": "Your Name",
    "hide_me": "Hide me",
    "tip_member_can_not_view_your_name_if_you_use_hide_me": "Tip: Member can not view your name if you use \"hide me\"",
    "website": "Website",
    "tip_we_will_use_this_email_to_notificate_for_you_when_member_send_you_a_message": "Tip: We will use this email to notificate for you when member send you a message",
    "telephone": "Telephone",
    "type": "Type",
    "employee": "Employee",
    "employer": "Employer",
    "employee_employer": "Employee & Employer",
    "submit": "Submit",
    "add_full_name_to_your_account": "Add Full name to your account",
    "add_company_name_to_your_account": "Add Company Name to your account",
    "add_email_to_your_account": "Add Email to your account",
    "your_account_added_successfullly": "Your account added successfully",
    "your_account_updated_successfully": "Your account updated successfully",
    "add_telephone_to_your_account": "Add Telephone to your account",
    "years_of_experience_is_invalid": "Years of Experience is invalid",
    "manage_view_service_registration": "Manage View Service Registration",
    "view_resume": "View Resume",
    "id": "Id",
    "owner": "Owner",
    "tel": "Tel",
    "registered_date": "Registered date",
    "approve_view": "View resume service",
    "approve_who_view": "Who&#039;s viewed me service",
    "no_account_is_found": "No account is found",
    "view": "View",
    "yes": "Yes",
    "no": "No",
    "none": "None",
    "upgrade_to_view": "Upgrade to view",
    "complete": "Complete",
    "status": "Status",
    "likes": "Likes",
    "backend_views": "Views",
    "add": "Add",
    "add_a_photo": "Add a photo",
    "of_resume_complete": "of Resume Complete",
    "resume_completion_tips": "Resume Completion Tips",
    "add_another_position": "Add another position",
    "completed": "Completed",
    "add_your_skill_expertise": "Add your skill & expertise",
    "add_your_education": "Add your education",
    "add_a_picture": "Add a picture",
    "all": "All",
    "headline": "Headline",
    "add_sections_to_refelct_archivement_and_experience_on_your_profile": "<b>Add Sections<\/b> to reflect achievement and experience on your profile",
    "add_section": "Add Section",
    "add_a_summary": "Add a Summary",
    "add_experience": "Add Experience",
    "add_a_skill": "Add a Skill",
    "add_a_school": "Add a School",
    "reset": "Reset",
    "search": "Search",
    "filter_resumes": "Filter Resumes",
    "hide_name": "hide name",
    "hide_photo": "hide photo",
    "hide_lastest_company_name": "hide lastest company name",
    "keywords": "Keywords",
    "company": "Company",
    "school": "School",
    "skill": "Skill",
    "advanced_search": "Advanced Search",
    "import_from_linkedin": "Import from LinkedIn",
    "search_from": "Search from",
    "skip": "Skip",
    "add_a_position": "Add a position",
    "add_a_language": "Add a Language",
    "add_a_publication": "Add a Publication",
    "other": "Other",
    "start_year_is_invalid": "Start year is invalid",
    "end_year_is_invalid": "End year is invalid",
    "favorite": "Favorite",
    "send_message": "Send Message",
    "add_a_certification": "Add a Certification",
    "untitled_resume": "Untitled Resume",
    "add_current_work": "Add current work",
    "lowercase_year": "year",
    "month": "month",
    "add_language_name_to_your_resume": "Add language name to your resume",
    "add_magazine_name_to_your_resume": "Add magazine name to your resume",
    "add_certification_s_name_to_your_resume": "Add Certification&#039;s name to your resume",
    "add_school_name_to_your_resume": "Add School name to your resume",
    "add_company_name_to_your_resume": "Add Company name to your resume",
    "editing_resume": "Managing Resume",
    "from": "From",
    "setting": "Setting",
    "edit_photo": "Edit Photo",
    "moderate": "Moderate",
    "resume_s_successfully_deleted": "Resume(s) was successfully deleted.",
    "unfavorite": "Unfavorite",
    "viewed_date": "Viewed date",
    "unnote": "Unnote",
    "view_more": "View More",
    "register_now": "Register Now",
    "add_note": "Add Note",
    "to_view_more_please_register_who_viewed_me_service": "Upgrade to Premium Account to see full list of who&#039;s viewed your resume",
    "send": "Send",
    "your_message": "Your message",
    "title_is_not_allowed_empty": "Title is not allowed empty",
    "message_is_not_allowed_empty": "Message is not allowed empty",
    "no_message_is_found": "No message is found",
    "persons_viewed_your_resume": "{person} persons viewed your resume.",
    "approve": "Approve",
    "deny": "Deny",
    "admin_menu_statistic": "Statistics",
    "statistic": "Statistic",
    "users_approved_gender_own_resume_title": "{users} approved {gender} own resume \"{title}\"",
    "users_approved_your_resume_title": "{users} approved your resume \"{title}\"",
    "users_approved_span_class_drop_data_user_row_full_name_s_span_resume_title": "{users} approved <span class=\"drop_data_user\">{row_full_name}&#039;s<\/span> resume \"{title}\"",
    "users_denied_span_class_drop_data_user_row_full_name_s_span_resume_title": "{users} denied <span class=\"drop_data_user\">{row_full_name}&#039;s<\/span> resume \"{title}\"",
    "users_denied_your_resume_title": "{users} denied your resume \"{title}\"",
    "users_denied_gender_own_resume_title": "{users} denied {gender} own resume \"{title}\"",
    "users_added_your_resume_title_to_gender_favorite_list": "{users} added your resume \"{title}\" to {gender} favorite list",
    "users_added_gender_own_resume_title_to_the_favorite_list": "{users} added {gender} own resume \"{title}\" to the favorite list",
    "users_added_span_class_drop_data_user_row_full_name_s_span_resume_title_to_gender_favorite_list": "{users} added <span class=\"drop_data_user\">{row_full_name}&#039;s<\/span> resume \"{title}\" to {gender} favorite list",
    "viewed": "Viewed",
    "users_approved_gender_own_registration_to_have_a_full_view_on_resumes": "{users} approved {gender} own registration to have a  full view on resumes.",
    "users_approved_your_registration_to_have_a_full_view_on_resumes": "{users} approved your registration to have a full view on resumes",
    "users_approved_span_class_drop_data_user_row_full_name_s_span_registration_to_have_a_full_view_on_resumes": "{users} approved <span class=\"drop_data_user\">{row_full_name}&#039;s<\/span> registration to have a full view on resumes",
    "users_unapproved_gender_own_registration_to_have_a_full_view_on_resumes": "{users} unapproved {gender} own registration to have a  full view on resumes.",
    "users_unapproved_your_registration_to_have_a_full_view_on_resumes": "{users} unapproved your registration to have a full view on resumes",
    "users_unapproved_span_class_drop_data_user_row_full_name_s_span_registration_to_get_resume_full_view": "{users} unapproved <span class=\"drop_data_user\">{row_full_name}&#039;s<\/span> registration to have a full view on resumes",
    "users_approved_gender_own_registration_to_have_a_full_view_on_who_view_me_page": "{users} approved {gender} own registration to have a full view on who view me page",
    "users_approved_your_registration_to_have_a_full_view_on_who_view_me_page": "{users} approved your registration to have a full view on \"Who&#039;s Viewed Me\" page",
    "users_approved_span_class_drop_data_user_row_full_name_s_span_registration_on_who_view_me": "{users} approved <span class=\"drop_data_user\">{row_full_name}&#039;s<\/span> registration to have a full view on \"Who&#039;s Viewed Me\" page",
    "users_unapproved_gender_own_registration_to_have_a_full_view_on_who_view_me_page": "{users} unapproved {gender} own registration to have a full view on who view me page",
    "users_unapproved_your_registration_to_have_a_full_view_on_who_view_me_page": "{users} unapproved your registration to have a full view on \"Who&#039;s Viewed Me\" page",
    "users_unapproved_span_class_drop_data_user_row_full_name_s_span_registration_on_who_view_me": "{users} unapproved <span class=\"drop_data_user\">{row_full_name}&#039;s<\/span> registration to have a full view on \"Who&#039;s Viewed Me\" page",
    "view_details": "View Details",
    "add_category_to_your_resume": "Add category to your resume",
    "sent_messages": "Sent Messages",
    "your_summary_updated_successfully": "Your summary updated successfully!",
    "your_experience_added_successfully": "Your experience added successfully!",
    "your_experience_updated_successfully": "Your experience updated successfully!",
    "your_education_added_successfully": "Your education added successfully!",
    "your_education_updated_successfully": "Your education updated successfully!",
    "add_position_level_to_your_resume": "Add position level to your resume",
    "add_job_title_to_your_resume": "Add job title to your resume",
    "add_a_headline": "Add a headline",
    "add_working_time_period_to_your_resume": "Add working time period to your resume",
    "add_email_address": "Add email address",
    "add_marital_status": "Add marital status",
    "add_gender": "Add gender",
    "add_date_of_birth": "Add date of birth",
    "add_full_name": "Add full name",
    "add_location": "Add location",
    "add_city": "Add city",
    "add_zip_code": "Add zip code",
    "add_year_of_experience": "Add year of experience",
    "add_your_skills_expertise": "Add your skills & expertise",
    "add_your_experience": "Add your experience",
    "add_your_language": "Add your language",
    "add_your_publication": "Add your publication",
    "add_your_certification": "Add your certification",
    "add_your_addition": "Add your addition",
    "add_education_degree_to_your_resume": "Add education degree to your resume",
    "add_education_field_to_your_resume": "Add education field to your resume",
    "add_start_study_time_to_your_resume": "Add start study time to your resume",
    "add_end_study_time_to_your_resume": "Add end study time to your resume",
    "your_skill_expertise_updated_successfully": "Your Skill & Expertise updated successfully!",
    "your_certification_added_successfully": "Your certification added successfully!",
    "your_certification_updated_successfully": "Your certification updated successfully!",
    "list_of_certifications": "List of Certifications",
    "list_of_schools": "List of schools",
    "contacted": "Contacted",
    "no_name": "No name",
    "list_of_languages": "List of languages",
    "your_language_added_successfully": "Your language added successfully!",
    "your_language_updated_successfully": "Your language updated successfully!",
    "your_publication_added_successfully": "Your publication added successfully!",
    "your_publication_updated_successfully": "Your publication updated successfully!",
    "list_of_publication": "List of Publication",
    "your_addition_information_added_successfully": "Your addition information added successfully!",
    "your_addition_information_updated_successfully": "Your addition information updated successfully!",
    "admin_menu_weight_settings": "Weight Settings",
    "edit_weight_of_resume_fields": "Edit weight of resume fields",
    "savechangesresume": "SaveChangesResume",
    "save_changes": "Save Changes",
    "your_headline": "Your Headline",
    "resume_headline": "Resume Headline",
    "each_users_only_can_create_maximum_limit_resume": "You can just create maximum {limit} resume(s).",
    "maximum_resumes": "Maximum Resumes",
    "contact_information": "Contact Information",
    "or": "or",
    "cancel_service": "Cancel Service",
    "cancel": "Cancel",
    "you_are_using_the_services": "You are using the Services:",
    "cannot_delete_category_that_currently_has_related_data": "Cannot delete category that currently has related data.",
    "both": "Both",
    "backend_favorites": "Favorites",
    "used": "Used",
    "cannot_delete_level_that_already_has_related_data": "Cannot delete level that already has related data.",
    "allowviewedresume": "You can just view maximum {count} resume. To view all, you have to upgrade account to \"view resume\" by clicking at <a href=\"{url}\">here<\/a>",
    "uppercase_month": "Month",
    "maximum_note_length": "Maximum 500 characters",
    "resume_not_found": "Resume not found.",
    "private_name": "Private Name",
    "contact_mail_to_who_view": "{full_name} has just contact to you. Please visit the following link to check it.\r\n<a href=\"{link}\" target=\"_blank\">{link}</a>\r\n\r\n{message}",
    "please_be_sure_the_start_year_is_not_the_end_year": "Please be sure the start year is not later than the end year.",
    "please_be_sure_the_start_date_is_not_after_the_end_date": "Please be sure the start date is not later than the end date.",
    "setting_total_resume_display": "<title>Number of  Resumes Display<\/title><info>Define how many resume a user can view at once when searching on the public resume section?<\/info>",
    "delete_process_is_completed_note_that_some_levels_cannot_be_deleted_if_they_are_in_used": "Delete process is completed. Note that some levels cannot be deleted if they are in used.",
    "resumes": "Resumes",
    "register_view_resume": "Register \"View Resume\"",
    "register_who_viewed_me": "Register \"Who&#039;s Viewed Me\"",
    "statistics": "Statistics",
    "you_have_successfully_registered_it_is_pending_for_approving": "You have successfully registered. It is pending for approving.",
    "please_contact_admin_to_install_social_bridge": "Please contact admin to install Social Bridge",
    "n_a": "N\/A",
    "maximum_selected_category_number_is_number": "Maximum selected category number is {number}.",
    "you_can_only_select_number_categories": "You can only select {number} categories.",
    "please_choose_the_service_which_you_want_to_use": "Please choose the service which you want to use",
    "tip_the_following_information_only_contact_to_admin": "Tip: The following information only contact to admin",
    "tip_who_view_me": "<br\/>\r\nTip: You need to register using \"who&#039;s viewed me\" service to view alls",
    "import_resume_successfully": "Import resume successfully.",
    "cannot_import_resume_from_linkedin": "Cannot import resume from linkedIn",
    "cannot_import_resume_from_linkedIn": "Cannot import resume from linkedIn",
    "menu_resume_add_new_resume_69f2afc2390cec954f7c208b07212d39": "Create New Resume",
    "authorized_location": "Authorized to work on Location",
    "authorized_country_iso": "Authorized to work on Country",
    "authorized_level_id": "Authorized to work on Position",
    "publication_type": "Publication Type",
    "book": "Book",
    "publication_url": "Publication Url",
    "publisher": "Publisher",
    "uppercase_day": "Day",
    "author": "Author",
    "add_author": "Add Author",
    "add_publication_title_to_your_resume": "Please add publication title to your resume.",
    "add_publication_type_to_your_resume": "Please add publication type to your resume.",
    "resume_completeness": "Resume Completeness",
    "next": "Next",
    "view_resume_registration_message": "You are not permited to view resume yet. Please register to use our \"View Resume\" service.",
    "view_all": "View all",
    "more": "More",
    "manage_resume": "Manage Resume",
    "no_created_resume": "You have not created any resumes yet. Create a new one <a href=\"{link}\">here<\/a>",
    "authorized_to_work_on": "Authorized to work in",
    "country": "Country",
    "position": "Position",
    "your_information": "Your Information",
    "who_s_viewed_me": "Who&#039;s viewed me",
    "members": "members",
    "view_all_resumes": "View all Resumes",
    "upgrade_your_account_to_see_full_list_of_resumes": "Upgrade your account to see full list of resumes",
    "admin_menu_global_settings": "Global Settings",
    "who_s_viewed_me_group": "Who&#039;s viewed me group",
    "view_all_resume_group": "View all Resumes group",
    "configure_the_group_for_using_who_s_viewed_me_service": "Configure the group after registering \"Who&#039;s viewed me\" service",
    "configure_the_group_for_using_view_all_resume_service": "Configure the group after registering \"View all Resumes\" service",
    "settings_successfully_updated": "Settings successfully updated",
    "please_chooose_default_group_for_who_s_view_me_service_and_view_all_resume_service_before_upgrading": "Please chooose default group for Who&#039;s view me service and View all Resumes service before upgrading service.",
    "are_you_sure_you_want_to_publish_this_resume": "Are you sure you want to publish this resume?",
    "user_setting_maximum_resumes": "The maximum resume number that a member can create (0 means unlimited).",
    "user_setting_checking_approval_mode": "Set this to TRUE if the published resumes must be approved before they are visible to the public",
    "search_members": "Search Members",
    "upgrade_you_account_to_see_the_full_list_of_who_s_viewed_you_resume": "Upgrade your account to see the full list of who&#039;s viewed you resume",
    "full_name_s_resumes": "{full_name}&#039;s resumes",
    "full_name_s_resumes_on_site_title": "{full_name}&#039;s resumes on {site_title}",
    "who_s_view_me": "Who&#039;s view me",
    "upgrade_to_premium_account": "Upgrade to Premium Account",
    "your_request_has_been_sent_successfully": "Your request has been sent successfully",
    "no_viewer_is_found": "No viewer is found.",
    "your_profile_has_been_viewed_by_total_view_people_in_this_time_period": "Your Profile has been viewed by {total_view} people in this time period",
    "upgrade_to_premium_account_to_see_all_resume_as_well_as_use_who_s_viewed_me_service": "Upgrade to Premium Account to see all resume as well as use \"who&#039;s viewed me\" service",
    "your_request_has_been_sent_please_wait_approve_from_administrator": "Your request has been sent. Please wait approve from Administrator!",
    "currently_you_can_only_view_your_friend_resumes": "Currently, you can only view your friend resumes.",
    "my_noted_resumes": "My Noted Resumes",
    "my_favorite_resumes": "My Favorite Resumes",
    "your_note_in_resume_of_full_name": "Your note in resume of {full_name}",
    "click_here": "Click here",
    "to_register_view_all_resume_service_to_view_full_list_of_resume": "to register \"View All Resumes\" service to view full list of resume.",
    "phone": "Phone number",
    "level_id": "Highest Level",
    "admin_menu_add_custom_field": "Add Custom Field",
    "admin_menu_manage_custom_fields": "Manage Custom Fields",
    "field_details": "Field Details",
    "required": "Required",
    "field_name_amp_values": "Field Name & Values",
    "values": "Values",
    "field_successfully_added": "Field successfully added!",
    "add_a_new_custom_field": "Add a new custom field",
    "are_you_sure_you_want_to_delete_this_custom_option": "Are you sure you want to delete this custom option?",
    "select_what_type_of_custom_field_this_is": "Select what type of custom field this is.",
    "set_to_inactive": "Set to Inactive",
    "user_setting_view_all_resume": "View all Resumes?",
    "everyone": "Everyone",
    "registered_members": "Registered Members",
    "specific_user_groups": "Specific User Groups",
    "public_all_resumes_for_all_members_of_this_site": "Public all resumes for all members of this site",
    "group_is_transferred": "Group {title} is transferred",
    "the_field_field_name_is_required": "The field {field_name} is required!",
    "custom_fields": "Custom Fields",
    "was_set_permission_to_view_resume": "- {group} was set \"Permission to view all Resumes\".",
    "cf_option_1_1": "dfasdf",
    "cf_option_1_2": "34234",
    "cf_option_1_3": "sdfsdf",
    "cf_option_1_4": "5234232",
    "cf_option_4_1": "sdf",
    "cf_option_4_2": "fsdfsdf",
    "cf_option_5_1": "fsdf",
    "cf_option_5_2": "sdfsdf",
    "control_who_can_see_this_resume": "Control who can see this resume.",
    "job_seeker_group": "Job seeker Group",
    "privacy": "Privacy",
    "unable_to_find_resume_file_to_download": "Unable to find resume file to download.",
    "pdf_printer": "PDF Printer",
    "user_setting_limit_maximum_resume_active": "Set up the maximum resumes that are active for each user group.",
    "show_in_profile_info": "Show in Profile Info",
    "resumes_in_profile_has_been_reached_limit": "Resumes in profile have been reached limit.",
    "resume_has_been_published_in_your_profile": "Resume has been published in your profile.",
    "resume_has_been_unpublished_in_your_profile": "Resume has been unpublished in your profile.",
    "display": "Display",
    "zip_postal_code": "ZIP\/Postal Code",
    "multi_location": "Multi-Location",
    "country_child": "Country child",
    "configure_to_get_basic_information_from_profile": "Configure to get basic information from profile",
    "true": "True",
    "false": "False",
    "configure_to_display_basic_information_on_resume": "Configure to display basic information on Resume",
    "relation_status": "Relation Status",
    "configure_position_to_put_resume_in_basic_info_block_of_profile_page": "Configure position to put Resume in Basic Info block of Profile page",
    "the_beginning_of_basic_information_block": "The beginning of Basic Information block",
    "the_end_of_basic_information_block": "The end of Basic Information block",
    "previous": "Previous",
    "to_view_full_resume_visit_a_href_link_here_a": "(to view full resume, visit <a href=\"{link}\">here<\/a>)",
    "authorized_to_work_in": "Authorized to work in",
    "resume_is_not_valid": "Resume is not valid!",
    "public_resumes_of_this_user_has_been_reached_limit": "Public resumes of this user have been reached limit.",
    "public_resumes_have_been_reached_limit": "Public resumes have been reached limit.",
    "state_province": "State\/Province",
    "synchronize_with_basic_information_in_profile": "Synchronize with Basic Information in Profile",
    "your_basic_information_will_be_changed_if_you_change_the_below": "(your basic information will be changed if you change the below)",
    "pending_resumes": "Pending Resumes",
    "user_setting_can_approve_resumes": "Can approve resumes?",
    "the_category_you_are_looking_for_cannot_be_found": "The categogy you are looking for cannot be found",
    "admin_menu_user_group_settings": "User Group Settings",
    "\"Maximum resumes that are active for each user group\" must be greater than or equal to 0": "",
    "\"Maximum number of categories that a resume can include\" must be greater than 0": "",
    "\"Maximum number of viewers that showed on \"Who's viewed me\"\" must be greater than or equal to 0": "",
    "\"Maximum resume\" must be greater than or equal to 0": "",
    "setting_resume_paging_mode": "<title>Pagination Style<\/title><info>Select Pagination Style at Search Page.<\/info>",
    "setting_resume_meta_keywords": "<title>Resume Meta Keywords<\/title><info>Meta keywords that will be displayed on sections related to the Resume app. To edit this setting, please go to <i>AdminCP > Globalization > Phrases<\/i>, search and edit phrase have var name is: \"seo_resume_meta_keywords\" ",
    "setting_resume_meta_description": "<title>Resume Meta Description<\/title><info>Meta description added to pages related to the Resume app. To edit this setting, please go to <i>AdminCP > Globalization > Phrases<\/i>, search and edit phrase have var name is: \"seo_resume_meta_description\" ",
    "seo_resume_meta_keywords": "cv, skills, resume, experience, expertise",
    "seo_resume_meta_description": "Create your resume, find a job via social network",
    "this_resume_is_pending_an_admins_approval": "This resume is pending an Admins approval.",
    "provide_a_language_name_name": "Provide a \"{language_name}\" name.",
    "category_language_name_name_must_be_less_than_limit": "Category \"{language_name}\" name must be less than {limit}",
    "send_email": "Send Email",
    "resume_select" : "Select:",
    "resume_activate" : "Activate",
    "resume_deactivate" : "Deactivate",
    "controller_resume.add" : "Create/Edit Resume",
    "controller_resume.addition" : "Edit Resume Additional Information",
    "controller_resume.certification" : "Edit Resume Certification",
    "controller_resume.education" : "Edit Resume Education",
    "controller_resume.experience" : "Edit Resume Experience",
    "controller_resume.index" : "Resume Home Page",
    "controller_resume.language" : "Edit Resume Language",
    "controller_resume.profile" : "User Resume Home Page",
    "controller_resume.publication" : "Edit Resume Publication",
    "controller_resume.skill" : "Edit Resume Skill",
    "controller_resume.summary" : "Edit Resume Summary",
    "controller_resume.view" : "Resume Detail",
    "controller_resume.whoviewedme" : "Who Viewed Me"
}