{
    "admin_menu_manage_providers": "Manage Providers",
    "module_opensocialconnect": "Social Connect",
    "translate_module_opensocialconnect": "Social Connect",
    "providers_successfully_deleted": "Providers successfully deleted.",
    "mange_social_providers": "Mange Social Providers",
    "title": "Title",
    "name": "Name",
    "not_a_valid_request": "Not a valid request.",
    "invalid_security_problem": "Invalid security problem.",
    "synchronize": "Synchronize",
    "this_email_already_exists_do_you_want_to_synchronize_with_this_account": "This email <strong>{email}<\/strong> already exists. Do you want to synchronize with this account?",
    "welcome_email_content_sign_up": "Thanks for joining our community! Your Account Info:\r\nEmail: {email}\r\nPassword: {password}\r\nYou can login by using above info or using social connect to login.",
    "you_registered_an_account_on_site_title_before_being_able_to_use_your_account_you_need_to_verify_tha": "You registered an account on {site_title}, before being able to use your account you need to verify that this is your email address by clicking here:\r\n<a href=\"{link}\">{link}<\/a>\r\nEmail: {email}\r\nPassword: {password}\r\nYou can login by using above info or using social connect to login.",
    "facebook_secret": "Facebook Secret",
    "application_id": "Application ID",
    "overwrite_default_facebook_settings": "Overwrite default Facebook settings",
    "update_successfully": "Update Successfully",
    "invalid_facebook_api": "Invalid Facebook API",
    "auto_generate_password": "Auto generate password.",
    "secret_key": "Secret Key",
    "api_key": "API Key",
    "consumer_key": "Consumer Key",
    "consumer_secret": "Consumer Secret",
    "setting_limit_providers_view_on_login_header": "<title>Limit providers view on login header<\/title><info>The number providers can view on login section.<\/info>",
    "by_using": "by using",
    "please_install_social_bridge_plugin_first": "Please install Social Bridge plugin first",
    "all_social_api_keys_configuration_was_setup_in": "All social API Keys Configuration was setup in:",
    "admin_menu_statistics": "Statistics",
    "statistics": "Statistics",
    "no_providers_found": "No providers found.",
    "provider": "Provider",
    "total_signup": "Total Signup",
    "total_login": "Total Login",
    "setting_size_of_icon_in_pixel": "<title>Size of provider icon (px)<\/title><info>Size in pixel of each provider icon on front-end.<\/info>",
    "setting_margin_left": "<title>Margin left (px)<\/title><info>Pixel distance from the provider block to the left side of the web page.<\/info>",
    "setting_margin_top": "<title>Margin top (px)<\/title><info>Pixel distance from the provider block to the top of the web page.<\/info>",
    "profile_questions_synchronization": "Profile Questions Synchronization",
    "option": "Option",
    "provider_to_profile_questions": "{provider} to Profile Questions",
    "set_none_value_if_you_do_not_need_to_map_provider_fields": "Set \"None\" value if you do not need to map {provider} fields.",
    "setting_allow_user_to_input_their_password": "<title>Allow user to input their password<\/title><info>Allow user to input their password<\/info>",
    "system_will_automatically_send_generate_password_to_your_email_after_you_sign_up": "System will automatically send generate password to your email after you sign up",
    "setting_allow_user_account_to_be_approved_automatically": "<title>Allow user account to be approved immediately<\/title><info>Allow user account to be approved immediately<\/info>"
}