{
    "admin_menu_manage_category": "Manage Categories",
    "module_contest": "Contest",
    "all_contests": "All Contests",
    "my_contests": "My Contests",
    "friends_contests": "Friends&#039; Contests",
    "pending_contests": "Pending Contests",
    "featured_contests": "Featured Contests",
    "premium_contests": "Premium Contests",
    "ending_soon_contests": "Ending Soon Contests",
    "closed_contests": "Closed Contests",
    "my_following_contests": "My Following Contests",
    "my_entries": "My Entries",
    "pending_entries": "Pending Entries",
    "user_setting_can_approve_contest": "Can approve contests?",
    "categories": "Categories",
    "statistics": "Statistics",
    "menu_contest_contest_fad58de7366495db4650cfefac2fcd61": "Contests",
    "top_entries": "Top Entries",
    "recent_entries": "Recent Entries",
    "recent_winners": "Recent Winners",
    "submit_an_entry": "Submit An Entry",
    "menu_contest_create_a_new_contest_671ab26927735a75b6680422c8579e66": "Create a New Contest",
    "contest": "Contests",
    "contest_name": "Contest Name",
    "you_can_enter_maximum_number_characters": "You can enter maximum {number} characters.",
    "this_field_is_required": "This field is required",
    "publish": "Publish",
    "contest_type": "Contest Type",
    "blog": "Blog",
    "photo": "Photo",
    "video": "Video",
    "short_description": "Short Description",
    "please_enter_an_amount_greater_or_equal": "Please enter an amount greater or equal",
    "maximum_number_of_characters_for_this_field_is": "Maximum number of characters for this field is",
    "must_greater_than_minimum": "This field must be greater than minimum value",
    "main_description": "Main Description",
    "award": "Award",
    "you_can_upload_a_jpg_gif_or_png_file": "You can upload a JPG, GIF or PNG file.",
    "the_file_size_limit_is_filesize_if_your_upload_does_not_work_try_uploading_a_smaller_picture": "The file size limit is {filesize}. If your upload does not work, try uploading a smaller picture.",
    "search_contests": "Search Contests",
    "lastest": "Lastest",
    "most_voted": "Most Voted",
    "most_viewed": "Most Viewed",
    "most_favorited": "Most Favorited",
    "most_liked": "Most Liked",
    "no_contest_found": "No Contests found!",
    "most_participants": "Most Participants",
    "time_separator": "at",
    "start_submitting_entries_on": "Start Submitting Entries On",
    "stop_submitting_entries_on": "Stop Submitting Entries On",
    "end_contest_on": "End Contest On",
    "set_0_for_unlimited_entries": "Set 0 for unlimited entries",
    "privacy": "Privacy",
    "control_who_can_see_this_contest": "Control who can see this contest",
    "comment_privacy": "Comment Privacy",
    "control_who_can_comment_on_this_contest": "Control who can comment on this contest",
    "if_you_do_not_have_any_items_link_create_here": "If you do not have any items or want to make a new item, <a href=\"{link}\"> create here <\/a>",
    "you_have_no_item": "You have no item",
    "search_entries": "Search Entries",
    "no_entry_found": "No Entries found!",
    "report_this_contest_entry": "Report this entry",
    "create_by": "Created by",
    "status": "Status",
    "promote_entry": "Promote Entry",
    "vote": "Vote",
    "posted_a_entry": "posted an entry.",
    "users_liked_gender_own_entry_title": "{users} liked {gender} own entry \"{title}\"",
    "users_liked_your_entry_title": "{users} liked your entry \"{title}\"",
    "users_liked_span_class_drop_data_user_row_full_name_s_span_entry_title": "{users} liked <span class=\"drop_data_user\">{row_full_name}&#039;s<\/span> entry \"{title}\"",
    "full_name_liked_your_entry_title": "{full_name} liked your entry \"{title}\"",
    "full_name_liked_your_entry_link_title": "{full_name} liked your entry \"<a href=\"{link}\">{title}<\/a>\"\r\nTo view this entry follow the link below:\r\n<a href=\"{link}\">{link}<\/a>",
    "users_commented_on_your_entry_title": "{users} commented on your entry \"{title}\"",
    "users_commented_on_span_class_drop_data_user_row_full_name": "{users} commented on <span class=\"drop_data_user\">{row_full_name}&#039;s<\/span> entry \"{title}\"",
    "full_name_wrote_a_comment_on_your_entry_entry_title": "<a href=\"{user_link}\">{full_name}<\/a> wrote a comment on your entry \"<a href=\"{entry_link}\">{entry_title}<\/a>\".",
    "posted_a_comment_on_gender_entry_a_href_link_title_a": "posted a comment on {gender} entry <a href=\"{link}\"> {title}<\/a>",
    "posted_a_comment_on_user_name_s_entry_a_href_link_title_a": "posted a comment on {user_name}&#039;s entry \"<a href=\"{link}\">{title}<\/a>\"",
    "votes": "Vote(s)",
    "approved": "Approved",
    "pending": "Pending",
    "denied": "Denied",
    "un_vote": "Un-Vote",
    "summary": "Summary",
    "submit_date": "Submit date",
    "approved_date": "Approved date",
    "view_s": "View(s)",
    "thanks_for_submitting": "Thanks for submitting",
    "maxium_entries_a_participant_can_submit": "Maximum entries a participant can submit",
    "save_as_draft": "Save as Draft",
    "cancel": "Cancel",
    "or_lower_case": "or",
    "editing_contest": "Editing Contest",
    "start_a_contest": "Start A Contest",
    "contests": "Contests",
    "please_enter_a_value_with_a_valid_extension": "Please enter a value with a valid extension.",
    "title": "Title",
    "preview": "Preview",
    "submit": "Submit",
    "entry_preview": "Entry Preview",
    "user_setting_max_upload_size_contest": "Max file size for contest photos in kilobits (kb). \r\n(1000 kb = 1 mb) \r\nFor unlimited add \"0\" without quotes.",
    "user_setting_contest_ending_soon_fee": "Fee For a Contest to Appear in Ending Soon List",
    "user_setting_contest_feature_fee": "Fee For a Contest to Appear in Featured List",
    "user_setting_contest_premium_fee": "Fee For a Contest to Appear in Premium List",
    "publish_contest": "Publish Contest",
    "publish_contest_money": "Publish Contest {money_text}",
    "register_service_feature_contest_money": "Register Service Feature Contest {money_text}",
    "register_service_ending_soon_contest_money": "Register Service Ending Soon Contest {money_text}",
    "register_service_premium_contest_money": "Register Service Premium Contest {money_text}",
    "total_fee": "Total Fee",
    "main_info": "Main Info",
    "email_and_conditions": "Email And Conditions",
    "invite_friends": "Invite Friends",
    "settings": "Settings",
    "view_this_contest": "View This Contest",
    "subject": "Subject",
    "thanks_participant": "Thanks Participant",
    "message": "Message",
    "terms_and_conditions": "Terms And Conditions",
    "save": "Save",
    "number_of_winning_entries": "Number of Winning Entries",
    "must_be_greater_or_equal_0": "Must be >= 0",
    "invite_people_via_email": "Invite People via Email",
    "separate_multiple_emails_with_a_comma": "Separate Multiple Emails With a Comma",
    "send_invitations": "Send Invitations",
    "new_guest_list": "New Guest List",
    "user_setting_contest_publish_fee": "Fee to Publish a Contest",
    "category_order_successfully_updated": "Category order successfully updated.",
    "category_successfully_deleted": "Category successfully deleted.",
    "manage_categories": "Manage Categories",
    "are_you_sure_this_will_delete_all_contests_that_belong_to_this_category_and_cannot_be_undone": "Are you sure? This will delete all contests that belong to this category and cannot be undone.",
    "select_a_sub_category": "Select a Sub-Category",
    "select": "Select",
    "admin_menu_add_category": "Add Category",
    "category_successfully_updated": "Category successfully updated",
    "category_successfully_added": "Category successfully added",
    "edit_a_category": "Edit a Category",
    "create_a_new_category": "Create a New Category",
    "edit": "Edit",
    "delete": "Delete",
    "update_order": "Update Order",
    "contest_category_detail": "Contest Category Detail",
    "parent_category": "Parent Category",
    "parent_category_and_child_is_the_same": "Parent category and child category are the same. Please choose another parent category.",
    "select_form_select": "Select",
    "admin_menu_manage_contest": "Manage Contests",
    "contest_successfully_approved": "Contest successfully approved",
    "contest_successfully_deleted": "Contest successfully deleted",
    "end_date": "End Date",
    "any": "Any",
    "manage_contests": "Manage Contests",
    "who_voted_this_entry": "Who voted this entry",
    "next": "Next",
    "start": "Start",
    "end": "End",
    "entries": "Entries",
    "search_filter": "Search Filter",
    "search_for_text": "Search For Text",
    "search_for_user": "Search For User",
    "featured": "Featured",
    "page": "Page",
    "display": "Display",
    "sort": "Sort",
    "reset": "Reset",
    "created_user": "Created User",
    "manage": "Manage",
    "draft": "Draft",
    "on_going": "On Going",
    "premium": "Premium",
    "ending_soon": "Ending Soon",
    "setting_contest_short_date_time_format": "<title>Short Date Time Format<\/title><info>Short Date Time Format<\/info>",
    "total": "Total",
    "results": "Results",
    "view": "View",
    "admin_menu_manage_email_templates": "Manage Email Templates",
    "admin_menu_manage_transactions": "Manage Transactions",
    "manage_email_templates": "Manage Email Templates",
    "email_templates": "Email Templates",
    "email_templates_types": "Email Template Types",
    "content": "Content",
    "keyword_substitutions": "Keyword Substitutions",
    "save_now": "Save Now",
    "email_template_create_contest_successfully": "Create Contest Successfully (Send to Owner)",
    "email_template_thanks_participant": "Thanks Participant (Send to Participants when joining a contest)",
    "email_template_thanks_for_submitting_entry": "Thanks for Submitting Entry (Send to participant who submitting entry)",
    "email_template_contest_closed": "Contest Closed (Send To Owner)",
    "email_template_contest_approved": "Contest Approved (Send to Owner)",
    "email_template_contest_denied": "Contest Denied (Send to Owner)",
    "email_template_invite_friend_letter": "Invite Friend Letter",
    "manage_transactions": "Manage Transactions",
    "service_type": "Service Type",
    "registered_date": "Registered Date",
    "fee": "Fee",
    "note": "Note",
    "feature": "Feature",
    "category": "Category",
    "provide_a_category_this_contest_will_belong_to": "Provide a category this contest will belong to",
    "participant": "Participant",
    "winning_entries": "Winning Entries",
    "participants": "Participants",
    "views": "Views",
    "likes": "Likes",
    "currently_there_is_not_any_winning_entries": "Currently there is not any winning entries. <a href=\"{link}\">Update here<\/a>",
    "stop_time_must_be_greater_than_current_time": "Stop time must be greater than current time",
    "stop_time_must_be_greater_than_start_time": "Stop time must be greater than start time",
    "end_time_must_be_graeter_or_equal_stop_time": "End time must be greater or equal stop time",
    "please_wait_for_redirecting_to_paypal": "Please wait for redirecting to Paypal",
    "request_a_service": "Request a Service",
    "you_are_not_required_to_pay_any_fee_to_publish_this_contest": "You are not required to pay any fee to publish this contest",
    "contest_successfully_updated": "Contest successfully updated",
    "contest_successfully_published": "Contest successfully published",
    "user_setting_approve_contests": "Approve contest before they are publicly displayed?",
    "email_and_conditions_successfully_updated": "Email and conditions successfully updated",
    "you_can_not_delete_this_category_because_there_are_many_items_related_to_it": "Main information successfully updated",
    "friend_invitations_successfully_sent": "Friend invitations successfully sent",
    "setting_successfully_updated": "Settings successfully updated",
    "add_a_personal_message": "Add a personal message",
    "fill_headline_for_announcement": "Fill in a headline for your announcement",
    "add_content_to_announcement": "Add content to Announcement",
    "news_headline": "News Headline",
    "link": "Link",
    "example_http_www_yourwebsite_com": "Example: http:\/\/www.yourwebsite.com\/",
    "required_fields": "Required Fields",
    "post": "Post",
    "announcement": "Announcement",
    "premium_contest": "Premium Contests",
    "top_contests": "Top Contests",
    "popular_contests": "Popular Contests",
    "statistic": "Statistic",
    "blog_contest": "Blog Contest",
    "video_contest": "Video Contest",
    "photo_contest": "Photo Contest",
    "created_by": "Created by",
    "expired": "Expired",
    "recent_contests": "Recent Contests",
    "search_items": "Search Items",
    "action": "Action",
    "actions": "Actions",
    "user_setting_can_feature_contest": "Can feature a contest?",
    "un_feature_this_contest": "Un-Feature This Contest",
    "un_feature": "Un-Feature",
    "feature_this_contest": "Feature This Contest",
    "un_premium_this_contest": "Un-Premium This Contest",
    "un_premium": "Un-Premium",
    "premium_this_contest": "Premium This Contest",
    "un_ending_soon_this_contest": "Un-Ending-Soon This Contest",
    "un_ending_soon": "Un-Ending-Soon",
    "ending_soon_this_contest": "Ending-Soon This Contest",
    "user_setting_can_premium_contest": "Can Premium Contest?",
    "user_setting_can_ending_soon_contest": "Can Ending Soon Contest?",
    "user_setting_can_close_contest_added_by_other_users": "Can close contest added by other users?",
    "user_setting_can_close_own_contest": "Can close their own contest?",
    "close_this_contest": "Close This Contest",
    "are_you_sure_info": "Are you sure?",
    "close": "Close",
    "delete_this_contest": "Delete This Contest",
    "publish_this_contest": "Publish This Contest",
    "register_services": "Register Services",
    "invite": "Invite",
    "follow": "Follow",
    "favourite": "Favourite",
    "leave": "Leave",
    "promote": "Promote",
    "contest_owner": "Contest Owner",
    "description": "Description",
    "wining_entries": "Winning Entries",
    "by": "By",
    "price": "Price",
    "prize": "Prize",
    "like": "Like",
    "featured_contest": "Featured Contest",
    "upcoming": "Upcoming",
    "keywordsub_contest_name": "Contest Title",
    "keywordsub_contest_url": "Contest URL",
    "keywordsub_short_description": "Contest Short Description",
    "keywordsub_description": "Contest Description",
    "keywordsub_start_time": "Start Time",
    "keywordsub_end_time": "End Time",
    "keywordsub_stop_time": "Stop Time",
    "keywordsub_owner_name": "Contest Owner Name",
    "keywordsub_inviter_name": "Name Of Inviter",
    "keywordsub_site_name": "Name Of This Site",
    "keywordsub_award": "Award",
    "full_name_invited_you_to_the_title": "{full_name} invited you to \"{title}\".\r\n\r\nTo check out this contest, follow the link below:\r\n<a href=\"{link}\">{link}<\/a>",
    "full_name_invited_you_to_the_contest_title": "{full_name} invited you to the contest \"{title}\".",
    "users_invited_you_to_the_contest_title": "{users} invited you to the contest \"{title}\"",
    "joined": "Joined",
    "invited": "Invited",
    "join": "Join",
    "join_this_contest": "Join This Contest",
    "leave_this_contest": "Leave This Contest",
    "joined_contest_successfully": "Joined Contest Successfully",
    "left_contest_successfully": "Left Contest Successfully",
    "i_agree": "I agree",
    "you_must_agree_with_terms_and_conditions_to_join_this_contest": "You must agree with terms and conditions to join this contest.",
    "invitation_successfully_sent": "Invitations Successfully Sent",
    "you_can_not_perform_this_action": "You can not perform this action!",
    "select_all": "Select All",
    "un_select_all": "Un-Select All",
    "follow_this_contest": "Follow This Contest",
    "previous": "Previous",
    "previous_entry": "Previous Entry",
    "next_entry": "Next Entry",
    "un_follow_this_contest": "Un-Follow This Contest",
    "un_follow": "Un-Follow",
    "contest_is_successfully_followed": "Contest is successfully followed",
    "contest_is_successfully_un_followed": "Contest is successfully un-followed",
    "favorite_this_contest": "Favorite This Contest",
    "favorite": "Favorite",
    "un_favorite_this_contest": "Un-Favorite This Contest",
    "un_favorite": "Un-Favorite",
    "contest_is_successfully_favorited": "Contest is successfully favorited",
    "contest_is_successfully_un_favorited": "Contest is successfully un-favorited",
    "closed_contest_successfully": "Closed contest successfully",
    "add": "Add",
    "moderate": "Moderate",
    "approve": "Approve",
    "set_as_winning_entries": "Set as Winning Entries",
    "deny": "Deny",
    "contest_s_successfully_approved": "Contests successfully approved",
    "contest_s_successfully_denied": "Contests successfully denied",
    "entries_successfully_set_as_winning": "Entries successfully set as winnng",
    "entries_successfully_approved": "Entries successfully approved",
    "entries_successfully_denied": "Entries successfully denied",
    "promote_contest": "Promote Contest",
    "or_choose_from_existing_photos_below": "Or choose from existing items below",
    "please_select_an_item": "Please select an item!",
    "title_and_summary_are_required": "Title and summary are required",
    "user_setting_add_new_contest": "Can add a new contest?",
    "invalid_permission": "Invalid Permission",
    "user_setting_edit_own_contest": "Can edit their own contest?",
    "user_setting_edit_user_contest": "Can edit contest added by other users?",
    "setting_admin_paypal_email": "<title>Paypal Email<\/title><info>Email represents for Admin Paypal Account<\/info>",
    "currency_is_not_supported": "Currency {currency} is not supported by Paypal, please contact admin for more detail.",
    "admin_no_fill_paypal_email": "Transaction can not be processed because Admin has not provided Paypal account. Please contact Admin for more detail.",
    "approve_this_contest": "Approve this contest",
    "deny_this_contest": "Deny this contest",
    "contest_successfully_denied": "Contest successfully denied",
    "this_contest_is_pending_an_admins_approval": "Contest is pending approval.",
    "this_contest_was_denied": "This contest was denied",
    "rand": "Rand",
    "ok": "OK",
    "keywordsub_participant_name": "Name of Participant",
    "email_template_entry_denied": "Entry Denied",
    "keywordsub_entry_owner_name": "Name of Entry Owner",
    "posted_a_contest": "posted a contest",
    "contest_successfully_featured": "Contest successfully featured",
    "contest_successfully_ending_sooned": "Contest successfully ending sooned",
    "contest_successfully_premiumed": "Contest successfully premiumed",
    "contest_successfully_premium": "Contest successfully premium",
    "contest_successfully_ending_soon": "Contest successfully ending soon",
    "user_setting_points_contest": "Specify how many points the user will receive when adding a new contest.",
    "more_at": "More at",
    "m": "m",
    "w": "w",
    "h": "h",
    "left": "left",
    "d": "d",
    "view_more": "View more",
    "all_types": "All Types",
    "full_name_commented_on_your_entry_title": "{full_name} commented on your entry \"{title}\".",
    "full_name_commented_on_your_entry_message": "{full_name} commented on your entry \"<a href=\"{link}\">{title}<\/a>\".\r\nTo see the comment thread, follow the link below:\r\n<a href=\"{link}\">{link}<\/a>",
    "full_name_commented_on_gender_entry": "{full_name} commented on {gender} entry.",
    "full_name_commented_on_gender_entry_message": "{full_name} commented on {gender} entry \"<a href=\"{link}\">{title}<\/a>\".\r\nTo see the comment thread, follow the link below:\r\n<a href=\"{link}\">{link}<\/a>",
    "full_name_commented_on_entry_full_name_s_entry": "{full_name} commented on {entry_full_name}&#039;s entry.",
    "full_name_commented_on_entry_full_name_s_entry_message": "{full_name} commented on {entry_full_name}&#039;s entry \"<a href=\"{link}\">{title}<\/a>\".\r\nTo see the comment thread, follow the link below:\r\n<a href=\"{link}\">{link}<\/a>",
    "full_name_voted_on_your_entry_title": "{full_name} voted on your entry \"{title}\".",
    "full_name_voted_on_your_entry_message": "{full_name} voted on your entry \"<a href=\"{link}\">{title}<\/a>\".\r\nTo see the vote thread, follow the link below:\r\n<a href=\"{link}\">{link}<\/a>",
    "full_name_voted_on_gender_entry": "{full_name} voted on {gender} entry.",
    "full_name_voted_on_gender_entry_message": "{full_name} voted on {gender} entry \"<a href=\"{link}\">{title}<\/a>\".\r\nTo see the vote thread, follow the link below:\r\n<a href=\"{link}\">{link}<\/a>",
    "full_name_voted_on_entry_full_name_s_entry": "{full_name} voted on {entry_full_name}&#039;s entry.",
    "full_name_voted_full_name_s_entr_on_entryy_message": "{full_name} voted on {entry_full_name}&#039;s entry \"<a href=\"{link}\">{title}<\/a>\".\r\nTo see the vote thread, follow the link below:\r\n<a href=\"{link}\">{link}<\/a>",
    "users_voted_gender_own_entry_title": "{users} voted {gender} own entry \"{title}\"",
    "users_voted_your_entry_title": "{users} voted your entry \"{title}\"",
    "users_voted_span_class_drop_data_user_row_full_name_s_span_entry_title": "{users} voted <span class=\"drop_data_user\">{row_full_name}&#039;s<\/span> entry \"{title}\"",
    "created_on": "Created on",
    "no_participant_found": "No participant found!",
    "full_name_wrote_a_comment_on_your_contest_contest_title": "<a href=\"{user_link}\">{full_name}<\/a> wrote a comment on your contest \"<a href=\"{contest_link}\">{contest_title}<\/a>\".",
    "users_commented_on_gender_entry_title": "{users} commented on {gender} entry \"{title}\"",
    "users_commented_on_gender_contest_title": "{users} commented on {gender} contest \"{title}\"",
    "users_commented_on_your_contest_title": "{users} commented on your contest \"{title}\"",
    "users_commented_on_span_class_drop_data_user_row_full_name_contest": "{users} commented on <span class=\"drop_data_user\">{row_full_name}&#039;s<\/span> contest \"{title}\"",
    "full_name_commented_on_your_contest_title": "{full_name} commented on your contest \"{title}\".",
    "full_name_commented_on_your_contest_message": "{full_name} commented on your contest \"<a href=\"{link}\">{title}<\/a>\".\r\nTo see the comment thread, follow the link below:\r\n<a href=\"{link}\">{link}<\/a>",
    "full_name_commented_on_gender_contest": "{full_name} commented on {gender} contest.",
    "full_name_commented_on_gender_contest_message": "{full_name} commented on {gender} contest \"<a href=\"{link}\">{title}<\/a>\".\r\nTo see the comment thread, follow the link below:\r\n<a href=\"{link}\">{link}<\/a>",
    "full_name_commented_on_contest_full_name_s_contest": "{full_name} commented on {contest_full_name}&#039;s contest.",
    "full_name_commented_on_contest_full_name_s_contest_message": "{full_name} commented on {contest_full_name}&#039;s contest \"<a href=\"{link}\">{title}<\/a>\".\r\nTo see the comment thread, follow the link below:\r\n<a href=\"{link}\">{link}<\/a>",
    "users_liked_gender_own_contest_title": "{users} liked {gender} own contest \"{title}\"",
    "users_liked_your_contest_title": "{users} liked your contest \"{title}\"",
    "users_liked_span_class_drop_data_user_row_full_name_s_span_contest_title": "{users} liked <span class=\"drop_data_user\">{row_full_name}&#039;s<\/span> contest \"{title}\"",
    "full_name_liked_your_contest_title": "{full_name} liked your contest \"{title}\"",
    "full_name_liked_your_contest_link_title": "{full_name} liked your contest \"<a href=\"{link}\">{title}<\/a>\"\r\nTo view this contest follow the link below:\r\n<a href=\"{link}\">{link}<\/a>",
    "set_entries_automatically_approved": "Set entries automatically approved",
    "invite_friends_to_view_this_campaign": "Invite Friends to View This Entry",
    "email_template_invite_friend_view_entry_letter": "Invite Friends to view entry",
    "keywordsub_entry_name": "Entry Name",
    "entry_url": "Entry URL",
    "keywordsub_entry_url": "Entry URL",
    "you_vote_successfully": "Voted successfully",
    "you_un_vote_successfully": "Un-Voted successfully",
    "approve_entries_successfully": "Entries successfully approved",
    "deny_entries_successfully": "Entries successfully denied",
    "set_winning_entries_successfully": "Set winning entries successfully",
    "delete_winning_entries_successfully": "Winning entries successfully deleted",
    "you_have_reached_limit_for_this_contest": "You have reached limit for this contest, If you want to remove old winners and choose again, please click at <a href=\"{link}\">here<\/a>.",
    "contest_not_start": "It is {count_down_time} until this contest starts. Currently you cannot submit entry into this contest. Please join it first.",
    "s": "s",
    "contest_stop_warning": "This contest is end of submitting entry, you cannot submit entry into this contest.",
    "contest_title_has_been_close_link": "Contest \"{title}\" has been closed.\r\n{link}",
    "full_name_joined_contest_title_link": "{full_name} joined contest \"{title}\".\r\n{link}",
    "users_joined_your_contest_title": "{users} joined your contest \"{title}\"",
    "your_contest_title_has_been_approved": "Your contest \"{title}\" has been approved",
    "your_contest_title_has_been_denied": "Your contest \"{title}\" has been denied",
    "your_entry_title_in_contest_title_has_been_approved": "Your entry \"{title}\" in contest \"{contest_title}\" has been approved",
    "your_entry_title_in_contest_title_has_been_denied": "Your entry \"{title}\" in contest \"{contest_title}\" has been denied",
    "users_left_your_contest_title": "{users} left your contest \"{title}\"",
    "users_favorited_your_contest_title": "{users} favorited your contest \"{title}\"",
    "user_submitted_an_entry_title": "{users} submitted an entry \"{title}\"",
    "full_name_submitted_an_entry_title_link": "{full_name} submitted an entry \"{title}\".\r\n{link}",
    "your_contest_title_has_been_featured_link": "Your contest \"{title}\" has been featured\r\n{link}",
    "your_contest_title_has_been_premiumed_link": "Your contest \"{title}\" has been premiumed\r\n{link}",
    "your_contest_title_has_been_set_ending_soon_link": "Your contest \"{title}\" has been set ending-soon\r\n{link}\r\n\r\nIt will be marked and displayed as Ending Soon contest {num_of_day} days before {criteria}.",
    "user_setting_can_publish_contest": "Can publish a contest immediately?",
    "request": "Request",
    "you_do_not_need_to_pay_for_publishing_this_contest": "You do not need to pay for publishing this contest",
    "email_template_inform_winning_entries": "Inform winning entries (sent to participants, followers)",
    "contest_title_has_chosen_winners": "Contest \"{title}\" has chosen winners.",
    "user_setting_can_delete_own_contest": "Can delete their own contest?",
    "user_setting_can_delete_other_contests": "Can delete contests added by others?",
    "user_setting_view_contests": "Can browse and view contest module?",
    "closed": "Closed",
    "no_contests_found": "No Contests Found",
    "contest_successfully_un_featured": "Contest successfully un-featured",
    "contest_successfully_un_premium": "Contest successfully un-premium",
    "contest_successfully_un_ending_soon": "Contest successfully un-ending-soon",
    "success": "Success",
    "initialized": "Initialized",
    "user_setting_can_join_contest": "Can join a contest?",
    "user_setting_can_submit_entry_for_contest": "Can submit entry for a contest?",
    "user_setting_can_vote_entry": "Can vote entry?",
    "contest_pending": "Your contest is pending approval so you cannot edit it at this time.",
    "no_announcement_found": "No Announcement found!",
    "user_setting_max_upload_image_size_contest": "Max file size for contest photos in kilobits (kb). \r\n(1000 kb = 1 mb) \r\nFor unlimited add \"0\" without quotes.",
    "invalid_image": "Contest image is invalid. Please read the requirement carefully and upload another image.",
    "setting_number_of_contest_block_home_page": "<title>Number of Contests on Premium Contests, Top Contests, Popular Contests Block<\/title><info>Number of Contests on Premium Contests, Top Contests, Popular Contests Block<\/info>",
    "setting_number_of_contest_featured_block_home_page": "<title>Number of Contests on Featured Contest Slideshow<\/title><info>Number of Contests on Featured Contest Slideshow<\/info>",
    "setting_ending_soon_setting": "<title>Ending Soon Settings<\/title><info>Ending Soon Settings<\/info>",
    "setting_ending_soon_before": "<title>Ending Soon before (days)<\/title><info>This value is applied for Ending Soon Settings<\/info>",
    "end_of_contest": "End of Contest",
    "end_of_submitting_entry": "End of Submitting Entry",
    "this_contest_is_closed": "This contest is closed",
    "setting_contest_time_stamp_announcement": "<title>Date time format for announcement<\/title><info>Date time format for announcement<\/info>",
    "posted_an_entry_in_contest_title": "posted an entry in contest <a href=\"{link}\"> \"{title}\" <\/a>",
    "warning_before_publishing": "Note! When the contest is published, you can NOT edit any information. You should choose Save As A Draft to make sure that all other information and settings in all tabs are correct before publishing.",
    "view_winning_entries": "View Winning Entries",
    "deny_date": "Deny Date",
    "set_as_winning_entry": "Set as Winning Entry",
    "end_of_submission": "End of Submission",
    "rank": "Rank",
    "loading": "Loading",
    "are_you_sure_you_want_to_delete_this_announcement": "Are you sure you want to delete this announcement?",
    "update": "Update",
    "announcement_added_successfully": "Announcement successfully added",
    "announcement_successfully_updated": "Announcement successfully updated",
    "announcement_successfully_deleted": "Announcement successfully deleted",
    "your_remaining_submit_entry_times_is_number": "Your remaining submit entry times is {number}",
    "you_can_submit_number_entry_more": "You can submit <b>{number}<\/b> entries more.",
    "you_can_not_submit_you_have_reached_maximum_number_of_submitted_entry_number": "You cannot submit entry anymore because you have reached maximum number of submitted entry of this contest (<b>{number}<\/b>).",
    "must_be_greater_or_equal_1": "Must be >= 1",
    "latest": "Latest",
    "like_s": "Like(s)",
    "maxium_number_of_characters_for_title_is": "Maximum number of characters for title is",
    "invite_friends_to_this_contest": "Invite friends to this contest",
    "promote_this_contest": "Promote this contest",
    "in": "in",
    "please_enter_a_valid_url": "Please enter a valid URL.",
    "users_followed_your_contest_title": "{users} followed your contest \"{title}\"",
    "contest_ending_soon_email_subject": "Your contest \"{title}\" has been set ending-soon",
    "remove_from_winning_list": "Remove from Winning List",
    "entry_successfully_removed_from_winning_list": "Entry successfully removed from winning list",
    "voting_deadline": "Voting Deadline",
    "voting_deadline_must_be_greater_than_or_equal_stop_time": "Voting deadline must be greater than or equal stop time",
    "voting_deadline_must_be_smaller_than_end_time": "Voting deadline must be smaller than end time",
    "this_file_do_not_exist": "This file do not exist",
    "music": "Music",
    "music_contest": "Music Contest",
    "full_name_voted_on_the_entry_title": "{full_name} voted on the entry \"{title}\".",
    "full_name_voted_on_the_entry_message": "{full_name} voted on the entry \"<a href=\"{link}\">{title}<\/a>\".\r\nTo see the vote thread, follow the link below:\r\n<a href=\"{link}\">{link}<\/a>",
    "contest_duration": "Contest Duration",
    "submit_entries_duration": "Submit Entries Duration",
    "voting_duration": "Voting Duration",
    "the_start_time_of_submitting_must_be_greater_than_or_equal_to_the_start_time_of_contest": "The start time of submitting must be greater than or equal to the start time of contest.",
    "the_end_time_of_submitting_must_be_greater_than_the_start_time_of_it": "The end time of submitting must be greater than the start time of it.",
    "the_end_time_of_submitting_must_be_greater_than_current_time": "The end time of submitting must be greater than current time.",
    "the_end_time_of_voting_must_be_greater_than_the_start_time_of_it": "The end time of voting must be greater than the start time of it.",
    "the_end_time_of_voting_must_be_greater_than_or_equal_to_the_end_time_of_submitting": "The end time of voting must be greater than or equal to the end time of submitting.",
    "the_end_time_of_contest_must_be_greater_than_or_equal_to_the_end_time_of_voting": "The end time of contest must be greater than or equal to the end time of voting.",
    "filter": "Filter",
    "type": "Type",
    "setting_number_of_entries_block_most_voted_most_viewed": "<title>Number of Entries in \"Most Voted Entries\" and \"Most Viewed Entries\" blocks<\/title><info>Number of Entries in \"Most Voted Entries\" and \"Most Viewed Entries\" blocks<\/info>",
    "year": "year",
    "month": "month",
    "day": "day",
    "years": "years",
    "months": "months",
    "days": "days",
    "submit_entries": "Submit Entries",
    "opening": "Opening",
    "voting": "Voting",
    "this_contest_will_start_on_begin_time_please_revisit_later": "This contest will start on <b>{begin_time}<\/b>. Please revisit later.",
    "most_voted_entries_in_this_contest": "Most Voted Entries In This Contest",
    "most_viewed_entries_in_this_contest": "Most Viewed Entries In This Contest",
    "posted_by": "Posted by",
    "vote_for_this_entry": "Vote for this Entry",
    "view_original_photo": "View Original Photo",
    "download_photo": "Download Photo",
    "title_and_description_are_required": "Title and description are required",
    "contest_statistics": "Contest Statistics",
    "contest_s_successfully_deleted": "Contest(s) successfully deleted.",
    "setting_contest_buttons_bgcolor_1": "<title>Contest buttons background color 1<\/title><info>Gradient background color 1 of Submit Entry, Join, Promote contest buttons.<br \/><br \/>Default: #50A1FF<\/info>",
    "setting_contest_buttons_bgcolor_2": "<title>Contest buttons background color 2<\/title><info>Gradient background color 2 of Submit Entry, Join, Promote contest buttons.<br \/><br \/>Default: #2289FF<\/info>",
    "setting_contest_buttons_text_color": "<title>Contest buttons text color<\/title><info>Text color of Submit Entry, Join, Promote contest buttons.<br \/><br \/>Default: #FFFFFF<\/info>",
    "show_photo": "Show Photo",
    "show_description": "Show Description",
    "email": "Email",
    "email_successfully_updated": "Email successfully updated.",
    "download": "Download",
    "view_full_size": "View Full Size",
    "most_viewed_entries": "Most Viewed Entries",
    "most_voted_entries": "Most Voted Entries",
    "un_vote_this_entry": "Un-vote this Entry",
    "photo_entries": "Photo Entries",
    "video_entries": "Video Entries",
    "blog_entries": "Blog Entries",
    "music_entries": "Music Entries",
    "my_favorite_contests": "My Favorite Contests",
    "allow_other_members_to_vote_for_an_entry_without_joining_the_contest": "Allow other members to vote for an entry without joining the contest",
    "setting_contest_autorun_featured_slideshow": "<title>Auto running Featured slideshow<\/title><info>Animate Featured slideshow automatically<\/info>",
    "setting_contest_featured_slideshow_speed": "<title>Featured slideshow speed (milliseconds)<\/title><info>Set the speed of the Featured slideshow cycling, in milliseconds<\/info>",
    "active": "Active",
    "inactive": "Inactive",
    "contest_inactive_email_subject": "Your contest \"{title}\" has been set Inactive",
    "your_contest_title_has_been_set_inactive_link": "Your contest \"{title}\" has been set inactive\r\n{link}\r\n\r\nIt will be marked and don&#039;t display everywhere.",
    "contest_successfully_active": "Contest successfully active",
    "contest_successfully_in_active": "Contest successfully in-active",
    "contest_title_has_been_inactive_link": "Contest \"{title}\" has been inactive.\r\n{link}",
    "my_inactive_contests": "My inactive Contests",
    "please_select_a_friend": "Please select a friend.",
    "payment_methods": "Payment Methods",
    "review_and_confirm_purchase": "Review and Confirm Purchase",
    "please_waiting_for_processing_transaction": "Please waiting for processing transaction",
    "show_short_description": "Show Short Description",
    "manage_sub_categories" : "Manage Sub-categories",
    "in_the_contest_a_href_link_title_a": "In the contest <a href=\"{link}\">{title}<\/a>",
    "Search Items": "",
    "Ultimate Videos": "",
    "Video Channel": "",
    "Core Videos": "",
    "Notice": "",
    "main_information_successfully_updated":"Main information successfully updated.",
    "contest_admin_menu_user_group_settings":"User Group Settings",
    "translate_module_contest": "Contest",
    "seo_contest_meta_keywords": "contest, photo, blog, video, music",
    "seo_contest_meta_description": "Create Blog – Music – Photo – Video (if your site already have the Video Channel of YouNet) contests for other members to participate in",
    "setting_contest_meta_keywords": "<title>Contest Meta Keywords<\/title><info>Meta keywords that will be displayed on sections related to the Contest app. To edit this setting, please go to <i>AdminCP > Globalization > Phrases<\/i>, search and edit phrase have var name is: \"seo_contest_meta_keywords\" ",
    "setting_contest_meta_description": "<title>Contest Meta Description<\/title><info>Meta description added to pages related to the Contest app. To edit this setting, please go to <i>AdminCP > Globalization > Phrases<\/i>, search and edit phrase have var name is: \"seo_contest_meta_description\" "

}