<module>
	<data>
		<module_id>pagecontacts</module_id>
		<product_id>younet_pagecontacts4</product_id>
		<is_core>0</is_core>
		<is_active>0</is_active>
		<is_menu>0</is_menu>
		<menu />
		<phrase_var_name>module_pagecontacts</phrase_var_name>
		<version>4.01p5</version>
		<author>YouNet Company</author>
		<vendor>http://phpfox4.demo.younetco.com/</vendor>
		<description>by YouNet Company</description>
		<apps_icon>https://phpfox.younetco.com/files/2015/11/contact-form.jpg</apps_icon>
	</data>
	<blocks>
		<block type_id="0" m_connection="pages.view" module_id="pagecontacts" component="page-button" location="1" is_active="1" ordering="2" disallow_access="" can_move="1">
			<title>Contacts Button</title>
			<source_code />
			<source_parsed />
		</block>
	</blocks>
	<components>
		<component module_id="pagecontacts" component="page-button" m_connection="" module="pagecontacts" is_controller="0" is_block="1" is_active="1" />
	</components>
	<phrases>
		<phrase var_name="module_pagecontacts" added="1486717275">YouNet Page Contacts</phrase>
		<phrase var_name="email_contact_message" added="1486717275"><![CDATA["{full_name} ({email})" sent a message to "{topic}" <br/>
{message}<br/>
Message is sent from "{title}"<br/>
<a href="{link}">{link}</a>]]></phrase>
		<phrase var_name="user_setting_can_create_page_contact" added="1486717275">Enable page contact?</phrase>
		<phrase var_name="topic_count" added="1486717275">Department {count}</phrase>
		<phrase var_name="topic" added="1486717275">Department</phrase>
		<phrase var_name="invalid_email" added="1486717275">Invalid Email</phrase>
		<phrase var_name="add_subject_to_your_contact" added="1486717275">Add subject to your contact</phrase>
		<phrase var_name="add_full_name_to_your_contact" added="1486717275">Add full name to your contact</phrase>
		<phrase var_name="add_message_to_your_contact" added="1486717275">Add message to your contact</phrase>
		<phrase var_name="add_description_to_your_contact" added="1486717275">Add description to your contact</phrase>
		<phrase var_name="description" added="1486717275">Description</phrase>
		<phrase var_name="add_topic_to_your_contact" added="1486717275">Add department to your contact</phrase>
		<phrase var_name="add_email_to_your_contact" added="1486717275">Add email to your contact</phrase>
		<phrase var_name="enable_contact_form" added="1486717275">Enable Contact Form</phrase>
		<phrase var_name="add_another_topic" added="1486717275">Add department</phrase>
		<phrase var_name="yes" added="1486717275">Yes</phrase>
		<phrase var_name="no" added="1486717275">No</phrase>
		<phrase var_name="submit" added="1486717275">Submit</phrase>
		<phrase var_name="subject" added="1486717275">Subject</phrase>
		<phrase var_name="message" added="1486717275">Message</phrase>
		<phrase var_name="full_name" added="1486717275">Full Name</phrase>
		<phrase var_name="email" added="1486717275">Email</phrase>
		<phrase var_name="contact_us" added="1486717275">Contact Us</phrase>
		<phrase var_name="topic_name" added="1486717275">Department Name</phrase>
		<phrase var_name="topic_name_count" added="1486717275">Department Name {count}</phrase>
		<phrase var_name="add_email_to_your_topic" added="1486717275">Add email to your topic</phrase>
		<phrase var_name="topics" added="1486717275">Department</phrase>
		<phrase var_name="update_completed" added="1486717275">Update completed.</phrase>
		<phrase var_name="contact_was_sent" added="1486717275">Contact was successfully sent. Thank you!</phrase>
		<phrase var_name="contact_setting" added="1486717275">Contact</phrase>
	</phrases>
	<user_group_settings>
		<setting is_admin_setting="0" module_id="pagecontacts" type="boolean" admin="true" user="true" guest="false" staff="false" module="pagecontacts" ordering="0">can_create_page_contact</setting>
	</user_group_settings>
</module>