{
    "module_pagecontacts": "YouNet Page Contacts",
    "email_contact_message": "\"{full_name} ({email})\" sent a message to \"{topic}\" <br\/>\r\n{message}<br\/>\r\nMessage is sent from \"{title}\"<br\/>\r\n<a href=\"{link}\">{link}<\/a>",
    "user_setting_can_create_page_contact": "Enable page contact?",
    "topic_count": "Department {count}",
    "topic": "Department",
    "invalid_email": "Invalid Email",
    "add_subject_to_your_contact": "Add subject to your contact",
    "add_full_name_to_your_contact": "Add full name to your contact",
    "add_message_to_your_contact": "Add message to your contact",
    "add_description_to_your_contact": "Add description to your contact",
    "description": "Description",
    "add_topic_to_your_contact": "Add department to your contact",
    "add_email_to_your_contact": "Add email to your contact",
    "enable_contact_form": "Enable Contact Form",
    "add_another_topic": "Add department",
    "yes": "Yes",
    "no": "No",
    "submit": "Submit",
    "subject": "Subject",
    "message": "Message",
    "full_name": "Full Name",
    "email": "Email",
    "contact_us": "Contact Us",
    "topic_name": "Department Name",
    "topic_name_count": "Department Name {count}",
    "add_email_to_your_topic": "Add email to your topic",
    "topics": "Department",
    "update_completed": "Update completed.",
    "contact_was_sent": "Contact was successfully sent. Thank you!",
    "contact_setting": "Contact"
}