{
    "module_profilecompleteness": "Profile Completeness",
    "admin_menu_global_settings": "Global Settings",
    "admin_menu_weight_settings": "Weight Settings",
    "admin_message_weight_settings": "Allow admin to setup points for each profile entry such that the system converts these points to percentage and display them in Front End.",
    "profile_completeness": "Profile completeness",
    "next": "Next",
    "update_profile": "Update Profile",
    "basic_information": "Basic Information",
    "location": "Location",
    "city": "City",
    "zip_postal_code": "ZIP\/Postal Code",
    "date_of_birth": "Date of Birth",
    "gender": "Gender",
    "relationship_status": "Relationship Status",
    "forum_signature": "Forum Signature",
    "save_changes": "Save Changes",
    "profile_address": "Profile Address",
    "enter_gauge_color_in_hex": "Enter Gauge Color in Hex",
    "profile_photo_weight": "Profile Photo Weight",
    "enter_0_to_skip_photo_checking_by_default_it_s_included_with_value_2": "Enter 0 to skip photo checking, by default it's included with value 2",
    "whether_show_widget_or_not_when_100_completed": "Whether show widget or not when 100% completed",
    "not_show_the_widget_when_100_completed": "Not show the widget when 100% completed",
    "edit_weight_of_profile_fields": "Edit weight of profile fields",
    "global_settings": "Global Settings",
    "update_global_settings_successfully": "Update Global Settings successfully",
    "update_weight_settings_successfully": "Update Weight Settings successfully",
    "photo": "Photo",
    "is_invalid": "is invalid",
    "profile_photo": "Profile Photo",
    "custom_group_test_user_group": "Test_user_group",
    "Gauge Color in Hex is invalid": ""
}