<product>
	<data>
		<store_id />
		<product_id>younet_socialconnect</product_id>
		<is_core>0</is_core>
		<title>YNC Social Connect</title>
		<description>by YouNetCo</description>
		<version>4.02</version>
		<latest_version></latest_version>
		<last_check>0</last_check>
		<is_active>1</is_active>
		<url>https://phpfox.younetco.com/</url>
		<url_version_check></url_version_check>
		<icon>http://phpfox.younetco.com/files/2015/07/social_connect_icon.png</icon>
		<vendor>YouNetCo</vendor>
	</data>
	<dependencies>
		<dependency>
			<type_id>product</type_id>
			<check_id>socialbridge</check_id>
			<dependency_start>4.01</dependency_start>
			<dependency_end></dependency_end>
		</dependency>
	</dependencies>
	<installs>
		<install>
			<version>3.01</version>
			<install_code><![CDATA[$this->database()->query("CREATE TABLE IF NOT EXISTS `".phpfox::getT('socialconnect_agents')."` (
  `agent_id` int(11) NOT NULL AUTO_INCREMENT,
  `user_id` int(11) unsigned NOT NULL,
  `identity` varchar(128) NOT NULL,
  `service_id` int(11) unsigned NOT NULL,
  `ordering` int(11) unsigned NOT NULL,
  `status` text NOT NULL,
  `login` int(10) NOT NULL DEFAULT '0',
  `data` text NOT NULL,
  `token_data` text NOT NULL,
  `token` varchar(256) NOT NULL,
  `created_time` int(11) NOT NULL,
  `login_time` timestamp NOT NULL DEFAULT '1970-01-01 23:00:00',
  `logout_time` timestamp NOT NULL DEFAULT '1970-01-01 23:00:00',
  PRIMARY KEY (`agent_id`)
) ENGINE=MyISAM AUTO_INCREMENT=1;");
$this->database()->query("CREATE TABLE IF NOT EXISTS `".phpfox::getT('socialconnect_services')."` (
  `service_id` int(11) unsigned NOT NULL AUTO_INCREMENT,
  `name` varchar(32) CHARACTER SET utf8 NOT NULL,
  `title` varchar(128) NOT NULL,
  `privacy` tinyint(1) NOT NULL DEFAULT '0',
  `connect` int(11) NOT NULL DEFAULT '0',
  `protocol` varchar(32) NOT NULL DEFAULT 'openid',
  `mode` varchar(32) NOT NULL DEFAULT 'popup',
  `w` int(11) NOT NULL DEFAULT '800',
  `h` int(11) NOT NULL DEFAULT '450',
  `ordering` int(11) NOT NULL DEFAULT '0',
  `is_active` int(11) NOT NULL DEFAULT '1',
  `params` TEXT NULL,
  PRIMARY KEY (`service_id`)
) ENGINE=MyISAM;");
$this->database()->query("INSERT IGNORE INTO `".phpfox::getT('socialconnect_services')."` (`service_id`, `name`, `title`, `privacy`, `connect`, `protocol`, `mode`, `w`, `h`, `ordering`, `is_active`) VALUES
(1, 'facebook', 'Facebook', 1, 1, 'oauth', 'popup', 800, 450, 1, 1),
(2, 'twitter', 'Twitter', 1, 1, 'oauth', 'popup', 800, 450, 4, 1),
(3, 'google', 'Google', 1, 1, 'oauth', 'popup', 800, 450, 5, 1),
(4, 'yahoo', 'Yahoo', 1, 1, 'oauth', 'popup', 800, 450, 2, 1),
(5, 'linkedin', 'Linkedin', 1, 1, 'oauth', 'popup', 800, 450, 3, 1),
(6, 'live', 'Live', 1, 1, 'oauth', 'popup', 800, 450, 7, 1);");]]></install_code>
			<uninstall_code></uninstall_code>
		</install>
		<install>
			<version>3.03</version>
			<install_code><![CDATA[$this->database()->delete(Phpfox::getT('socialconnect_services'), "`name` IN ('youtube', 'yiid', 'onelogin', 'betaid', 'daum', 'fupei', 'myvidoop', 'typepad', 'openidfrance', 'openminds', 'steam', 'launchpad', 'claimid', 'blogger', 'aol', 'chimp', 'clickpass', 'getopenid')");
if(!$this->database()->isField(Phpfox::getT('socialconnect_services'),'total_signup'))
{
  $this->database()->query("ALTER TABLE `" . Phpfox::getT('socialconnect_services') . "` ADD `total_signup` int(10) unsigned NOT NULL DEFAULT '0'");
}
if(!$this->database()->isField(Phpfox::getT('socialconnect_services'),'total_sync'))
{
  $this->database()->query("ALTER TABLE `" . Phpfox::getT('socialconnect_services') . "` ADD `total_sync` int(10) unsigned NOT NULL DEFAULT '0'");
}
if(!$this->database()->isField(Phpfox::getT('socialconnect_services'),'total_login'))
{
  $this->database()->query("ALTER TABLE `" . Phpfox::getT('socialconnect_services') . "` ADD `total_login` int(10) unsigned NOT NULL DEFAULT '0'");
}]]></install_code>
			<uninstall_code></uninstall_code>
		</install>
		<install>
			<version>3.03p3</version>
			<install_code><![CDATA[$this->database()->delete(Phpfox::getT('socialconnect_services'), "`name` IN ('myspace')");]]></install_code>
			<uninstall_code></uninstall_code>
		</install>
		<install>
			<version>3.04</version>
			<install_code><![CDATA[include (PHPFOX_DIR_MODULE . 'opensocialconnect/yninstall/versions/v3.04.php');]]></install_code>
			<uninstall_code></uninstall_code>
		</install>
		<install>
			<version>3.05p2</version>
			<install_code><![CDATA[include (PHPFOX_DIR_MODULE . 'opensocialconnect/yninstall/versions/v3.05p2.php');]]></install_code>
			<uninstall_code></uninstall_code>
		</install>
	</installs>
	<modules>
		<module_id>opensocialconnect</module_id>
	</modules>
</product>