{
    "module_profilepopup": "Profile Popup",
    "birth_date": "Birth Date",
    "age": "Age",
    "1_member": "1 member.",
    "total_members": "{total} members.",
    "1_person_likes_this": "1 person likes this.",
    "total_people_like_this": "{total} people like this.",
    "age_years_old": "{age} years old",
    "mutual_friends_total": "Mutual Friends ({total})",
    "add_to_friends": "Add to Friends",
    "add_as_friend": "Add as Friend",
    "send_message": "Send Message",
    "say_happy_birthday": "Say Happy Birthday",
    "setting_opening_delay_time": "<title>Delay Time to Display Popup<\/title><info>Delay time to display popup (in millisecond).<\/info>",
    "setting_closing_delay_time": "<title>Delay Time to Close Popup<\/title><info>Delay time to close popup (in millisecond).<\/info>",
    "setting_ignore_css_class": "<title>Ignore CSS Class<\/title><info>Disable popup when mouse within element has following CSS class, separate by comma.<\/info>",
    "setting_max_height_of_popup": "<title>Max Heigh Of Popup<\/title><info>Max height of popup content (pixel).<\/info>",
    "setting_enable_thumbnails": "<title>Display Thumbnail<\/title><info>Display thumbnail in popup.<\/info>",
    "setting_show_user_status": "<title>Show User Status<\/title><info>Show user status on popup.<\/info>",
    "setting_show_profiles_fields": "<title>Show Profile Fields<\/title><info>Show profile fields on popup.<\/info>",
    "setting_number_of_profile_fields": "<title>Number Of Profile Fields<\/title><info>How many profile fields will be shown on popup?<\/info>",
    "setting_show_mutual_friend": "<title>Display Mutual Friends<\/title><info>Display mutual friends in popup.<\/info>",
    "setting_number_of_mutual_friend": "<title>Limit Of Mutual Friends<\/title><info>Limit of mutual friends are displayed in popup.<\/info>",
    "setting_length_in_index": "<title>How Long is the Preview<\/title><info>How much of the long text to show on the popup?\r\n\r\nValue is in characters, i.e.:\r\n15 would show something like:\r\n\"Lorem ipsum dol...\"\r\n\r\n0 = No limit<\/info>",
    "admin_menu_global_settings": "User Global Settings",
    "admin_menu_groups_global_settings": "Groups Global Settings",
    "admin_menu_user_group_settings": "User Group Settings",
    "pp_item_first_name": "First Name",
    "pp_item_last_name": "Last Name",
    "pp_item_gender": "Gender",
    "pp_item_birthday": "Birthday",
    "pp_item_relationship_status": "Relationship Status",
    "global_settings": "Global Settings",
    "global_settings_title": "Global Settings",
    "no_global_settings": "No global settings found.",
    "field_label": "Field Label",
    "global_settings_ordering": "Ordering",
    "global_settings_info": "Select field(s) to show on popup.",
    "global_settings_update": "Update",
    "global_setting_warning_ordering": "Ordering(s) must be numeric type and positive.",
    "item_s_successfully_updated": "Item(s) successfully updated.",
    "pp_item_status": "Status",
    "unfriend": "Unfriend",
    "setting_enable_cache_popup": "<title>Apply Cache<\/title><info>Enable cache when showing popup on client side.\r\n\r\nTrue = data popup is refreshed after loading page\r\nFalse = data popup is always refreshed\r\n<\/info>",
    "profile_is_private": "Profile is private",
    "user_not_found": "User not found",
    "admin_menu_pages_global_settings": "Pages Global Settings",
    "admin_menu_event_global_settings": "Event Global Settings",
    "user_global_settings": "User Global Settings",
    "pages_global_settings": "Pages Global Settings",
    "groups_global_settings": "Groups Global Settings",
    "event_global_settings": "Event Global Settings",
    "setting_show_joined_friend_in_pages": "<title>Display Joined Friends In Pages<\/title><info>Display joined friends in pages on popup.<\/info>",
    "setting_number_of_joined_friend_in_pages": "<title>Limit Of Joined Friends In Pages<\/title><info>Limit of joined friends in pages are displayed in popup.<\/info>",
    "setting_show_joined_friend_in_groups": "<title>Display Joined Friends In Groups<\/title><info>Display joined friends in groups on popup.<\/info>",
    "setting_number_of_joined_friend_in_groups": "<title>Limit Of Joined Friends In Groups<\/title><info>Limit of joined friends in groups are displayed in popup.<\/info>",
    "setting_show_joined_friend_in_event": "<title>Display Joined Friends In Event<\/title><info>Display joined friends in event on popup.<\/info>",
    "setting_number_of_joined_friend_in_event": "<title>Limit Of Joined Friends In Event<\/title><info>Limit of joined friends in event are displayed in popup.<\/info>",
    "pp_item_category": "Category",
    "pp_item_total_of_likes": "Total of Likes",
    "pp_item_time": "Time",
    "pp_item_location": "Location",
    "pp_item_total_of_members": "Total of Members",
    "pp_item_total_members": "Total of Members",
    "no_user_global_settings": "No User global settings found.",
    "no_pages_global_settings": "No Pages global settings found.",
    "no_groups_global_settings": "No Groups global settings found.",
    "no_event_global_settings": "No Event global settings found.",
    "setting_show_pages_fields": "<title>Show Pages Fields<\/title><info>Show pages fields on popup.<\/info>",
    "setting_number_of_pages_fields": "<title>Number Of Pages Fields<\/title><info>How many pages fields will be shown on popup?<\/info>",
    "setting_show_event_fields": "<title>Show Event Fields<\/title><info>Show event fields on popup.<\/info>",
    "setting_number_of_event_fields": "<title>Number Of Event Fields<\/title><info>How many event fields will be shown on popup?<\/info>",
    "pages_global_settings_info": "Select field(s) to show on popup.",
    "groups_global_settings_info": "Select field(s) to show on popup.",
    "event_global_settings_info": "Select field(s) to show on popup.",
    "pages_not_found": "Pages not found",
    "joined_friends_total": "Joined Friends ({total})",
    "joined_friends_s": "Joined Friend(s)",
    "share": "Share",
    "like": "Like",
    "unlike": "Unlike",
    "event_not_found": "Event not found",
    "event_join": "Join",
    "event_leave": "Leave",
    "event_invite": "Invite",
    "event_inform_leave": "You are not longer a member of this event.",
    "event_join_successfully": "Join this event successfully.",
    "event_confirm_leave": "Are you sure you want to leave this event?",
    "event_join_title": "Join Event",
    "event_leave_title": "Leave Event",
    "setting_profilepopup_length_in_index": "<title>Limit of Description In Popup<\/title><info>Limit of characters of description are displayed in popup\r\n\r\n0 = No limit<\/info>",
    "notice": "Notice",
    "pp_share": "Share",
    "pp_online": "Online",
    "favorite": "Favorite",
    "unfavorite": "Unfavorite",
    "loading": "Loading...",
    "loading_error": "There was an error during processing. Please try again.",
    "user_setting_can_view_profile_popup": "Can view Profile Popup?",
    "basic_information": "Basic Information",
    "resume_fields": "Resume Fields",
    "pp_item_r_currently_work": "Currently Work",
    "pp_item_r_highest_level": "Highest Level",
    "pp_item_r_phone_number": "Phone Number",
    "pp_item_r_im": "IM",
    "pp_item_r_email": "Email",
    "pp_item_r_categories": "Categories",
    "view_resume": "View Resume",
    "pp_item_cover_photo": "Cover Photo",
    "pp_item_r_highest_education": "Highest Education",
    "from": "Start",
    "to": "End"
}