{
    "module_templates": "YouNet Auction",
    "module_auction": "YouNet Auction",
    "module_menu": "Auction",
    "global_settings": "Global Settings",
    "default_theme_for": "Default theme for",
    "submit": "Submit",
    "user_setting_how_much_is_user_worth_for_auction_publishing": "Fee for publishing an auction listing",
    "user_setting_admin_want_auction_to_be_automatically_approved_after_published": "Set to True, if admin want auction to be automatically approved after published",
    "user_setting_how_much_is_user_worth_for_auction_featured": "Fee to feature an auction listing",
    "user_setting_can_approve_auction": "Can approve auction ?",
    "user_setting_can_delete_own_auction": "Can delete own auction ?",
    "user_setting_can_feature_auction": "Can feature auction ?",
    "user_setting_can_delete_auction_created_by_other_users": "Can delete auction created by other users ?",
    "user_setting_can_post_comments_on_auction": "Can post comments on auction ?",
    "user_setting_can_edit_auction_created_by_other_users": "Can edit auction created by other users ?",
    "user_setting_can_create_auction": "Can create auction ?",
    "user_setting_can_view_auction": "Can view auction ?",
    "user_setting_can_edit_own_auction": "Can edit own auction ?",
    "user_setting_can_control_if_a_user_can_add_a_comment_on_their_auction_or_simply_disable_comments": "Can control if a user can add a comment on their auction or simply disable comments ?",
    "user_setting_points_auction": "Set points for each auction this user created ?",
    "user_setting_minute_to_control_how_long_user_can_create_a_auction": "Set minute to control how long user can create a auction ?",
    "user_setting_can_close_own_auction": "Can close own auction ?",
    "user_setting_can_bid_auction": "Can bid auction ?",
    "user_setting_commission_for_admin_when_user_buy_auction": "Commission for admin when user buy auction (%)",
    "setting_group_younet_auction": "<title>Younet Auction<\/title><info>Younet Auction Setting<\/info>",
    "setting_max_items_block_buyers_who_viewed_this_item_also_viewed": "<title>Number of items on block \"Buyers Who Viewed This Item Also Viewed\"<\/title><info>Maximum number of items on block \"Buyers Who Viewed This Item Also Viewed\"<\/info>",
    "setting_max_items_block_other_auctions_from_this_seller": "<title>Number of items on block \"Other Auctions From This Seller\"<\/title><info>Maximum number of items on block \"Other Auctions From This Seller\"<\/info>",
    "setting_max_items_block_auctions_you_may_like": "<title>Number of items on block \"Auctions You May Like\"<\/title><info>Maximum number of items on block \"Auctions You May Like\"<\/info>",
    "setting_max_items_block_auctions_bidden_by_my_friends": "<title>Number of items on block \"Auctions My Friends Bid on\"<\/title><info>Maximum number of items on block \"Auctions My Friends Bid on\"<\/info>",
    "setting_max_items_block_most_liked_auctions": "<title>Number of items on block \"Most Liked Auctions\"<\/title><info>Maximum number of items on block \"Most Liked Auctions\"<\/info>",
    "setting_max_items_block_upcoming_auctions": "<title>Number of items on block \"Upcoming Auctions\"<\/title><info>Maximum number of items on block \"Upcoming Auctions\"<\/info>",
    "setting_max_items_block_auctions_ending_today": "<title>Number of items on block \"Auctions Ending Today\"<\/title><info>Maximum number of items on block \"Auctions Ending Today\"<\/info>",
    "setting_max_items_block_todays_live_auctions": "<title>Number of items on block \"Today&#039;s Live Auctions\"<\/title><info>Maximum number of items on block \"Today&#039;s Live Auctions\"<\/info>",
    "admin_menu_define_bid_increasement": "Define Bid Increasement",
    "bid_increasement": "Bid Increasement",
    "select": "Select",
    "category": "Category",
    "bid_increment": "Bid Increment",
    "from": "From",
    "to": "To",
    "increment": "Increment",
    "admin_menu_define_bid_increment": "Define Bid Increment",
    "add_new_bid_increment": "Add New Bid Increment",
    "bidincrement_increment": "Bid Increment",
    "provide_category_for_bid_increment": "Provide category for bid increment",
    "provide_valid_value_for_from_field": "Provide valid value for From field",
    "provide_valid_value_for_to_field": "Provide valid value for To field",
    "provide_valid_value_for_increment_field": "Provide valid value for Increment field",
    "update_bid_increment_successfully": "Update bid increment successfully.",
    "products_by_categories": "Products By Categories",
    "all": "All",
    "all_categories": "All Categories",
    "categories_by": "Categories By",
    "setting_max_items_sub_categories_list_display": "<title>Number of items on Sub-categories list display<\/title><info>Maximum mumber of items on Sub-categories list display<\/info>",
    "more_dot_dot_dot": "More...",
    "less": "Less",
    "setting_default_view": "<title>View<\/title><info>Default View on Homepage and Listing Page<\/info>",
    "advanced_search": "Advanced Search",
    "search": "Search",
    "reset": "Reset",
    "number_per_page": "{number} per page",
    "sort": "Sort",
    "search_auctions": "Search Auctions",
    "newest": "Newest",
    "oldest": "Oldest",
    "a_z": "A-Z",
    "z_a": "Z-A",
    "auction": "Auction",
    "delete_auction": "Delete Auction",
    "list": "List",
    "grid": "Grid",
    "pinboard": "Pinboard",
    "auction_successfully_deleted": "Auction Successfully Deleted",
    "are_you_sure_you_want_to_delete_auctions_that_you_selected": "Are you sure you want to delete auctions that you selected ?",
    "yes": "Yes",
    "no": "No",
    "no_auctions_found": "No Auctions Found",
    "icount_auction": "{iCount} Auction",
    "icount_auctions": "{iCount} Auctions",
    "list_view": "List View",
    "grid_view": "Grid View",
    "pinboard_view": "Pinboard View",
    "detail_auction": "Detail Auction",
    "more_info": "More Info",
    "moderate": "Moderate",
    "are_you_sure_you_want_to_delete_this_auction": "Are you sure you want to delete this auction?",
    "are_you_sure_you_want_to_close_this_auction_notice_it_cannot_be_re_opened": "Are you sure you want to close this auction? Notice: it cannot be re-opened",
    "dashboard": "Dashboard",
    "featured_auction": "Featured Auction",
    "make_payment": "Make Payment",
    "link": "Link",
    "featured": "Featured",
    "add_to_compare": "Add to Compare",
    "day": "day",
    "days": "days",
    "hour_left": "hour left",
    "hours_left": "hours left",
    "keywords": "Keywords",
    "keyword": "Keyword",
    "categories": "Categories",
    "todays_live_auction": "Today&#039;s Live Auctions",
    "todays_live_auctions": "Today&#039;s Live Auctions",
    "auctions_ending_today": "Auctions Ending Today",
    "upcoming_auctions": "Upcoming Auctions",
    "start": "Start",
    "view_more": "View More",
    "bids": "Bids",
    "current_bid": "Current Bid",
    "owner": "Owner",
    "setting_max_items_block_featured_auctions": "<title>Number of items on block \"Featured Auctions\"<\/title><info>Maximum number of items on block \"Featured Auctions\"<\/info>",
    "featured_auctions": "Featured Auctions",
    "end": "End",
    "setting_max_items_block_weekly_hot_auctions": "<title>Number of items on block \"Hot Auctions\"<\/title><info>Maximum number of items on block \"Hot Auctions\"<\/info>",
    "weekly_hot_auctions": "Hot Auctions",
    "auctions_bidden_by_my_friends": "Auctions My Friends Bid on",
    "free": "Free",
    "by": "By",
    "number_bid": "{number} bid",
    "number_bids": "{number} bids",
    "most_liked_auctions": "Most Liked Auctions",
    "number_like": "{number} like",
    "number_likes": "{number} likes",
    "most_liked": "Most Liked",
    "add_new_auction": "Add new auction",
    "edit_an_auction": "Edit an auction",
    "add": "Add",
    "auctions": "Auctions",
    "general_info": "General Info",
    "product_title": "Product Title",
    "description": "Description",
    "quantity": "Quantity",
    "addition_information": "Addition Information",
    "title": "Title",
    "tags": "Tags",
    "content": "Content",
    "separate_multiple_topics_with_commas": "Separate multiple topics with commas.",
    "feature": "Feature",
    "feature_this_auction_for": "Feature this auction for",
    "day_s_with": "day(s) with",
    "fee_to_feature_auction_feature_fee_currency_id_for_1_day": "Fee to feature auction: {feature_fee} {currency_id} for 1 day",
    "view_privacy": "View Privacy",
    "privacy": "Privacy",
    "control_who_can_see_this_auction": "Control who can see this auction.",
    "save": "Save",
    "publish": "Publish",
    "cancel": "Cancel",
    "uom": "UOM",
    "price": "Price",
    "reserve_price": "Reserve Price",
    "buy_now_price": "Buy Now Price",
    "hide": "Hide",
    "select_theme": "Select Theme",
    "inventory": "Inventory",
    "allow_to_contact_end": "Allow to contact end",
    "availability": "Availability",
    "start_date": "Start Date",
    "end_date": "End Date",
    "this_field_is_required": "This field is required",
    "provide_a_category_this_item_will_belong_to": "Provide a category this item will belong to",
    "receive_notification_when_anyone_bid_this_auction": "Receive notification when anyone bid this auction",
    "comment_privacy": "Comment Privacy",
    "photo_privacy": "Photo Privacy",
    "video_privacy": "Video Privacy",
    "control_who_can_comment_on_this_auction": "Control who can comment on this auction.",
    "control_who_can_see_photos_of_this_auction": "Control who can see photos of this auction.",
    "control_who_can_see_videos_of_this_auction": "Control who can see videos of this auction.",
    "please_edit_auction_end_date_after_start_date": "Please edit auction end date after start date",
    "please_enter_number_for_quantity": "Please enter number for quantity",
    "please_edit_quantity_more_than_zero": "Please edit your auction quantity more than zero.",
    "you_have_to_input_location": "You have to input location",
    "review_and_confirm_purchase": "Review and Confirm Purchase",
    "publishing_fee": "Publishing fee",
    "total_fee": "Total Fee",
    "payment_methods": "Payment Methods",
    "menu_auction_create_new_auction_0a358ef5573a502549eb1c04287923d0": "Create New Auction",
    "admin_menu_manage_auctions": "Manage Auctions",
    "search_filter": "Search Filter",
    "search_for_text": "Search For Text",
    "search_for_user": "Search for User",
    "display": "Display",
    "logo": "Logo",
    "name": "Name",
    "created_user": "Created By",
    "created_date": "Created Date",
    "product_price": "Product Price",
    "product_status": "Product Status",
    "quality": "Quality",
    "status": "Status",
    "remain": "Remain",
    "auctions_successfully_deleted": "Auctions Successfully Deleted",
    "create_time": "Create Time",
    "total_view": "Total View",
    "total_like": "Total Like",
    "product_quantity": "Product Quantity",
    "manage_auctions": "Manage Auctions",
    "any": "Any",
    "draft": "Draft",
    "unpaid": "Unpaid",
    "pending": "Pending",
    "denied": "Denied",
    "running": "Running",
    "paused": "Paused",
    "completed": "Completed",
    "deleted": "Deleted",
    "approved": "Approved",
    "other": "Other",
    "deactivate": "Deactivate",
    "activate": "Activate",
    "are_you_sure_you_want_to_deactive_this_auction": "Are you sure you want to deactive this auction ?",
    "are_you_sure_you_want_to_deactivate_this_auction": "Are you sure you want to deactivate this auction ?",
    "not_featured": "Not Featured",
    "delete_selected": "Delete Selected",
    "no_auctions_have_been_created": "No auctions have been created.",
    "search_for_name": "Search For Name",
    "are_you_sure_you_want_to_delete_these_auctions": "Are you sure you want to delete these auctions ?",
    "view_all_categories": "View All Categories",
    "seller": "Seller",
    "auction_name": "Auction Name",
    "current_bidder": "Current Bidder",
    "edit": "Edit",
    "approve": "Approve",
    "auction_successfully_approved": "Auction Successfully Approved",
    "deny": "Deny",
    "auctions_successfully_denied": "Auction Successfully Denied",
    "delete": "Delete",
    "your_auction_has_been_added": "Your auction has been added",
    "your_auction_has_been_updated": "Your auction has been updated",
    "note_this_auction_is_featured_until_expire_date": "Note: This auction is featured from {start_date} until {expire_date}",
    "update": "Update",
    "define_bid_increment": "Define Bid Increment",
    "auction_not_found": "Auction Not Found",
    "unable_to_view_this_item_due_to_privacy_settings": "Unable to view this item due to privacy settings.",
    "manage_auction": "Manage Auction",
    "actions": "Actions",
    "like": "Like",
    "unlike": "Unlike",
    "print": "Print",
    "monday": "Monday",
    "tuesday": "Tuesday",
    "wednesday": "Wednesday",
    "thursday": "Thursday",
    "friday": "Friday",
    "saturday": "Saturday",
    "sunday": "Sunday",
    "none": "None",
    "additional_information": "Additional Information",
    "suggested_auctions": "Suggested Auctions",
    "number_auctions": "{number} Auctions",
    "number_auction": "{number} Auction",
    "overview": "Overview",
    "shipping": "Shipping & Payment",
    "bidhistory": "Bid History",
    "offerhistory": "Offer History",
    "chart": "Chart For Bidding",
    "activities": "Activities",
    "photos": "Photos",
    "videos": "Videos",
    "full_name_liked_your_auction_title": "{full_name} liked your auction \"{title}\"",
    "full_name_liked_your_auction_a_href_link_title_a_to_view_this_auction_follow_the_link_below_a_href_link_link_a": "{full_name} liked your auction \"<a href=\"{link}\">{title}<\/a>\"\r\nTo view this auction, follow the link below:\r\n<a href=\"{link}\">{link}<\/a>",
    "likes": "Likes",
    "people_like_this": "people like this",
    "share": "Share",
    "add_to_watchlist": "Add to Watchlist",
    "remove_from_watchlist": "Remove from Watchlist",
    "message_owner": "Message Owner",
    "buyers_who_viewed_this_item_also_viewed": "Buyers Who Viewed This Item Also Viewed",
    "other_auctions_from_this_seller": "Other Auctions From This Seller",
    "auctions_you_may_like": "Auctions You May Like",
    "start_time": "Start Time",
    "hours": "Hours",
    "hour": "Hour",
    "time_left": "Time Left",
    "buy_it_now": "Buy It Now",
    "views": "View(s)",
    "enter_price_or_more": "Enter {price} or more",
    "place_bid": "Place Bid",
    "make_offer": "Make Offer",
    "users_liked_gender_own_auction_title": "{users} liked {gender} own auction \"{title}\"",
    "users_liked_your_auction_title": "{users} liked your auction \"{title}\"",
    "users_liked_span_class_drop_data_user_row_full_name_039_s_span_auction_title": "{users} liked <span class=\"drop_data_user\">{row_full_name}&#039;s<\/span> auction \"{title}\"",
    "clone": "Clone",
    "close": "Close",
    "to_field_must_be_greater_than_from_field_in_each_rows": "To field must be greater than From field in each rows",
    "please_field_new_row_before_add_more": "Please field new row before add more",
    "auction_is_not_valid": "Auction is not valid!",
    "your_bid_must_be_greater_than_or_equal_to_price": "Your bid must be greater than or equal to {price}!",
    "your_bid_is_not_valid": "Your bid is not valid!",
    "your_offer_is_not_valid": "Your offer is not valid!",
    "seller_section": "Seller Section",
    "view_this_auction": "View This Auction",
    "option": "Option",
    "updated_cover_photos_successfully": "Updated cover photos successfully",
    "user_setting_max_upload_size_photos": "Maximum upload size for photos(KB)",
    "some_photos_you_uploaded_is_invalid_type_or_exceed_limited_size": "Some photos you uploaded is invalid type or exceed limited size.",
    "unable_to_find_the_image": "Unable to find the image.",
    "cover_photos": "Cover Photos",
    "select_image_s": "Select Image(s)",
    "you_can_upload_a_jpg_gif_or_png_file": "You can upload a JPG, GIF or PNG file.",
    "the_file_size_limit_is_filesize_if_your_upload_does_not_work_try_uploading_a_smaller_picture": "The file size limit is {filesize}. If your upload does not work, try uploading a smaller picture.",
    "maximum_photos_imaximum": "Remain photos: {iMaximum}",
    "upload": "Upload",
    "delete_this_image": "Delete this image",
    "are_you_sure": "Are you sure?",
    "edit_info": "Edit Info",
    "theme": "Theme",
    "bid_history": "Bid History",
    "offer_list": "Offer List",
    "manage_themes_updated_successfully": "Manage themes updated successfully",
    "themes": "Themes",
    "apply_theme": "Apply Theme",
    "setting_max_number_cover_photos": "<title>Maximum number of cover photos<\/title><info>Maximum number of cover photos<\/info>",
    "setting_max_upload_size_cover_photos": "<title>Maximum Upload Size for Photos<\/title><info>Maximum Upload Size for Photos(KB)<\/info>",
    "bidder_name": "Bidder Name",
    "no_offer_has_been_submited": "No offer has been submitted.",
    "offer_amount": "Offer Amount",
    "time": "Time",
    "day_left": "Day Left",
    "send_message": "Send Message",
    "bid_amount": "Bid Amount",
    "no_bid_has_been_submited": "No bid has been submitted.",
    "go_to_chart": "Go to chart",
    "start_price": "Start Price",
    "auction_specifications": "Auction Specifications",
    "auction_description": "Auction Description",
    "shipping_and_payment": "Shipping and Payment",
    "shipping_payment": "Shipping & payment",
    "bidder": "Bidder",
    "chart_for_bidding": "Chart For Bidding",
    "search_photos": "Search Photos...",
    "upload_a_new_image": "Upload a New Image",
    "latest": "Latest",
    "most_viewed": "Most Viewed",
    "most_discussed": "Most Discussed",
    "per_page": "{total} per page",
    "show": "Show",
    "when": "When",
    "all_time": "All Time",
    "this_month": "This month",
    "this_week": "This week",
    "today": "Today",
    "photo_s": "Photo(s)",
    "album_s": "Album(s)",
    "no_item_s_found": "No item(s) found",
    "start_end_of_total_result_s": "{start}-{end} of {total} Result(s)",
    "unable_to_view_this_item_due_to_privacy_settings_please_contact_owner_business": "Unable to view this item due to privacy settings. Please contact owner product.",
    "search_videos": "Search Videos...",
    "upload_share_a_video": "Upload\/Share a Video",
    "buyer_section": "Buyer Section",
    "my_bidden_history": "My Bidden History",
    "setting_max_number_of_items_on_my_bidden_history_popup": "<title>Number of items on \"My Bidden History\" popup.<\/title><info>Maximum number of items on \"My Bidden History\" popup.<\/info>",
    "bidders": "Bidders",
    "mins": "Mins",
    "min": "Min",
    "duration": "Duration",
    "bid_time": "Bid Time",
    "bid_placed_successfully": "Bid placed successfully.",
    "my_offer_history": "My Offer History",
    "my_current_offer": "My Current Offer",
    "bid_s": "Bid(s)",
    "your_offer_must_be_greater_than_or_equal_to_suggest_price": "Your offer must be greater than or equal to {price}",
    "left": "left",
    "add_to_cart": "Add To Cart",
    "setting_max_number_of_items_on_my_offer_history_popup": "<title>Number of items on \"My Offer History\" popup.<\/title><info>Maximum number of items on \"My Offer History\" popup.<\/info>",
    "make_offer_successfully": "Make offer successfully.",
    "expired": "Expired",
    "my_offers": "My Offers",
    "auctions_successfully_approved": "Auctions successfully approved.",
    "winning_bid": "Winning Bid",
    "menu_auction_create_new_auction_10085e6b6bb8c1fea35bfd7ae519fc39": "Create New Auction",
    "menu_auction_create_new_auction_7333d6a64738f73b53589ab7c4aceb28": "Create New Auction",
    "menu_auction_create_new_auction_8ce2e5eeb31f62a23503f84adadeb75d": "Create New Auction",
    "left_for_buying": "left for buying",
    "menu_auction_create_new_auction_a3138479c1560cd52ddf0badfef57a07": "Create New Auction",
    "all_auctions": "All Auctions",
    "my_watch_list": "My Watch List",
    "auctions_bidden_by_friends": "Auctions Bidden By Friends",
    "auctions_won_by_friends": "Auctions Won By Friends",
    "friends_auctions": "Friend&#039;s Auctions",
    "limit": "limit",
    "main_photo": "Main Photo",
    "auction_is_not_valid_or_it_has_been_deleted": "Auction is not valid or it has been deleted.",
    "you_dont_have_permission_to_delete_this_auction": "You don&#039;t have permission to delete this auction.",
    "delete_auction_successfully": "Delete auction successfully.",
    "can_not_delete_this_auction": "Can not delete this auction.",
    "unable_to_find_the_auction_you_are_trying_to_edit": "Unable to find the auction you are trying to edit.",
    "are_you_sure_you_want_to_publish_this_auction": "Are you sure you want to publish this auction ?",
    "you_dont_have_permission_to_edit_this_auction": "You don&#039;t have permission to edit this auction.",
    "publish_auction_successfully": "Publish auction successfully.",
    "can_not_publish_this_auction": "Can not publish this auction!",
    "user_setting_can_deny_auction": "Can deny auction ?",
    "you_dont_have_permission_to_publish_this_auction": "You don&#039;t have permission to publish this auction.",
    "you_dont_have_permission_to_close_this_auction": "You don&#039;t have permission to close this auction.",
    "close_auction_successfully": "Close auction successfully.",
    "can_not_close_this_auction": "Can not close this auction!",
    "you_dont_have_permission_to_approve_this_auction": "You don&#039;t have permission to approve this auction.",
    "approve_auction_successfully": "Approve auction successfully.",
    "can_not_approve_this_auction": "Can not approve this auction!",
    "are_you_sure_you_want_to_deny_this_auction": "Are you sure you want to deny this auction ?",
    "are_you_sure_you_want_to_approve_this_auction": "Are you sure you want to approve this auction ?",
    "you_dont_have_permission_to_deny_this_auction": "You don&#039;t have permission to deny this auction.",
    "deny_auction_successfully": "Deny auction successfully.",
    "can_not_deny_this_auction": "Can not deny this auction!",
    "user_setting_can_close_auction_created_by_other_users": "Can close auction created by other users ?",
    "you_dont_have_permission_to_bid_auction": "You don&#039;t have permission to bid auction!",
    "type_is_not_valid": "Type is not valid!",
    "bid_is_not_valid": "Bid is not valid!",
    "are_you_sure_you_want_to_close_this_auction": "Are you sure you want to close this auction ?",
    "statistic": "Statistic",
    "settings": "Settings",
    "users_auction_count": "Users Auction Count",
    "update_users_activity_auction_points": "Update Users Activity Auction Points",
    "you_are_posting_a_litte_too_soon": "You are posting a litte too soon .",
    "top_orders": "Top Orders",
    "s_upcoming": "Upcoming",
    "ending_today": "Ending Today",
    "create_an_auction": "create an auction",
    "bidden": "Bidden",
    "contact_seller": "Contact Seller",
    "seller_seller_name": "Seller {seller_name}",
    "add_all_to_cart_for_this_seller": "Add all to cart for this seller",
    "total": "Total",
    "who_can_share_auctions": "Who can share auctions?",
    "who_can_view_browse_auctions": "Who can view\/browse auctions?",
    "are_you_sure_you_want_to_un_feature_this_auction": "Are you sure you want to un-feature this auction ?",
    "please_input_uom_unit_in_admincp": "Please input UOM unit in AdminCP",
    "you_have_reached_your_upload_limit": "You have reached your upload limit",
    "compare": "Compare",
    "please_select_more_than_one_entry_for_the_comparison": "Please select more than one entry for the comparison",
    "number_of_bids": "Number of bids",
    "number_of_orders": "Number of orders",
    "number_of_views": "Number of views",
    "custom_field": "Custom Field",
    "header_title": "Header Title",
    "remove_from_compare": "Remove from Compare",
    "unwatch": "Unwatch",
    "success": "Success",
    "create_an_auction_cap": "Create an auction",
    "setting_category_number": "<title>Number of items on block \"Categories\"<\/title><info>Maximum number of items on block \"Categories\"<\/info>",
    "menu_auction_create_new_auction_b9ee8c5b2626649fd2fd22f387dd77b7": "Create New Auction",
    "menu_auction_create_new_auction_0195b272c92424dca177e2652c9504ea": "Create New Auction",
    "menu_auction_create_new_auction_8b5fc254a491bbf7371d354ed5c55d17": "Create New Auction",
    "menu_auction_create_new_auction_1f553aec0230d4c01df1067388329922": "Create New Auction",
    "refresh": "Refresh",
    "setting_refresh_time": "<title>Refresh Time Period<\/title><info>Period of time for refreshing auction information in detail page (in milliseconds).<\/info>",
    "you_select_it": "You Select It",
    "years": "Years",
    "months": "Months",
    "weeks": "Weeks",
    "minutes": "Minutes",
    "seconds": "Seconds",
    "year": "Year",
    "month": "Month",
    "week": "Week",
    "minute": "Minute",
    "second": "Second",
    "your_bid_has_reached_the_limitation": "Your bid has reached the limitation.",
    "bid_increment_desc": "The bid increment is the amount by which the current high bid is raised each time someone places a higher bid. In other words, bid increment is the amount which goes up with each bidder. For example: Starting bid is $10, and goes up by $5 increments: $15, $20, then $25, etc.",
    "day_s": "day(s)",
    "time_s": "time(s)",
    "users_has_bid_on_auction_title": "{users} has bid on auction \"{title}\"",
    "full_name_has_bid_on_auction_title": "{full_name} has bid on auction \"{title}\"",
    "full_name_has_bid_on_auction_a_href_link_title_a_to_view_this_auction_follow_the_link_below_a_href_link_link_a": "{full_name} has bid on auction \"<a href=\"{link}\">{title}<\/a>\"\r\nTo view this auction, follow the link below:\r\n<a href=\"{link}\">{link}<\/a>",
    "full_name_won_auction_title": "{full_name} won auction \"{title}\"",
    "full_name_has_won_auction_a_href_link_title_a_to_view_this_auction_follow_the_link_below_a_href_link_link_a": "{full_name} has won auction \"<a href=\"{link}\">{title}<\/a>\"\r\nTo view this auction, follow the link below:\r\n<a href=\"{link}\">{link}<\/a>",
    "bidding_has_ended": "Bidding has Ended",
    "full_name_has_bid_on_your_auction_title": "{full_name} has bid on your auction \"{title}\"",
    "you_have_been_outbid_on_auction_title": "You have been outbid on auction \"{title}\"",
    "someone_start_bidding_on_your_auction": "Someone Start Bidding on your Auction",
    "you_have_been_outbid_bid_again_now": "You have been outbid. Bid again now!",
    "users_have_already_started_bidding_on_your_following_auction_message_for_more_details_view_your_auction_bid_history_at_url": "Users have already started bidding on your following auction:\r\n\r\n{message}\r\n\r\nFor more details, view your auction Bid History at {url}",
    "auction_name_title_bidder_bidder_current_bid_symbol_currency_amount_bid_on_date_time": "Auction Name : {title}\r\nBidder : {bidder}\r\nCurrent Bid : {symbol_currency}{amount}\r\nBid on : {date_time}",
    "seller_outbid_bid_again_now": "There&#039;s new highest bid on this item, but there&#039;s still a chance to make it yours. Increase your bid to have a chance at winning:\r\n\r\n{message}\r\n\r\nView the auction you&#039;re bidding on: {url}",
    "auction_name_title_seller_seller_current_bid_symbol_currency_amount_end_date_date_time": "Auction Name : {title}\r\nSeller : {seller}\r\nCurrent Bid : {symbol_currency}{amount}\r\nEnd Date : {date_time}",
    "congratulations_you_won": "Congratulations, you Won!",
    "full_name_has_won_your_auction_title": "{full_name} has won your auction \"{title}\"",
    "congratulations_you_have_won_the_auction_title": "Congratulations, you have won the auction \"{title}\"",
    "congratulations_you_have_won_the_following_auction_message": "Congratulations, you have won the following auction:\r\n\r\n{message}",
    "auction_name_title_by_seller_highest_bid_symbol_currency_amount_number_bids": "Auction Name : {title}\r\nBy : {seller}\r\nHighest Bid : {symbol_currency}{amount}\r\n{number} bids",
    "your_auction_has_ended": "Your Auction has Ended",
    "your_auction_has_ended_mail_message": "The following auction has ended, please go to auction details page for more information:\r\n\r\n{message}",
    "auction_name_title_highest_bid_symbol_currency_amount_ended_on_date_time": "Auction Name : {title}\r\nHighest Bid : {symbol_currency}{amount}\r\nEnded on : {date_time}",
    "auction_end_outbid_bidder_message": "You have been outbid on the following auction and it has been already ended:\r\n\r\n{message}\r\n\r\nFor more details, please access to \"Didn&#039;t win\" page at : {url}",
    "you_ve_been_outbid_and_the_auction_title_has_ended": "You&#039;ve been outbid and the auction {title} has ended",
    "auctions_my_friends_bid_on": "Auctions My Friends Bid on",
    "bid_on_an_auction": "bid on an auction",
    "has_won_the_auction": "has won the auction",
    "your_auction_title_has_ended": "Your auction {title} has ended.",
    "the_auction_title_has_ended": "The auction {title} has ended",
    "auction_have_been_transferred": "Auction have been Transferred",
    "the_following_auction_has_been_transferred_to_another_winning_bidder_message": "The following auction has been transferred to another winning bidder:\r\n\r\n{message}\r\n\r\nPlease contact the seller or access to \"Didn&#039;t win\" page at {url} for more details.",
    "auction_name_title_seller_name_seller_highest_bid_symbol_currency_amount_end_on_date_time": "Auction Name : {title}\r\nSeller Name : {seller}\r\nHighest Bid : {symbol_currency}{amount}\r\nEnd on : {date_time}",
    "auction_name_title_buyer_buyer_highest_bid_symbol_currency_amount_end_on_date_time": "Auction Name : {title}\r\nBuyer : {buyer}\r\nHighest Bid : {symbol_currency}{amount}\r\nEnd on : {date_time}",
    "the_auction_title_has_transferred_to_another_winning_bidder": "The auction {title} has transferred to another winning bidder",
    "offer_received": "Offer Received",
    "you_have_received_offer_for_the_following_auction_message_for_more_details_view_your_auction_offer_history_at_url": "You have received offer for the following auction:\r\n\r\n{message}\r\n\r\nFor more details, view your auction Offer History at {url}",
    "auction_name_title_offer_price_symbol_currency_amount_offer_by_offer": "Auction Name : {title}\r\nOffer Price: {symbol_currency}{amount}\r\nOffer By : {offer}",
    "you_have_receive_offer_on_auction_title": "You have receive offer on auction {title}",
    "your_offer_have_been_denied": "Your offer have been denied",
    "your_offer_on_the_following_auction_have_been_denied_message_for_more_details_please_access_to_my_offers_page_at_url": "Your offer on the following auction have been denied:\r\n\r\n{message}\r\n\r\nFor more details, please access to \"My Offers\" page at {url}",
    "auction_name_title_by_seller_offer_price_symbol_currency_amount": "Auction Name : {title}\r\nBy : {seller}\r\nOffer Price: {symbol_currency}{amount}",
    "you_ve_made_a_best_offer": "You&#039;ve made a Best Offer",
    "you_ve_made_the_best_offer_and_your_offer_have_been_approved_on_this_following_auction_message_for_more_details_please_access_to_my_offers_page_at_url": "You&#039;ve made the Best Offer and your offer have been approved on this following auction :\r\n\r\n{message}\r\n\r\nFor more details, please access to \"My Offers\" page at {url}",
    "your_offer_has_been_approved_on_auction_title": "Your offer has been approved on auction {title}",
    "your_offer_has_been_denied_on_auction_title": "Your offer has been denied on auction {title}",
    "congratulations_your_item_sold": "Congratulations, your item sold!",
    "order_updated": "Order Updated!",
    "admin_menu_global_settings": "Global Settings",
    "please_input_valid_number": "Please input valid number.",
    "time_separator": "at",
    "update_content_increment_successfully": "Update content successfully.",
    "update_content_successfully": "Update content successfully.",
    "ending_today_auctions": "Auctions Ending Today",
    "today_live_auctions": "Today's Live Auctions",
    "my_friends_bid_on": "Auctions My Friends Bid on",
    "buyers_also_viewed": "Buyers Also Viewed",
    "start_in": "Start in",
    "remove": "Remove",
    "successful": "Successful",
    "this_item_has_been_transfered_from_my_offers_page_to_my_cart_page_please_go_to_my_cart_for_more_information": "This item has been transfered from &#039;My Offers&#039; page to &#039;My Cart&#039; page. Please go to &#039;My Cart&#039; for more information.",
    "winner": "Winner",
    "activity_feed": "Activity Feed",
    "please_input_your_paypal_email_at_account_account_settings_before_creating_auction": "Please input your Paypal email at &#039;Account >> Account Settings&#039; prior to creating auctions.",
    "offer_approved": "Offer Approved",
    "offer_denied": "Offer Denied",
    "make_offer_desc": "You have successfully made an offer on this auction. The seller will review your offer and response to you soon.",
    "new_auctions": "New Auctions",
    "pending_auctions": "Pending Auctions",
    "email_templates": "Email Templates",
    "language_pack": "Language Pack",
    "your_community_has_more_than_one_language_pack_installed_please_select_the_language_pack_you_want_to_edit_right_now": "Your community has more than one language pack installed. Please select the language pack you want to edit right now.",
    "choose_message": "Choose Message",
    "subject": "Subject",
    "message_body": "Message Body",
    "save_changes": "Save changes",
    "admin_menu_email_templates": "Email Templates",
    "old_winner": "Old Winner",
    "new_winner": "New Winner",
    "your_auction_has_been_approved": "Your auction has been approved",
    "congratulation_your_auction_product_name_has_just_been_approved": "Congratulation! Your auction {product_name} has just been approved.",
    "your_auction_title_has_been_approved": "Your auction {title} has been approved.",
    "Warning!": "",
    "This auction has been completed": "",
    "auction_product": "Auction",
    "please_enter_reserve_price_more_than_zero": "Please enter reserve price more than zero",
    "please_enter_buy_now_price_more_than_zero": "Please enter buy now price more than zero",
    "menu_edit": "Menu Edit",
    "menu_seller": "Menu Seller",
    "successfully_set_main_photo_for_this_product": "Successfully set main photo for this product",
    "fail_to_delete_this_photo": "Fail to delete this photo",
    "set_this_photo_as_main_photo_of_this_product": "Set this photo as main photo of this product",
    "module_auction_new": "Auction",
    "admin_menu_user_group_settings": "User Group Settings",
    "translate_module_auction": "Auction",
    "seo_auction_meta_keywords": "auction, photo, blog, video, music",
    "seo_auction_meta_description": "Create Auctions for other members to participate in",
    "setting_auction_meta_keywords": "<title>Auction Meta Keywords<\/title><info>Meta keywords that will be displayed on sections related to the Auction app. To edit this setting, please go to <i>AdminCP > Globalization > Phrases<\/i>, search and edit phrase have var name is: \"seo_auction_meta_keywords\" ",
    "setting_auction_meta_description": "<title>Auction Meta Description<\/title><info>Meta description added to pages related to the Auction app. To edit this setting, please go to <i>AdminCP > Globalization > Phrases<\/i>, search and edit phrase have var name is: \"seo_auction_meta_description\" ",
    "are_you_sure_you_want_to_close_this_auction1": "Are you sure you want to close this auction?",
    "fill_a_title_for_you_auction": "Fill in a title for your auction",
    "publishing_fee_new": "Publishing fee",
    "total_fee_new": "Total Fee"
}