{
    "admin_menu_manage_stores": "Manage Stores",
    "admin_menu_user_group_settings": "User Group Settings",
    "admin_menu_manage_products": "Manage Products",
    "admin_menu_add_new_package": "Add New Package",
    "admin_menu_manage_packages": "Manage Packages",
    "admin_menu_manage_comparison": "Manage Comparison",
    "module_ynsocialstore": "Social Store",
    "setting_what_did_friend_buy": "<title>Enable \"What did friends buy\"?<\/title><info>If yes then the menu \"What did friend buy\" and all information about buying actions of friends on some items shown, else they will be hidden<\/info>",
    "setting_allow_user_edit_review_stores": "<title>Allow users to edit their rating and review on Stores?<\/title><info><\/info>",
    "setting_allow_user_edit_review_products": "<title>Allow users to edit their rating and review on Products?<\/title><info><\/info>",
    "setting_allow_user_delete_their_review_stores": "<title>Allow users to delete their rating and review on Stores?<\/title><info><\/info>",
    "setting_allow_user_delete_their_review_products": "<title>Allow users to delete their rating and review on Products?<\/title><info><\/info>",
    "setting_allow_owner_store_delete_review_on_their_stores": "<title>Allow owners of Stores to delete rating and review on their Stores?<\/title><info><\/info>",
    "setting_allow_owner_store_delete_review_on_their_products": "<title>Allow owners of Stores to delete rating and review on Products in their Stores?<\/title><info><\/info>",
    "setting_max_item_block_weekly_hot_selling": "<title>How many product on top Weekly Hot Selling (All Products)?<\/title><info>This setting tells how many products will be shown in the \"Weekly Hot Selling\" block. Default is 10.<\/info>",
    "setting_max_item_block_super_deals": "<title>How many Super Deals items (All Products)?<\/title><info>This setting tells how many products will be shown in the Super Deals block. Default is 3.<\/info>",
    "setting_max_item_block_featured_stores": "<title>How many Featured stores (All Store)?<\/title><info>This setting tells how many stores will be shown in the Featured Stores block. Default is 5.<\/info>",
    "setting_max_item_block_new_stores": "<title>How many New Stores items (All Store)?<\/title><info>This setting tells how many stores will be shown in the New Stores block. Default is 6.<\/info>",
    "setting_max_item_weekly_hot_seller_store": "<title>How many stores on top Weekly Hot Sellers (All Stores)?<\/title><info>This setting tells how many stores will be shown in the Weekly Hot Sellers block. Default is 10.<\/info>",
    "setting_max_item_block_new_products": "<title>How many New Products (Store Home)?<\/title><info>This setting tells the maximum products will be shown in the \"New Products\" block. Default is 6.<\/info>",
    "setting_max_item_block_featured_products": "<title>How many Featured Products (Store Home)?<\/title><info>This setting tells the maximum products will be shown in the \"Featured Products\" block. Default is 5.<\/info>",
    "setting_max_item_block_new_arrivals": "<title>How many New Arrivals products (All Products)?<\/title><info>This setting tells how many products will be shown in the New Arrivals block. Default is 4.<\/info>",
    "setting_max_item_block_weekly_hot_selling_in_store": "<title>How many Weekly Hot Selling products (Store Home)?<\/title><info>This setting tells how many products will be shown in the \"Weekly Hot Selling\" block. Default is 6.<\/info>",
    "user_setting_product_commit_fee": "Product commission fee (percent of sale)",
    "user_setting_auto_approved_store": "Set to Yes, if admin want store to be automatically approved after published.",
    "user_setting_auto_approved_product": "Set to Yes, if admin want product to be automatically approved after published.",
    "user_setting_can_delete_own_store": "Can delete own store?",
    "user_setting_can_delete_other_user_store": "Can delete store created by other users?",
    "user_setting_can_edit_own_store": "Can edit own store?",
    "user_setting_can_edit_other_user_store": "Can edit store created by other users?",
    "user_setting_can_create_store": "Can create store?",
    "user_setting_can_approve_store": "Can approve stores?",
    "user_setting_can_feature_store": "Can feature any store?",
    "user_setting_can_feature_own_store": "Can feature their own stores?",
    "user_setting_can_view_store": "Can view store?",
    "user_setting_can_post_comment_on_product": "Can post comment on product?",
    "user_setting_can_edit_product_of_other_users": "Can edit product created by other users?",
    "user_setting_can_edit_own_product": "Can edit own product?",
    "user_setting_can_approve_product": "Can approve products?",
    "user_setting_can_feature_product": "Can feature any product?",
    "user_setting_can_feature_own_product": "Can feature their own products?",
    "user_setting_can_view_product": "Can view product?",
    "user_setting_can_delete_own_product": "Can delete own product?",
    "user_setting_can_delete_product_of_other_users": "Can delete products created by other users?",
    "user_setting_user_can_add_a_comment_on_their_product_or_disable_comment": "Can control if a user can add a comment on their product or simply disable comments?",
    "user_setting_points_ynsocialstore_store": "Set points for each store this user created",
    "user_setting_points_ynsocialstore_product": "Set points for each product this user created",
    "menu_ynsocialstore_social_store_fad58de7366495db4650cfefac2fcd61": "Social Store",
    "menu_ynsocialstore_sell_new_product_4e4995678c4ffc394078afa1abde1310": "Sell New Product",
    "menu_ynsocialstore_open_new_store_4e4995678c4ffc394078afa1abde1310": "Open New Store",
    "menu_ynsocialstore_sell_new_product_fe4662f4e2355b10cfc95a27d5c391b2": "Sell New Product",
    "menu_ynsocialstore_open_new_store_fe4662f4e2355b10cfc95a27d5c391b2": "Open New Store",
    "social_store": "Social Store",
    "all_products": "All Products",
    "all_stores": "All Stores",
    "store_of_friends": "Store Of Friends",
    "favourite_stores": "My Favourite Stores",
    "following_stores": "My Following Stores",
    "what_did_friends_buy": "What Did Friends Buy",
    "seller_section": "Seller Section",
    "buyer_section": "Buyer Section",
    "pending_stores": "Pending Stores",
    "pending_products": "Pending Products",
    "package_name": "Package Name",
    "valid_period": "Valid period",
    "enter_a_numeric_value": "Enter a numeric value",
    "day": "Day",
    "week": "Week(s)",
    "name_of_package_can_not_be_empty": "Name of package can not be empty",
    "package_successfully_updated": "Package successfully updated",
    "package_successfully_added": "Package successfully added",
    "edit_a_package": "Edit a Package",
    "create_a_new_package": "Create a new Package",
    "add_new_package": "Add new Package",
    "day_s": "Day(s)",
    "week_s": "Week(s)",
    "month_s": "Month(s)",
    "never_expired": "Never Expired",
    "package_fee": "Package Fee",
    "enter_a_numeric_value_0_if_you_want_this_package_to_be_free": "Enter a numeric value. 0 if you want this package to be free",
    "maximum_cover_photos_can_be_displayed": "Maximum cover photos can be displayed",
    "available_themes_for_this_package": "Available themes for this package",
    "maximum_number_of_product_allowed_to_create": "Maximum number of product allowed to create",
    "if_blank_or_set_to_0_the_number_of_product_is_unlimited": "If blank or set to 0, the number of product is unlimited",
    "support_activities_feed_in_store": "Support activities feed in store?",
    "feature_store_for_free_after_apply_this_package": "Feature store for free after apply this package",
    "hour_s": "Hour(s)",
    "fee_for_feature_store": "Fee for feature store",
    "module_supported": "Module supported",
    "allow_changing_store_theme": "Allow changing store theme?",
    "allow_add_attribute_to_products_in_store": "Allow add attribute to products in store?",
    "save": "Save",
    "select_all": "Select all",
    "event": "Event",
    "photo": "Photo",
    "video": "Video",
    "fee_for_featuring_products_in_store": "Fee for featuring products in store",
    "modules_supported": "Modules supported",
    "videos": "Video",
    "product": "Product",
    "valid_period_have_to_be_a_number_and_at_least_0": "Valid period have to be a number and at least 0",
    "package_fee_have_to_be_a_number_and_at_least_0": "Package Fee have to be a number and at least 0",
    "maximum_cover_photo_have_to_be_a_number_and_at_least_0": "Maximum cover photo have to be a number and at least 0",
    "select_at_least_one_theme": "Select at least one theme",
    "select_at_least_one_module": "Select at least one module",
    "feature_store_for_free_after_have_to_be_a_number_and_at_least_0": "Feature store for free after have to be a number and at least 0",
    "fee_for_feature_store_have_to_be_a_number_and_at_least_0": "Fee for feature store have to be a number and at least 0",
    "feature_products_fee_have_to_be_a_number_and_at_least_0": "Feature products fee have to be a number and at least 0",
    "manage_packages": "Manage Packages",
    "action": "Action",
    "show": "Show",
    "hide": "Hide",
    "edit": "Edit",
    "delete": "Delete",
    "yes": "Yes",
    "no": "No",
    "are_you_sure": "Are you sure?",
    "fields_comparison_successfully_updated": "Fields comparison successfully updated",
    "manage_comparison": "Manage Comparison",
    "name_of_package_cannot_be_empty": "Name of package cannot be empty.",
    "which_information_about_products_you_want_to_help_your_to_members_compare": "Which information about products you want to help your members to compare?",
    "comparision_store_name": "Store Name",
    "comparision_product_name": "Name",
    "comparision_store_rating": "Rating",
    "comparision_product_rating": "Rating",
    "comparision_store_main_categories": "Main Categories",
    "comparision_product_price": "Price",
    "comparision_product_total_orders": "Number of orders",
    "comparision_product_total_reviews": "Number of reviews",
    "comparision_product_total_views": "Number of views",
    "comparision_product_seller": "Seller",
    "comparision_product_custom_fields": "Custom fields",
    "comparision_product_description": "Description",
    "comparision_store_total_products": "Number of products",
    "comparision_store_total_orders": "Number of orders",
    "comparision_store_total_views": "Number of views",
    "comparision_store_total_reviews": "Number of reviews",
    "comparision_store_shiping_and_payment_info": "Shipping and payment info",
    "comparision_store_policy": "Return Policy",
    "comparision_store_buyer_protection": "Buyer Protection",
    "which_information_about_stores_you_want_to_help_your_to_members_compare": "Which information about stores you want to help your members to compare?",
    "manage_product_comparison": "Manage Product Comparison",
    "manage_store_comparison": "Manage Store Comparison",
    "store_title": "Title",
    "store_owner": "Owner",
    "featured": "Featured",
    "not_featured": "Not Featured",
    "any": "Any",
    "approve_only": "Approve Only",
    "deny_only": "Deny Only",
    "search": "Search",
    "approve": "Approve",
    "status": "Status",
    "categories": "Categories",
    "package": "Package",
    "search_filter": "Search Filter",
    "stores": "Stores",
    "main_categories": "Main Categories",
    "name": "Name",
    "delete_selected": "Delete Selected",
    "reopen": "Reopen",
    "close": "Close",
    "featured_stores": "Featured Stores",
    "featured_products": "Featured Products",
    "stores_of_friends": "Stores Of Friends",
    "user_setting_number_store_user_can_create": "How many stores that a user can create?",
    "you_have_reached_your_creating_store_limit_please_contact_administrator": "You have reached your creating store limit. Please contact administrator.",
    "you_do_not_have_permission_to_create_a_store_please_contact_administrator": "You do not have permission to create a store. Please contact administrator.",
    "no_packages_found": "No packages found.",
    "all_packages": "All Packages",
    "open_new_store_step_1_choose_package": "Open New Store \/ Step 1: Choose Package",
    "open_new_store": "Open New Store",
    "draft": "Draft",
    "pending": "Pending",
    "published": "Published",
    "denied": "Denied",
    "closed": "Closed",
    "other": "Other",
    "deny": "Deny",
    "deleted": "Deleted",
    "no_results": "No results",
    "package_price": "Package Price",
    "events": "Events",
    "duration": "Duration",
    "choose_this_package": "Choose This Package",
    "package_support": "Package Support",
    "products_can_be_created": "products can be created",
    "support_activity_feed": "Support activity feed",
    "fee_for_featuring_store": "Fee for featuring store",
    "please_enter_location": "Please enter location.",
    "this_field_is_required": "This field is required",
    "please_enter_a_valid_url_for_example_http_example_com": "Please enter a valid url, for example http:\/\/example.com",
    "please_enter_a_value_with_a_valid_extension": "Please enter a value with a valid extension",
    "please_enter_at_least_0_characters": "Please enter at least {0} characters.",
    "please_enter_a_value_greater_than_or_equal_to_0": "Please enter a value greater than or equal to {0}",
    "please_enter_a_valid_number": "Please enter a valid number.",
    "please_enter_no_more_than_0_characters": "Please enter no more than {0} characters.",
    "category": "Category",
    "short_description": "Short Description",
    "contact_information": "Contact Information",
    "branches": "Branches",
    "description": "Description",
    "from": "from",
    "to": "to",
    "get_directions": "Get Directions",
    "cannot_load_google_api_library_please_reload_the_page_and_try_again": "Cannot load Google API library. Please reload the page and try again.",
    "compare": "Compare",
    "please_select_more_than_one_entry_for_the_comparison": "Please select more than one entry for the comparison.",
    "add_to_compare": "Add to Compare",
    "remove_from_compare": "Remove from Compare",
    "phone": "Phone",
    "fax": "Fax",
    "email": "Email",
    "website": "Website",
    "are_you_sure_you_want_to_delete_this_store": "Are you sure you want to delete this store? This action can not be reverted and all products in store will be lost!",
    "are_you_sure_you_want_to_delete_this_product": "Are you sure you want to delete this product?",
    "are_you_sure_you_want_to_delete_stores_that_you_selected": "Are you sure you want to delete stores that you selected ?",
    "are_you_sure_you_want_to_delete_products_that_you_selected": "Are you sure you want to delete products that you selected ?",
    "address_is_required": "\"Address\" is required",
    "information": "Infomation",
    "view_all_categories": "View all categories",
    "all_categories": "All categories",
    "support_attribute_to_product_in_store": "Support attribute to product in store",
    "support_changing_store_theme": "Support changing store theme",
    "number_of_product_is_unlimited": "Number of product is unlimited",
    "open_new_store_step_2_input_information": "Open New Store \/ Step 2 - Input Information",
    "payment_methods": "Payment Methods",
    "please_select_one_theme_for_your_store_note_that_if_this_package_supports_multiple_and_changeable_themes_you_can_re_select_theme_any_time_you_want_at_dashboard": "Please select one theme for your store. Note that if this package supports multiple and changeable themes, you can re-select theme any time you want at Dashboard",
    "general_info": "General Info",
    "store_name": "Store Name",
    "business_type": "Business Type",
    "shipping_and_payment_infomation": "Shipping and payment infomation",
    "return_policy": "Return Policy",
    "buyer_protection": "Buyer Protection",
    "tax": "Tax",
    "branch_name": "Branch Name",
    "address": "Address",
    "enter_a_location": "Enter a location",
    "view_map": "View map",
    "country": "Country",
    "city": "City",
    "province": "Province",
    "zip_code": "Zip code",
    "web_address": "Web Address",
    "logo": "Logo",
    "you_can_upload_a_jpg_gif_or_png_file": "You can upload a JPG, GIF or PNG file.",
    "cover": "Cover",
    "additional_information": "Additional Information",
    "title": "Title",
    "content": "Content",
    "store_publishing_fee_depend_on_what_package_you_choose_at_step_1": "Store publishing fee depend on what package you choose at step 1",
    "publish_fee": "Publish Fee",
    "feature_this_store_for": "Feature this store for",
    "feature": "Feature",
    "day_s_with": "day(s) with",
    "fee_to_feature_store_feature_fee_currency_id_for_1_day": "Fee to feature store: {feature_fee} {currency_id} for 1 day",
    "control_who_can_see_this_store": "Control who can see this store.",
    "control_who_can_see_this_product": "Control who can see this product.",
    "save_as_draft": "Save As Draft",
    "open_store": "Open Store",
    "back": "Back",
    "privacy": "Privacy",
    "0_means_never_expired": "0 means never expired",
    "valid_period_cannot_be_empty": "Valid period cannot be empty",
    "package_fee_cannot_be_empty": "Package Fee cannot be empty",
    "maximum_number_of_product_cannot_be_empty": "Maximum number of product cannot be empty",
    "year_established": "Year Established",
    "sole_proprietor": "Sole proprietor",
    "partnership": "Partnership",
    "company": "Company",
    "franchise": "Franchise",
    "limited_liability": "Limited liability",
    "others": "Others",
    "select": "Select",
    "price": "Price",
    "please_enter_a_valid_email_address": "Please enter a valid email address",
    "provide_a_category_this_item_will_belong_to": "Provide a category this item will belong to",
    "please_select_an_image_to_upload": "Please select an image to upload",
    "about_us": "About Us",
    "reviews": "Reviews",
    "photos": "Photos",
    "activities": "Activities",
    "home": "Home",
    "shipping_and_payment": "Shipping and Payment",
    "enter_a_numeric_value_0_means_never_expired": "Enter a numeric value. 0 means never expired",
    "message_seller": "Message Seller",
    "new_stores": "New Stores",
    "store_successfully_added": "Store successfully added",
    "some_issues_happen_please_try_again_thanks": "Some issues happen. Please try again, thanks",
    "unable_to_find_the_store_you_are_looking_for": "Unable to find the store you are looking for.",
    "you_do_not_have_permission_to_edit_this_store": "You do not have permission to edit this store.",
    "store_successfully_updated": "Store successfully updated",
    "upload_a_new_image": "Upload a New Image",
    "photo_s": "Photo(s)",
    "album_s": "Album(s)",
    "upload_cover": "Upload Cover",
    "cover_photo": "Cover Photo",
    "location": "Location",
    "edit_information": "Edit Information",
    "insight": "Insight",
    "edit_info": "Edit Info",
    "manage_products": "Manage Products",
    "sale_of_store": "Sale Of Store",
    "manage_faqs": "Manage FAQs",
    "view_this_store": "View This Store",
    "dashboard": "Dashboard",
    "open": "Open",
    "public": "Public",
    "publish": "Publish",
    "expired": "Expired",
    "setting_default_distance_measurement_unit": "<title>Distance Measurement Unit<\/title><info>Select default distance Measurement Unit.<\/info>",
    "mi": "Mile (Mi)",
    "km": "Kilometer (Km)",
    "view_more_abouts_us": "View more about us",
    "keywords": "Keywords",
    "price_from": "Price (from)",
    "price_to": "Price (to)",
    "sort_by": "Sort by",
    "latest": "Latest",
    "newest": "Newest",
    "most_liked": "Most Liked",
    "most_following": "Most Following",
    "a_z": "A-Z",
    "z_a": "Z-A",
    "reset": "Reset",
    "advanced_search": "Adv. Search",
    "note_this_store_is_featured_unlimited_time": "Note: This store is featured unlimited time",
    "note_this_store_is_featured_until_expire_date": "Note: This store is featured until {expire_date}",
    "update": "Update",
    "un_featured": "Un-Featured",
    "radius_km": "Radius (kilometer)",
    "radius_mi": "Radius (mile)",
    "categories_by": "Categories By",
    "all": "All",
    "more_dot_dot_dot": "More...",
    "less": "Less",
    "search_store": "Search Store...",
    "search_store_dot": "Search Store...",
    "most_purchased": "Most Purchased",
    "most_favorited": "Most Favorited",
    "contact_detail": "Contact detail",
    "view_full_map_direction": "View full map direction",
    "created_on": "Created on",
    "by": "by",
    "are_you_sure_want_to_delete_these_stores_this_action_cannot_be_reverted_and_all_products_in_these_stores_will_be_lost": "Are you sure want to delete these stores ? This action cannot be reverted and all products in these stores will be lost!",
    "are_you_sure_want_to_delete_this_store_this_action_cannot_be_reverted_and_all_products_in_store_will_be_lost": "Are you sure want to delete this store ? This action cannot be reverted and all products in store will be lost!",
    "faqs": "FAQs",
    "expand_all": "Expand all",
    "collapse_all": "Collapse all",
    "you_do_not_have_permission_to_feature_this_store": "You do not have permission to feature this store.",
    "you_can_not_close_this_store": "You can not close this store.",
    "you_can_not_reopen_this_store": "You can not reopen this store.",
    "update_store": "Update Store",
    "created_on_time_stamp_by_user_info": "Created on {time_stamp} by {user_info}",
    "follow": "Follow",
    "follows": "Follows",
    "favorite": "Favorite",
    "favorites": "Favorites",
    "order": "Order",
    "orders": "Orders",
    "choose_from_gallery": "Choose from gallery",
    "other_albums": "Other albums",
    "ok": "OK",
    "cancel": "Cancel",
    "no_friends_found": "No friends found.",
    "favorited_by_users": "Favorited by users",
    "following_by_users": "Following by users",
    "all_albums": "All albums",
    "united_album": "United Album",
    "all_photos": "All photos",
    "favorited": "Favorited",
    "following": "Following",
    "full_name_wrote_a_comment_on_your_store_title": "{full_name} wrote a comment on your store \"{title}\".",
    "full_name_wrote_a_comment_on_your_store_message": "{full_name} wrote a comment on your store \"<a href=\"{link}\">{title}<\/a>\".\r\nTo see the comment thread, follow the link below:\r\n<a href=\"{link}\">{link}<\/a>",
    "unable_to_find_the_store_you_are_trying_to_comment_on": "Unable to find the store you are trying to comment on.",
    "followers": "followers",
    "at": "at",
    "follower": "follower",
    "view_more": "View more",
    "products": "Products",
    "no_stores_found": "No stores found.",
    "featured_store": "Featured Store",
    "manage_stores": "Manage Stores",
    "statistics": "Statistics",
    "settings": "Settings",
    "most_favorite": "Most Favorite",
    "edit_faq": "Edit FAQ",
    "store_name_is_now_temporarily_closed": "Store \"{store_name}\" is now temporarily closed.",
    "store_name_is_now_reopened": "Store \"{store_name}\" is now reopened.",
    "user_name_favourited_your_store_store_name": "{user_name} favourited your store \"{store_name}\".",
    "user_name_followed_your_store_store_name": "{user_name} followed your store \"{store_name}\".",
    "your_store_store_name_is_approved_by_sender": "Your store \"{store_name}\" is approved by {sender}",
    "your_store_store_name_is_denied_by_sender": "Your store \"{store_name}\" is denied by {sender}",
    "your_store_store_name_is_approved_by_sender_for_more_detail_please_view_this_link_link": "Your store \"{store_name}\" is approved by {sender}. For more detail, please view this link: {link}",
    "your_store_store_name_is_denied_by_sender_for_more_detail_please_view_this_link_link": "Your store \"{store_name}\" is denied by {sender}. For more detail, please view this link: {link}",
    "your_store_in_site_name_site_is_approved": "Your store in \"{site_name}\" site is approved.",
    "your_store_in_site_name_site_is_denied": "Your store in \"{site_name}\" site is denied.",
    "store_store_name_in_site_name_site_is_now_reopened": "Store \"{store_name}\" in \"{site_name}\" site is now reopened.",
    "store_store_name_in_site_name_site_is_now_temporarily_closed": "Store \"{store_name}\" in \"{site_name}\" site is now temporarily closed.",
    "store_store_name_in_site_name_site_is_now_temporarily_closed_for_more_detail_please_view_this_link_link": "Store \"{store_name}\" in \"{site_name}\" site is now temporarily closed. For more detail, please view this link: {link}",
    "store_store_name_in_site_name_site_is_now_reopened_for_more_detail_please_view_this_link_link": "Store \"{store_name}\" in \"{site_name}\" site is now reopened. For more detail, please view this link: {link}",
    "buy_new_package": "Buy New Package",
    "1_day": "1 Day",
    "1_week": "1 Week",
    "1_month": "1 Month",
    "don_t_receive": "Don&#039;t Receive",
    "load_more": "Load More",
    "there_are_nothing_to_show": "There are nothing to show.",
    "num_favorite": "favorite",
    "num_favorites": "favorites",
    "warning_package": "We find that your new choice is more limited than the last package. If you still want to choose this package, some pieces of your data will be hidden.\r\n\r\n\t\t\tAlthough your data can be restore if you reuse the old package later, we recommend using the same package again or use the full-services packages.",
    "warning": "Warning!",
    "continue": "Continue",
    "menu_seller": "Menu Seller",
    "view": "View",
    "views": "Views",
    "share": "Share",
    "shares": "Shares",
    "add_product": "Add Product",
    "no_item_s_found": "No item(s) found",
    "stores_successfully_deleted": "Stores successfully deleted",
    "compare_stores": "Compare Stores",
    "no_stores_to_compare": "No Stores To Compare.",
    "email_content_going_to_expire": "Your store \"{store_name}\" package will expire on {date}. Please check and pay for renewal on time or all trading activities of the store will be suspended until you buy new.<br\/><a href=\"{link}\">Check now<\/a>",
    "your_store_store_name_package_is_going_to_expire": "Your store \"{store_name}\" package is going to expire",
    "unfavorite_all_selected": "UnFavorite all selected",
    "unfollow_all_selected": "UnFollow All Selected",
    "stores_successfully_approved": "Stores successfully approved",
    "stores_successfully_featured": "Stores successfully featured",
    "stores_successfully_un_favorite": "Stores successfully un-favorite",
    "stores_successfully_un_follow": "Stores successfully un-follow",
    "stores_successfully_denied": "Stores Successfully Denied",
    "stores_successfully_un_featured": "Stores Successfully Un - Featured",
    "package_applied_at": "Package Applied At",
    "package_expired_at": "Package Expired At",
    "receive_renewal_notification_before_the_exp": "Receive Renewal Notification Before the EXP",
    "you_cannot_post_a_review_without_rating": "You cannot post a review without rating.",
    "shipping_and_payments": "Shipping and Payments",
    "no_albums_found": "No albums found",
    "album_s_successfully_deleted": "Album(s) successfully deleted",
    "receive_renewal_notification_successfully_updated": "Receive Renewal Notification successfully updated",
    "users_liked_gender_own_comment_on_the_store_title": "{users} liked {gender} own comment on the store \"{title}\"",
    "users_liked_one_of_your_comments_on_the_store_title": "{users} liked one of your comments on the store \"{title}\"",
    "users_liked_one_on_span_class_drop_data_user_row_full_name_s_span_comments_on_the_store_title": "{users} liked one on <span class=\"drop_data_user\">{row_full_name}&#039;s<\/span> comments on the store \"{title}\"",
    "full_name_liked_a_comment_you_made_on_the_store_name": "{full_name} liked a comment you made on the store \"{title}\"",
    "users_liked_span_class_drop_data_user_row_full_name_s_span_comment_on_the_store_title": "{users} liked <span class=\"drop_data_user\">{row_full_name}&#039;s<\/span> comment on the store \"{title}\"",
    "full_name_liked_a_comment_you_made_on_the_store_name_to_view_the_comment_thread_follow_the_link_below_a_href_link_link_a": "{full_name} liked a comment you made on the store \"{title}\".\r\n\t\t\tTo view the comment thread follow the link below:\r\n\t\t\t<a href=\"{link}\">{link}<\/a>",
    "users_commented_on_span_class_drop_data_user_row_full_name_s_span_store_title": "{users} commented on <span class=\"drop_data_user\">{row_full_name}&#039;s<\/span> store \"{title}\"",
    "users_commented_on_gender_own_store_title": "{users} commented on {gender} own store \"{title}\"",
    "users_commented_on_your_store_title": "{users} commented on your store \"{title}\"",
    "product_name": "Product Name",
    "store_status": "Store Status",
    "store": "Store",
    "are_you_sure_want_to_delete_this_product_this_action_cannot_be_reverted": "Are you sure want to delete this product. This action cannot be reverted",
    "are_you_sure_want_to_delete_these_products_this_action_cannot_be_reverted": "Are you sure want to delete these products. This action cannot be reverted",
    "you_cannot_close_this_product": "You cannot close this product",
    "you_do_not_have_permission_to_feature_this_product": "You do not have permission to feature this product",
    "paused": "Closed",
    "add_new_product": "Add New Product",
    "you_have_reached_your_creating_product_limit_with_current_your_store_package_please_upgrade_to_other_package": "You have reached your creating product limit with current your store package. Please upgrade to other package.",
    "you_do_not_have_permission_to_create_product_in_this_store": "You do not have permission to create product in this store.",
    "product_type": "Product Type",
    "physical_product": "Physical Product",
    "digital_product": "Digital Product",
    "product_title": "Product Title",
    "uom": "UOM",
    "price_discounts": "Price & Discounts",
    "discount_0_or_blank_mean_no_discount": "Discount (\"0\" or blank mean no discount)",
    "fixed_amount": "Fixed amount",
    "percentage": "Percentage",
    "enable_inventory": "Enable inventory?",
    "inventory": "Inventory",
    "minimum_order_quantity": "Minimum Order Quantity",
    "discount_period": "Discount Period",
    "no_definition": "No definition",
    "your_store_store_name_is_featured_unlimited_time_by_sender": "Your store \"{store_name}\" is featured unlimited time by {sender}",
    "your_store_store_name_is_un_featured_by_sender": "Your store \"{store_name}\" is un-featured by {sender}",
    "maximum_order_quantity_per_user": "Maximum Order Quantity Per User",
    "in_stock_quantity": "In Stock Quantity",
    "auto_temporarily_close_product_when_out_of_stock": "Auto temporarily close product when out of stock",
    "link_download": "Link download",
    "feature_this_product_for": "Feature this product for",
    "fee_to_feature_product_feature_fee_currency_id_for_1_day": "Fee to feature product: {feature_fee} {currency_id} for 1 day",
    "super_deal": "Super Deal",
    "most_liked_products": "Most Liked",
    "like": "Like",
    "liked": "Liked",
    "likes": "Likes",
    "there_are_no_categories": "There are no categories.",
    "comments": "Comments",
    "comment": "Comment",
    "the_product": "The product",
    "please_input_uom_unit_in_admincp": "Please input UOM unit in AdminCP",
    "please_edit_discount_end_date_after_start_date": "Please edit discount end date after start date",
    "recently_viewed_products": "Recently Viewed",
    "un_like": "Un-Like",
    "view_all_deals": "View all deals",
    "product_successfully_added": "Product successfully added",
    "unable_to_find_the_product_you_are_looking_for": "Unable to find the product you are looking for.",
    "you_do_not_have_permission_to_edit_this_product": "You do not have permission to edit this product.",
    "note_this_product_is_featured_unlimited_time": "Note: This product is featured unlimited time",
    "note_this_product_is_featured_until_expire_date": "Note: This product is featured until {expire_date}",
    "product_successfully_updated": "Product successfully updated",
    "your_product_in_site_name_site_is_approved": "Your product in \"{site_name}\" site is approved.",
    "your_product_product_name_is_approved_by_sender_for_more_detail_please_view_this_link_link": "Your product \"{product_name}\" is approved by {sender}. For more detail, please view this link: {link}",
    "price_increase": "Price (increase)",
    "price_decrease": "Price (decrease)",
    "added_a_new_product": "added a new product.",
    "discount_price_must_be_less_than_or_equal_to_product_price": "Discount price must be less than or equal to product price.",
    "discount_percentage_must_be_less_than_or_equal_to_100_percent": "Discount percentage must be less than or equal to 100 percent.",
    "from_store": "From",
    "at_store": "At",
    "review": "review",
    "you_do_not_have_permission_to_view_this_product": "You do not have permission to view this product.",
    "no_products_found": "No products found.",
    "most_viewed": "Most Viewed",
    "search_product": "Search Product...",
    "product_dashboard": "Product Dashboard",
    "manage_photos": "Manage Photos",
    "manage_attributes": "Manage Attributes",
    "sales": "Sales",
    "view_this_product": "View This Product",
    "tip_add_store_logo": "Tips: To make your logo look good, we recommend a square\/nearly square image with resolution higher than 320 x 320 pixels.",
    "feature_this_product": "Feature This Product",
    "social_store_product": "Social Store (Product)",
    "social_store_store": "Social Store (Store)",
    "overview": "Overview",
    "specifications": "Specifications",
    "click_on_stars_for_rating": "Click on stars for rating",
    "write_your_message": "write your message...",
    "remaining_characters": "Remaining characters",
    "edit_your_review": "Edit your review",
    "post_a_review": "Post a review",
    "thank_you_for_your_review": "Thank You for Your Review",
    "submit_review": "Submit review",
    "all_sales": "All sales",
    "my_stores": "My Stores",
    "no_more_reviews_to_show": "No more reviews to show.",
    "user_name_reviewed_your_store_store_name": "{user_name} reviewed your store \"{store_name}\".",
    "user_name_reviewed_your_product_store_name": "{user_name} reviewed your product \"{product_name}\".",
    "no_store_to_compare": "No store to compare",
    "no_product_to_compare": "No product to compare",
    "max_characters": "Max characters",
    "maximum_number_of_photo_can_add_to_each_product": "Maximum number of photo can add to each product",
    "wishlist": "Wishlist",
    "menu_buyer": "Menu Buyer",
    "my_cart": "My Cart",
    "my_wishlist": "My Wishlist",
    "my_orders": "My Orders",
    "upload_photos": "Upload photos",
    "delete_this_image": "Delete This Image",
    "remain_photos_imaximum": "Remain photos: {iMaximum}",
    "the_file_size_limit_is_filesize_if_your_upload_does_not_work_try_uploading_a_smaller_picture": "The file size limit is {filesize}. If your upload does not work, try uploading a smaller picture.",
    "select_image_s": "Select Image(s)",
    "successfully_deleted_photo": "Successfully deleted photo",
    "allow_adding_at_most_imaximum_photos": "Allow adding at most {iMaximum} photos",
    "successfully_set_main_photo_for_this_product": "Successfully set main photo for this product",
    "set_this_photo_as_main_photo_of_this_product": "Set this photo as main photo of this product",
    "new_products": "New Products",
    "others_from_this_store": "Others from this store",
    "related_products": "Related products",
    "user_name_favorited_your_product_product_name": "{user_name} favorited your product \"{product_name}\"",
    "store_name_sell_a_new_product": "{store_name} sell a new product.",
    "sell_new_product_text": "Store <a target=\"_blank\" href=\"{store_link}\">{store_name}<\/a> sell a new product:<div style=\"max-width: 600px; height: 100px; margin-top:10px\"><div style=\"max-width: 100px; float:left;margin-right:10px\"><a target=\"_blank\" href=\"{product_link}\" ><img style=\"max-width: 100px\" src=\"{product_image}\"\/><a><\/div><div style=\"max-width: 500px\"><a target=\"_blank\" href=\"{product_link}\" style=\"display:block\">{product_name}<\/a><br\/>{product_price}<\/div><\/div>",
    "your_product_product_name_is_approved_by_sender": "Your product \"{product_name}\" is approved by {sender}",
    "your_product_product_name_is_denied_by_sender_for_more_detail_please_view_this_link_link": "Your product \"{product_name}\" is denied by {sender}. For more detail, please view this link: {link}",
    "your_product_in_site_name_site_is_denied": "Your product in \"{site_name}\" site is denied.",
    "your_product_product_name_is_denied_by_sender": "Your product \"{product_name}\" is denied by {sender}",
    "profile_menu": "Profile Menu",
    "total_results_results_founds": "{total_results} results  founds",
    "attribute_title": "Attribute Title",
    "maximum_limit_characters": "maximum {limit} characters",
    "color_size_options": "Color, size, options...",
    "style_to_show": "Style to show",
    "text_only": "Text only",
    "show_attributes_as_text_ex_red_green": "show attributes as text. Ex: red, green...",
    "image_only": "Image only",
    "show_each_option_for_an_image_if_the_image_is_not_available_it_s_be_shown_with_default_image": "show each option for an image, if the image is not available, it&#039;s be shown with default image",
    "image_with_text": "Image with text",
    "create_attribute": "Create attribute",
    "add_an_element": "Add an Element",
    "invalid_param": "Invalid param",
    "print": "Print",
    "remaining": "Remaining",
    "sold": "Sold",
    "unlimited": "Unlimited",
    "physical_products": "Physical Products",
    "digital_products": "Digital Products",
    "num_more_other_friends": "+{num_more} other friends",
    "also_bought_by_friends": "Also bought by friends",
    "no_users_found": "No users found",
    "start_compare_product": "Start Compare Product",
    "start_compare_store": "Start Compare Store",
    "remove_all_stores_from_compare": "Remove all stores from compare",
    "compare_products": "Compare Products",
    "are_you_sure_to_remove_this_group_and_its_items": "Are you sure to remove this group and its items?",
    "are_you_sure_to_remove_all_stores_from_compare_list": "Are you sure to remove all stores from compare list?",
    "total_price": "Total price",
    "buy_now": "Buy Now",
    "feature_this_product_symbol_feature_fee_day": "Feature this product? ({symbol}{feature_fee}\/day)",
    "need_at_least_2_products_to_compare": "Need at least 2 products to compare",
    "minimum_order_quantity_must_be_less_than_or_equal_to_maximum_order_quantity": "Minimum order quantity must be less than or equal to maximum order quantity.",
    "l_day": "day",
    "l_day_s": "days",
    "reviews_product": "reviews",
    "review_product": "review",
    "submit": "Submit",
    "your_email": "Your email",
    "sorry_this_item_is_temporarily_closed_because_it_s_out_of_stock_or_by_some_reasons_leave_your_email_contact_to_be_notified_as_soon_as_it_come_back": "Sorry! This item is temporarily closed because it&#039;s out of stock or by some reasons.\r\nLeave your email contact to be notified as soon as it come back",
    "un_favorite": "Un-Favorite",
    "un_follow": "Un-Follow",
    "new_arrivals": "New Arrivals",
    "stores_successfully_opened": "Stores successfully opened",
    "stores_successfully_closed": "Stores successfully closed",
    "photos_can_add_to_each_product": "photos can add to each product",
    "number_of_photo_can_add_to_each_product_is_unlimited": "Number of photo can add to each product is unlimited",
    "you_can_not_reopen_this_product": "You can not reopen this product",
    "products_successfully_deleted": "Products successfully deleted",
    "products_successfully_approved": "Products successfully approved",
    "products_successfully_denied": "Products successfully denied",
    "products_successfully_un_featured": "Products successfully un-featured",
    "noti_about_inventory_enable": "Eventhough the inventory is enable, it only actually work if you don&#039;t have any attribute plan. The plan for attributes will be defined later, at Manage Attributes section.",
    "off": "OFF",
    "available_in_stock": "AVAILABLE IN STOCK",
    "remain": "Remain",
    "please_enter_a_value_less_than_or_equal_to_0_total_quantity_of_elements_can_not_exceed_available_in_stock": "Please enter a value less than or equal to {0}. Total quantity of elements can not exceed available in stock",
    "attribute_plan_might_override_your_stock_inventory_that_you_provided_before_at_create_section": "Attribute plan might override your stock inventory that you provided before at create section.",
    "you_may_like": "You May Like",
    "weekly_hot_sellers": "Weekly Hot Sellers",
    "weekly_hot_selling": "Weekly Hot Selling",
    "selling_price": "Selling Price",
    "you_already_added_this_digital_product_to_your_cart": "You already added this digital product to your cart.",
    "you_can_not_add_more_this_item_to_cart_cause_reason": "You can not add more item to cart because it has reached maximum order quantity.",
    "0_or_blank_mean_unlimited": "Note: \"0\" or blank mean unlimited",
    "add_to_cart": "Add To Cart",
    "attributes": "Attributes",
    "item_price": "Item Price",
    "from_s": "From",
    "buy_all_from_this_store": "Buy all from this store",
    "update_cart": "Update Cart",
    "warning_when_edit_stock_quantity_of_product": "Stock quantity must be greater than or equal to total quantity of attributes ({total}) or 0 for unlimited. If you want to update quantity of attributes, please follow this <a class=\"no_ajax\" target=\"_blank\" href=\"{link}\">link<\/a>.",
    "warning_change_stock_quantity_have_unlimited_attribute": "Stock quantity must be 0 or blank for unlimited cause this product have an attribute with unlimited quantity. If you want to update quantity of attributes, please follow this <a class=\"no_ajax\" target=\"_blank\" href=\"{link}\">link<\/a>.",
    "your_store_store_name_package_has_expired": "Your store \"{store_name}\" package has expired.",
    "email_content_store_is_expired": "Your store \"{store_name}\" package has just expired, so its status is changed to Expired. All trading activities of the store will be suspended until you buy a new. <a href={link}>Check now<\/a>",
    "you_select_it": "You Select It",
    "sub_total": "Sub total",
    "are_you_sure_want_to_remove_this_item": "Are you sure want to remove this item?",
    "are_you_sure_want_to_remove_all_items": "Are you sure want to remove all items?",
    "you_already_bought_this_digital_product_please_go_to_detail_of_this_product_to_get_download_link": "You already bought this digital product. Please go to detail of this product to get download link.",
    "download": "Download",
    "product_name_has_minimum_order_is_min_order": "Product \"{product_name}\" has minimum order is {min_order}",
    "you_do_not_have_permission_to_manage_orders_this_store": "You do not have permission to manage orders this store.",
    "product_product_name_is_now_reopen_to_buy": "Product \"{product_name}\" is now reopen to buy.",
    "product_product_name_is_now_reopen_and_allow_to_buy_let_s_come_and_get_it_please_follow_this_link_link": "Product \"{product_name}\" is now reopen and allow to buy. Let&#039;s come and get it, please follow this link: {link}",
    "product_name_is_now_temporarily_closed": "Product \"{product_name}\" is now temporarily closed.",
    "you_can_add_maximum_quantity_item_s_for_this_product": "You can add maximum {quantity} item(s) for this product.",
    "include_tax_tax": "{tax}% tax incl.",
    "from_l": "From",
    "buy_current_packages_and_publish": "Buy Current Package and Publish",
    "ynsocialstore_product": "Product",
    "your_product_product_name_is_feature_unlimited_by_sender": "Your product \"{product_name}\" is feature unlimited by {sender}",
    "your_product_product_name_is_un_feature_by_sender": "Your product \"{product_name}\" is un-feature by {sender}",
    "user_name_commented_gender_own_product": "{user_name} commented {gender} own product \"{title}\"",
    "user_name_commented_on_your_product_title": "{user_name} commented on your product \"{title}\"",
    "store_store_name_sell_new_product_product_name": "Store \"{store_name}\" sell new product \"{product_name}\"",
    "ynsocialstore_warning_when_not_supported_atrribute": "This store belong to package which not supported attributes. You can change package of \"{store_name}\" to another to supported this featured",
    "Please fill input data": "",
    "You do not have permission on this action": "",
    "An element has been successfully deleted": "",
    "An element not found or you do not have permission to deleted this element": "",
    "Your cart updated successfully": "",
    "Bought By Friends": "",
    "Cannot review your own product": "",
    "Store Info": "",
    "Shipping and Payment info": "",
    "Cannot review your own store": "",
    "Can not find this cart. Please check your cart!": "",
    "The number of receivers in this transaction must not exceed 4. Please reduce the amount of stores in your shopping cart to process this payment in one single pay request.": "",
    "Your orders is successfully": "",
    "Payment failed. Please check your cart": "",
    "Digital product does not support attributes": "",
    "Product Sales": "",
    "Your email submitted successfully": "",
    "Report this product": "",
    "You don't have permission to view this store.": "",
    "Unable to view this item due to privacy settings": "",
    "Sell New Product": "",
    "Cannot display this section due to privacy.": "",
    "opened a new store": "",
    "Search products": "",
    "View more products": "",
    "Social Store (Stores)": "",
    "Social Store (Products)": "",
    "Users Social Store Count": "",
    "Update Users Activity Social Store Points": "",
    "Who can open new store?": "",
    "Who can view stores?": "",
    "Package is not valid": "",
    "You do not have permission to edit your review.": "",
    "Please input an valid email.": "",
    "This email already submitted to this product.": "",
    "Please enter a value less than or equal to 9999999999.99": "",
    "Attribute title have maximum 16 characters": "",
    "Your Cart": "",
    "View My Cart": "",
    "Remove all item from my cart": "",
    "Upload an image": "",
    "Quantity": "",
    "Number of item with this attribute that you want to sell": "",
    "Amount number": "",
    "Price Affect": "",
    "You have already purchased for this product": "",
    "There are no reviews yet": "",
    "Show more": "",
    "View less": "",
    "Hide this FAQ": "",
    "Save Change": "",
    "Copy code": "",
    "Update cover": "",
    "Total amount charged by site": "",
    "Something you want to tell about this element. Example: Red, Long, Big,... or a code": "",
    "If you want to show image for attribute, then upload an image then check the box \"Show image\"": "",
    "Number of item with this certain attribute that you want to sell": "",
    "Offer a different price for items with this certain attribute": "",
    "Remaining Qty / Total Qty": "",
    "Name / Description": "",
    "Image / Color": "",
    "Affect Price": "",
    "item found in": "",
    "my cart": "",
    "Total quantity": "",
    "Total sales": "",
    "Total orders": "",
    "Total items sold": "",
    "Go Back": "",
    "Total amount charged": "",
    "Followers": "",
    "Total sale": "",
    "Products sold": "",
    "Rating": "",
    "No FAQs found.": "",
    "Add FAQs": "",
    "Color": "",
    "Question": "",
    "Answer": "",
    "Embed": "",
    "None": "",
    "Name/Text/Description": "",
    "please_enter_only_digits": "Please enter only digits",
    "fail_to_delete_this_photo": "Fail to delete this photo",
    "setting_ynstore_paging_mode": "<title>Pagination Style (All Stores)<\/title><info>Select Pagination Style at Search Stores Page.<\/info>",
    "setting_ynstore_product_paging_mode": "<title>Pagination Style (All Products)<\/title><info>Select Pagination Style at Search Products Page.<\/info>",
    "translate_module_ynsocialstore": "Social Store"
}