{
    "admin_menu_add_package": "Add Package",
    "admin_menu_manage_packages": "Manage Packages",
    "create_new_package": "Create New Package",
    "package_name": "Package Name",
    "package_price": "Package Price",
    "package_description": "Package Description",
    "click": "Click",
    "impression": "Impression",
    "day": "Day",
    "clicks": "Clicks",
    "days": "Days",
    "impressions": "Impressions",
    "currency": "Currency",
    "submit": "Submit",
    "packages": "Packages",
    "id": "ID",
    "name": "Name",
    "price": "Price",
    "active": "Active",
    "manage": "Manage",
    "add_new_package": "Add New Package",
    "edit_package": "Edit Package",
    "manage_packages": "Manage Packages",
    "create_new_ads": "Create New Ads",
    "your_ad": "Your Ad",
    "title": "Title",
    "text": "Text",
    "select": "Select",
    "html": "HTML",
    "banner": "Banner",
    "ad_type": "Ad Type",
    "your_audience": "Your Audience",
    "placement": "Placement",
    "select_campaign": "Select Campaign",
    "create_a_new_campaign": "Create a New Campaign",
    "campaign_name": "Campaign Name",
    "all_modules": "All Modules",
    "module_placment": "Module Placement",
    "block": "Block",
    "block_sa": "Block",
    "module_placement": "Module Placement",
    "user_groups": "User Groups",
    "review_ad": "Review Ad",
    "item_type": "Item Type",
    "external_url": "External URL",
    "url": "URL",
    "blog": "Blog",
    "event": "Event",
    "page": "Page",
    "your_item": "Your Item",
    "you_have_no_item_of_this_type": "You have no item of this type. Please choose another one.",
    "example_ad_title": "Example Ad Title",
    "image": "Image",
    "choose_image": "Choose Image",
    "example_ad_text": "Example Ad Text",
    "edit_ad": "Edit Ad",
    "place_order": "Place Order",
    "pay_with_paypal": "Pay with Paypal",
    "pay_with_2checkout": "Pay with 2Checkout",
    "pay_later": "Pay Later",
    "status": "Status",
    "no_ads_found": "No Ads Found",
    "draft": "Draft",
    "unpaid": "Unpaid",
    "pending": "Pending",
    "denied": "Denied",
    "running": "Running",
    "paused": "Paused",
    "completed": "Completed",
    "deleted": "Deleted",
    "view": "View",
    "date": "Date",
    "no_statistics_found": "No Statistics Found",
    "location": "Location",
    "choose_a_location": "Choose a Location",
    "gender": "Gender",
    "age_between": "Age between",
    "feed": "Feed",
    "view_site_layout": "View Site Layout",
    "all_locations": "All Locations",
    "and": "And",
    "allowed_modules": "Select Modules To Display Ads",
    "allowed_blocks": "Select Blocks To Display Ads As Banners",
    "allowed_item_types": "Select Item Types To View Ad Details",
    "allowed_ad_types": "Select Ad Types",
    "all_blocks": "All Blocks",
    "all_item_types": "All Item Types",
    "all_ad_types": "All Ad Types",
    "edit": "Edit",
    "delete": "Delete",
    "package_successfully_deleted": "Package successfully deleted",
    "choose_your_item": "Choose Your Item",
    "this_field_is_required": "This field is required",
    "number_character_over_limit": "{number} character(s) over limit",
    "number_character_left": "{number} character(s) left",
    "initialized": "Initialized",
    "expired": "Expired",
    "failed": "Failed",
    "paypal": "Paypal",
    "2checkout": "2checkout",
    "transaction_id": "Transaction ID",
    "start_date": "Start Date",
    "pay_date": "Pay Date",
    "description": "Description",
    "payment_method": "Payment Method",
    "amount": "Amount",
    "no_transaction_found": "No Transaction Found",
    "admin_menu_pay_later_requests": "Pay Later Requests",
    "action": "Action",
    "confirm": "Confirm",
    "are_you_sure_confirm_request": "Are you sure you want to confirm that this transaction is completed?",
    "transaction_was_confirmed_successfully": "Transaction was confirmed successfully",
    "my_ads": "My Ads",
    "my_campaigns": "My Campaigns",
    "menu_socialad_create_an_ad_d731c85d2381dbc0ecc1ab183515b055": "Create an Ad",
    "ad": "Ads",
    "social_ad": "Social Ads",
    "payments": "Payments",
    "reports": "Reports",
    "characters_limit": "characters limit",
    "validator_minlength": "Please enter at least {0} characters.",
    "free_package": "FREE package",
    "benefit": "Benefit",
    "unlimited": "UNLIMITED",
    "validator_min": "Please enter a value greater than or equal to {0}",
    "validator_number": "Please enter a valid number.",
    "what_do_you_want_to_advertise": "What do you want to advertise?",
    "what_type_of_ad_do_you_want_to_create": "What type of ad do you want to create?",
    "preview_and_edit": "Preview and Edit",
    "campaign_schedule_and_placement": "Campaign, Schedule, and Placement",
    "schedule": "Schedule",
    "run_ad_continously_when_approved": "Run ad continuously when approved",
    "specify_start_and_end_date": "Specify start and end date",
    "start": "Start",
    "end": "End",
    "user_setting_approve_ad": "Approve ads of this user group before they are publicly displayed?",
    "review": "Review",
    "save": "Save",
    "approved": "Approved",
    "admin_menu_custom_information": "Custom Information",
    "manual_payment_instruction": "Manual payment instructions",
    "terms_and_conditions": "Terms and Conditions",
    "update_successfully": "Update successfully",
    "this_section_currently_has_no_content_please_click_edit_to_edit_it": "section_no_content",
    "manual_payment_instructions": "Manual payment instructions",
    "by_clicking_place_order_you_agree_to_the_following_terms_and_conditions": "By clicking &#039;Place Order&#039;, you agree to the following terms and conditions",
    "instructions": "Instructions",
    "manual_payment_notice": "By clicking confirm, your pay later request will go to admin, then you should follow the instructions to finish your payment.",
    "manual_payment": "Manual Payment",
    "total_clicks": "Total Clicks",
    "pay_later_instructions": "Pay Later Instructions",
    "section_no_content": "This section currently has no content, please click &#039;Edit&#039; to edit it.",
    "free_upper": "FREE",
    "unlimited_upper": "UNLIMITED",
    "ad_preview": "Ad Preview",
    "campaign": "Campaign",
    "package": "Package",
    "please_enter_a_valid_url": "Please enter a valid url, for example http:\/\/example.com",
    "validator_maxlength": "Please enter no more than {0} characters.",
    "like": "Like",
    "one_person_likes_item_name": "1 person likes {item_name}",
    "number_people_likes_item_name": "{number} people like {item_name}",
    "unlike": "Unlike",
    "this": "this",
    "leave": "Leave",
    "join": "Join",
    "number_people_like_item_name": "{number} people like {item_name}",
    "number_people_attend_item_name": "{number} people attend {item_name}",
    "one_person_attends_item_name": "1 person attends {item_name}",
    "attend": "Attend",
    "be_the_first_to_attend": "Be the first to attend",
    "end_date": "End Date",
    "total_impressions": "Total Impressions",
    "total_days": "Total Days",
    "remaining": "Remaining",
    "type": "Type",
    "actions": "Actions",
    "create_a_similar_ad": "Create a Similar Ad",
    "are_you_sure_you_want_to_delete_this_ad": "Are you sure you want to delete this ad?",
    "delete_ad_title_successfully": "Delete &#039;{title}&#039; successfully!",
    "for_lower": "for",
    "you_can_advertise": "You can advertise",
    "on_block_3": "on Block 3",
    "on_newsfeed": "on Newsfeed",
    "on": "on",
    "as": "as",
    "creating_an_ad": "Creating an Ad",
    "your_package": "Your Package",
    "upload_image": "Upload Image",
    "choose_proper_size": "Choose Proper Size",
    "recommended_image_size_for_html_ad": "Recommended Image Size for HTML Ad",
    "pixels": "pixels",
    "recommended_image_size_for_feed_ad": "Recommended Image Size for Feed Ad",
    "getting_started": "Getting Started",
    "getting_started_intro": "Choose what you want to advertise by clicking on an item type then select your item from the item list. If your item is an external URL, you must type your URL, for example: http:\/\/example.com",
    "ad_banner_preview_warning": "The preview of banner ad is relative in both position and size, it does not show exactly what ad will look like under audience&#039;s view",
    "preview": "Preview",
    "statistics": "Statistics",
    "view_full_report": "View Full Report",
    "no_ad": "No Ad",
    "no_ad_found": "No Ad Found",
    "all_days": "All Days",
    "day_per_row": "day per row",
    "days_per_row": "days per row",
    "all_ads": "All Ads",
    "all_campaigns": "All Campaigns",
    "report": "Report",
    "unique_clicks": "Unique Clicks",
    "reach": "Reach",
    "no_data_found": "No Data Found",
    "all_methods": "All Methods",
    "all_except_deleted": "All Except Deleted",
    "all": "All",
    "paging_result": "{start}-{end} of {total} Result(s)",
    "no_campaigns_found": "No Campaigns Found",
    "want_more_attention": "Want More Attention",
    "create_an_ad": "Create An Ad",
    "attract_title": "Advertisement on {site_name}",
    "attract_text": "<b>{full_name}<\/b>, advertisement on {site_name} enables you to easily get more likes, joins or attentions for your pages, blogs, events or your external web sites, <b>let&#039;s create an ad now!<\/b>",
    "pricing_model": "Pricing Model",
    "cost_per_click": "Cost per Click",
    "pricing": "Pricing",
    "how_many_benefit_do_you_want": "How Many {benefit} Do You Want ?",
    "pricing_notice": "This package costs {price_text} for {benefit_text}",
    "affected_audience": "Affected Audience",
    "people": "People",
    "affected_audiences": "Affected Audiences",
    "audiences": "Audiences",
    "cancel": "Cancel",
    "are_you_sure_cancel_request": "Are you sure you want to cancel this request?",
    "canceled": "Canceled",
    "admin_menu_manage_ads": "Manage Ads",
    "admin_menu_manage_campaigns": "Manage Campaigns",
    "admin_menu_manage_transactions": "Manage Transactions",
    "admin_menu_pending_ads": "Pending Ads",
    "are_you_sure_you_want_to_approve_this_ad": "Are you sure you want to approve this ad?",
    "are_you_sure_you_want_to_deny_this_ad": "Are you sure you want to deny this ad?",
    "approve": "Approve",
    "deny": "Deny",
    "deny_ad_successfully": "Deny Ad Successfully",
    "approve_ad_successfully": "Approve Ad Successfully",
    "setting_number_ads_shown_per_view_on_feed": "<title>Number of Ads Shown On Feed<\/title><info>Number of ads shown on feeds. For example, if this setting is 2, 2 ads will be displayed at once each time user views his feeds.<\/info>",
    "setting_number_user_view_to_display_ad": "<title>Number of User Views Before Display Ads on Feed<\/title><info>How many user views do you want before ads on feed display? \r\n\r\nIf this setting is 5, it means ads will appear on feed at the sixth time user views feeds.<\/info>",
    "setting_position_of_feed_ad": "<title>Position of Feed Ads on Feed List When It displays<\/title><info>0 means ads are at the first place, 1 means second place, etc.<\/info>",
    "setting_maxium_number_of_html_ads": "<title>Maximum number of HTML ads shown on block 3<\/title><info>If this setting is 3, maximum 3 HTML ads will be shown on block 3 at once.<\/info>",
    "setting_maxium_number_of_banner_ads": "<title>Maximum Number of Banner Ads on Each Block<\/title><info>If this setting is 1, on each block, maximum 1 banner ads is displayed at once<\/info>",
    "setting_html_ad_ajax_refresh_time": "<title>HTML Ad Refresh Time (Seconds)<\/title><info>Define how many seconds to wait before the HTML ads refresh. if this setting is 0, HTML ads will not refresh by AJAX<\/info>",
    "setting_number_user_view_to_display_html_ads": "<title>Number of User Views Before Display HTML Ads<\/title><info>If this setting is 5, it means HTML ads will appear  at the sixth time user views feeds\r\n\r\nIf this setting is 0, it means HTML ads will appear  every time user views.<\/info>",
    "setting_number_user_view_to_display_banner_ads": "<title>Number of User Views Before Display Banner Ads<\/title><info>If this setting is 5, it means banner ads will appear at the sixth time user views feeds \r\n\r\nIf this setting is 0, it means banner ads will appear every time user views.<\/info>",
    "reaches": "Reaches",
    "user_setting_can_create_ad": "Can Create Ad ?",
    "user_setting_can_approve_deny_ad": "Can approve or deny ads of other users?",
    "pause": "Pause",
    "are_you_sure_you_want_to_pause_this_ad": "Are you sure you want to pause this ad?",
    "pause_ad_successfully": "Pause Ad Successfully",
    "resume_ad_successfully": "Resume Ad Successfully",
    "are_you_sure_you_want_to_resume_this_ad": "Are you sure you want to resume this ad:",
    "resume": "Resume",
    "user_setting_can_view_ad_detail_of_others": "Can View Ad Detail of Other Users?",
    "ad_approved": "Ad Approved",
    "your_ad_on_site_name_has_been_approved": "Your ad on {site_name} has been approved:\r\n<a href=\"{link}\">{link}<\/a>",
    "the_ad_title_has_been_approved": "The ad <b>&#039;{title}&#039;<\/b> has been approved",
    "the_ad_title_has_been_denied": "The ad <b>&#039;{title}&#039;<\/b> has been denied",
    "ad_denied": "Ad Denied",
    "your_ad_on_site_name_has_been_denied": "Your ad on {site_name} has been denied:\r\n<a href=\"{link}\">{link}<\/a>",
    "order_confirmed": "Order Confirmed",
    "your_pay_later_request_for_ad_title_on_site_name_has_been_confirmed": "Your pay later request for ad &#039;{ad_title}&#039; on {site_name} has been confirmed:\r\n<a href=\"{link}\">{link}<\/a>",
    "the_pay_later_request_for_ad_title_has_been_confirmed": "The pay later request for ad <b>&#039;{title}&#039;<\/b> has been confirmed",
    "last_number_day": "Last {number} Days",
    "last_number_days": "Last {number} Days",
    "unique_click": "Unique Click",
    "the_end_time_must_be_greater_than_the_start_time": "The end time must be greater than the start time",
    "the_start_time_must_be_greater_than_current_time": "The start time must be greater than current time",
    "ad_runned": "Ad runned",
    "your_ad_is_running": "Your ad &#039;{ad_title}&#039; on {site_name} is running:\r\n<a href=\"{link}\">{link}<\/a>",
    "ad_is_running": "Ad is running",
    "your_ad_title_is_running": "Your ad <b>&#039;{title}&#039;<\/b> is running",
    "setting_number_of_ad_updated_by_cron": "<title>Number of Ad Updated by Cron<\/title><info>Number of ad updated each time cronjob runs<\/info>",
    "supported_extensions_gif_jpg_and_png": "Supported extensions: GIF, JPG and PNG",
    "submit_for_approval": "Submit for Approval",
    "pay_later_request": "Pay Later Request",
    "pay_later_requests": "Pay Later Requests",
    "setting_pay_later_request_expired_time": "<title>Pay Later Request Expire Time (Days)<\/title><info>Specific how long before a pay later request expires<\/info>",
    "ctr": "CTR",
    "edit_name": "Edit Name",
    "are_you_sure_delete_campaign": "All ads of this campaign will also be deleted. Are you sure you want to delete this campaign?",
    "delete_campaign_successfully": "Delete Campaign Successfully",
    "edit_campaign": "Edit Campaign",
    "edit_campaign_successfully": "Edit Campaign Successfully",
    "no_packages_found": "No Packages Found",
    "none": "None",
    "reminder_not_pay": "You have not completed the payment for this ad. <a href=\"{link}\">Pay it now<\/a>",
    "reminder_pending_pay_later": "You have a pending pay later request. It is <b> {num_day} day(s) <\/b> before it is expired. Please follow the <b> <a href=\"#\" onclick=\"{onclick}\"> instructions <\/a> <\/b>to pay it!",
    "reminder_ad_pending": "Your ad is pending for admin approval",
    "reminder_ad_denied": "Your ad has been denied. You can re-edit it <b> <a href=\"{link}\">here<\/a> <\/b>",
    "html_description": "HTML Ad displays at block 3, it even alllows audiences to like, join your items.",
    "banner_description": "Banner Ad displays as an image, it can be placed on the block which you can specific.",
    "feed_description": "Feed ad displays as a normal feed under audiences&#039; eyes, it is a completely new way to get attention.",
    "choose_your_package": "Choose Your Package",
    "validator_accept": "Please enter a value with a valid extension",
    "sponsored": "Sponsored",
    "menu_socialad_social_ad_fad58de7366495db4650cfefac2fcd61": "Social Ads",
    "ads_list": "Ads List",
    "click_tooltip_description": "Total number of clicks this ad received, including clicks from one person.",
    "ad_status": "Ad Status",
    "ad_status_tooltip_description": "Show the current status of ad. Only running ads are currently showing for audiences.",
    "ad_start_date": "Start Date",
    "ad_start_date_tooltip_description": "The date ad starts running.",
    "ad_end_date": "End Date",
    "ad_end_date_tooltip_description": "The date ad will end or ended. None if ad has no specific end date and it is still running.",
    "impression_tooltip_description": "The total number of views on an ad.",
    "unique_click_tooltip_description": "Total number of unique clicks an ad received. If an audience clicks an ad twice, it counts as one.",
    "reach_description_tooltip": "The total number of users viewed on an ad, count on User ID or IP if guest.",
    "reach_tooltip_description": "The total number of users viewed on an ad, count on User ID or IP if guest.",
    "running_day": "Running Day",
    "running_day_tooltip_description": "Total days an ad ran.",
    "remaining_tooltip_description": "Number of clicks, impressions or days left until an ad ends.",
    "ad_type_tooltip_description": "There are 3 types of ad, HTML, banner or feed.",
    "click_through_rate": "Click-Through Rate",
    "click_through_rate_tooltip_description": "Number of clicks you received divided by the number of impressions.",
    "add_package_successfully": "Add Package Successfully",
    "edit_package_successfully": "Edit Package Successfully",
    "custom_information": "Custom Information",
    "manage_ads": "Manage Ads",
    "manage_campaigns": "Manage Campaigns",
    "manage_transactions": "Manage Transactions",
    "pending_ads": "Pending Ads",
    "social_ads": "Social Ads",
    "setting_activate_pay_later": "<title>Activate Pay Later Payment Method<\/title><info>If this setting is true, users can use pay later method to pay for their ads. In this case, you should add instructions for pay later method in custom information section.<\/info>",
    "do_you_want_to_hide_the_ad_title_permanently": "Do you want to hide the ad &#039;{title}&#039; permanently?",
    "yes": "Yes",
    "no": "No",
    "setting_allow_to_hide_ad_permanently": "<title>Allow User to Hide Ads permanently<\/title><info>If this setting is true, user can hide an ads permanently.<\/info>",
    "export": "Export",
    "export_report": "Export Report",
    "dot_xls": ".xls",
    "dot_csv": ".csv",
    "drag_and_drop_to_arrange_package_display_order": "Drag and drop to arrange package display order",
    "module_socialad": "Social Ads",
    "module_socialads": "Social Ads",
    "currently_there_is_no_package_to_select": "Currently there is no package to select.",
    "you_must_accept_term_and_condition_before_finishing_creating_the_ads_so_that_the_legal_problem_will_be_limited_for_site_s_owner": "You must accept term and condition before finishing creating the ads so that the legal problem will be limited for site&#039;s owner.",
    "you_must_accept_term_and_condition_before_finishing_creating_the_ads": "You must accept term and condition before finishing creating the ads.",
    "show_ads_to_guests": "Show ads to guests",
    "how_many_packages_do_you_want": "How Many Packages Do You Want ?",
    "how_many_package_s_do_you_want": "Update your goal",
    "total": "Total",
    "manage_credit": "Manage Credit",
    "rejected": "Rejected",
    "no_request_found": "No Request Found",
    "request_date": "Request Date",
    "update_date": "Update Date",
    "add_request": "Add Request",
    "please_enter_valid_amount": "Please enter valid amount.",
    "this_field_cannot_be_empty": "This field cannot be empty.",
    "amount_cannot_be_greater_than_remaining_amount": "Amount cannot be greater than remaining amount.",
    "admin_menu_pending_credit_request": "Pending Credit Request",
    "pending_credit_request": "Pending Credit Request",
    "user": "User",
    "accept": "Accept",
    "reject": "Reject",
    "add_new_request_successfully": "Add new request successfully.",
    "accept_request_successfully": "Accept request successfully.",
    "reject_request_successfully": "Reject request successfully.",
    "details": "Details",
    "admin_menu_manage_credit": "Manage Credit",
    "no_credit_found": "No Credit Found",
    "total_amount": "Total Amount",
    "remaining_amount": "Remaining Amount",
    "updated_date": "Updated Date",
    "add_transaction": "Add Transaction",
    "search_by_user": "Search by User",
    "credit_details_of": "Credit Details Of",
    "pay_by_your_credit": "Pay By Your Credit",
    "payment_by_credit_for_ad": "Payment by Credit for ad",
    "payment_by_credit_is_successfully": "Payment by Credit is successfully.",
    "select_a_sub_faq": "Select a sub FAQ",
    "provide_question_content": "Provide question content.",
    "faq_success_updated": "FAQ successfully updated.",
    "faq_success_added": "FAQ successfully added.",
    "faq_edit_title": "Edit FAQ",
    "add_new_faq": "Add new FAQ",
    "faq_order_success_updated": "FAQ order successfully updated.",
    "faq_success_deleted": "FAQ successfully deleted.",
    "admincp_manage_faqs": "Manage FAQs",
    "editing_faq_s": "Editing FAQs",
    "add_faq_s": "Add FAQs",
    "question": "Question",
    "answer": "Answer",
    "faqs": "FAQs",
    "update_order": "Update Order",
    "admin_menu_add_new_faqs": "Add New FAQs",
    "admin_menu_manage_faqs": "Manage FAQs",
    "no_faq_available": "No FAQ available.",
    "add_new_faq_successfully_please_waiting_approval_from_administrator": "Add new FAQ successfully. Please waiting approval from Administrator.",
    "chart_today": "Today",
    "chart_yesterday": "Yesterday",
    "chart_last_week": "Last week",
    "chart_rangeofdates": "Range of dates",
    "provide_answer_content": "Provide answer content.",
    "please_input_valid_name": "Please input valid name.",
    "setting_banner_image_width_height_block_3": "<title>Width and Height of Banner Image Block 3<\/title><info>Width and Height of Banner Image Block 3. Using \"|\" to separate width and height.\r\n\r\nNote: height is 0: unlimited height; width is 0: use default width of block 3<\/info>",
    "pay_credit": "Pay Credit",
    "your_ad_b_title_b_is_deleted": "Your ad <b>&#039;{title}&#039;<\/b> is deleted",
    "total_credit": "Total Credit",
    "no_available_payment_methods": "No available payment methods",
    "purchase_with_activity_points": "Purchase with Activity Points",
    "pay_activity_points": "Pay Activity Points",
    "pay_by_activity_points_successfully": "Pay by activity points successfully",
    "you_have_itotalpoints_activity_point_s_this_will_cost_icostpoints_activity_point_s_do_you_want_to_purchase": "You have {iTotalPoints} activity point(s). This will cost {iCostPoints} activity point(s). Do you want to purchase ?",
    "purchase": "Purchase",
    "setting_activate_activity_points": "<title>Activate Activity Points Method<\/title><info>If this setting is true, users can use activity points to pay for their ads.<\/info>",
    "objective": "Objective",
    "objective_description": "You can choose to bid for your objective, \"Clicks\" or \"Impressions\"; and your choice determines how you pay. \"Clicks\" mean you pay only when your ad is clicked, not each time an ad is shown. \"Impressions\" mean you pay for the number of times an ad is shown regardless of whether it is clicked on or not.",
    "by_clicking_submitphrase_you_agree_to_the_following_terms_and_conditions": "By clicking &#039;{SubmitPhrase}&#039;, you agree to the following terms and conditions",
    "you_have_to_choose_other_package_cause_package_of_ad_you_clone_has_been_deleted": "You have to choose other package cause package of ad you clone has been deleted",
    "ads_filter": "Ads Filter",
    "\"Number of Ads Shown On Feed\" must be greater than or equal to 0": "",
    "\"Number of User Views Before Display Ads on Feed\" must be greater than or equal to 0": "",
    "\"Position of Feed Ads on Feed List When It displays\" must be greater than or equal to 0": "",
    "\"Maximum number of HTML ads shown on block 3\" must be greater than or equal to 0": "",
    "\"Maximum Number of Banner Ads on Each Block\" must be greater than or equal to 0": "",
    "\"HTML Ad Refresh Time (Seconds)\" must be greater than or equal to 0": "",
    "\"Number of User Views Before Display HTML Ads\" must be greater than or equal to 0": "",
    "\"Number of User Views Before Display Banner Ads\" must be greater than or equal to 0": "",
    "\"Number of Ad Updated by Cron\" must be greater than or equal to 0": "",
    "\"Pay Later Request Expire Time (Days)\" must be greater than 0": "",
    "translate_module_socialad": "Social Ads",
    "admin_menu_user_group_settings": "User Group Settings"
}