<product>
	<data>
		<store_id />
		<product_id>younet_ecommerce4</product_id>
		<is_core>0</is_core>
		<title>YNC E-Commerce</title>
		<description>by YouNetCo</description>
		<version>4.02p1</version>
		<latest_version></latest_version>
		<last_check>0</last_check>
		<is_active>1</is_active>
		<url>https://phpfox.younetco.com</url>
		<url_version_check></url_version_check>
		<icon>https://phpfox.younetco.com/files/2016/03/Social_Store.jpg</icon>
		<vendor>YouNetCo</vendor>
	</data>
	<installs>
		<install>
			<version>4.01</version>
			<install_code><![CDATA[include (PHPFOX_DIR_MODULE . 'ecommerce/install/v4.01.php');]]></install_code>
			<uninstall_code></uninstall_code>
		</install>
		<install>
			<version>4.01p2</version>
			<install_code><![CDATA[include (PHPFOX_DIR_MODULE . 'ecommerce/install/v4.01p2.php');]]></install_code>
			<uninstall_code></uninstall_code>
		</install>
		<install>
			<version>4.01p3</version>
			<install_code><![CDATA[include (PHPFOX_DIR_MODULE . 'ecommerce/install/v4.01p3.php');]]></install_code>
			<uninstall_code></uninstall_code>
		</install>
	</installs>
	<modules>
		<module_id>ecommerce</module_id>
	</modules>
</product>