<product>
	<data>
		<store_id />
		<product_id>younet_pagecontacts4</product_id>
		<is_core>0</is_core>
		<title>YouNet Page Contact Form</title>
		<description>by YouNet Company</description>
		<version>4.01p5</version>
		<latest_version></latest_version>
		<last_check>0</last_check>
		<is_active>1</is_active>
		<url>http://phpfox4.demo.younetco.com/</url>
		<url_version_check>http://phpfox4.demo.younetco.com/</url_version_check>
		<icon>https://phpfox.younetco.com/files/2015/11/contact-form.jpg</icon>
		<vendor>YouNet Company</vendor>
	</data>
	<installs>
		<install>
			<version>3.01</version>
			<install_code><![CDATA[$this->database()->query( "CREATE TABLE IF NOT EXISTS `" .PHPFOX::getT("pagecontacts") . "` (
`description` mediumtext NOT NULL,
  `page_id` int(10) unsigned NOT NULL,
  `user_id` int(10) unsigned NOT NULL,
  `is_active` tinyint(1) NOT NULL DEFAULT '0'
) ENGINE=MyISAM DEFAULT CHARSET=latin1;");
$this->database()->query( "CREATE TABLE IF NOT EXISTS `" .PHPFOX::getT("pagecontacts_topic") . "` (
   `page_id` int(11) NOT NULL,
  `email` varchar(255) NOT NULL,
  `topic` varchar(255) NOT NULL,
  `topic_id` int(10) unsigned NOT NULL AUTO_INCREMENT,
  PRIMARY KEY (`topic_id`)
) ENGINE=MyISAM  DEFAULT CHARSET=latin1 AUTO_INCREMENT=1 ;");]]></install_code>
			<uninstall_code></uninstall_code>
		</install>
	</installs>
	<modules>
		<module_id>pagecontacts</module_id>
	</modules>
</product>