<product>
	<data>
		<store_id />
		<product_id>younet_fundraising4</product_id>
		<is_core>0</is_core>
		<title>YouNetCo Fundraising</title>
		<description>by YouNetCo</description>
		<version>4.02p3</version>
		<latest_version></latest_version>
		<last_check>0</last_check>
		<is_active>1</is_active>
		<url>http://phpfox4.demo.younetco.com/</url>
		<url_version_check>http://phpfox4.demo.younetco.com/</url_version_check>
		<icon>http://phpfox.younetco.com/files/2015/10/fund-raising.png</icon>
		<vendor>YouNetCo</vendor>
	</data>
	<installs>
		<install>
			<version>3.01</version>
			<install_code><![CDATA[include (PHPFOX_DIR_MODULE . 'fundraising/yninstall/versions/v3.01.php');]]></install_code>
			<uninstall_code><![CDATA[include (PHPFOX_DIR_MODULE . 'fundraising/yninstall/uninstall.php');]]></uninstall_code>
		</install>
		<install>
			<version>3.01p1</version>
			<install_code><![CDATA[include (PHPFOX_DIR_MODULE . 'fundraising/yninstall/versions/v3.01p1.php');]]></install_code>
			<uninstall_code></uninstall_code>
		</install>
		<install>
			<version>3.01p9</version>
			<install_code><![CDATA[include (PHPFOX_DIR_MODULE . 'fundraising/yninstall/versions/v3.01p9.php');]]></install_code>
			<uninstall_code></uninstall_code>
		</install>
		<install>
			<version>4.01</version>
			<install_code><![CDATA[include (PHPFOX_DIR_MODULE . 'fundraising/yninstall/versions/v4.01.php');]]></install_code>
			<uninstall_code></uninstall_code>
		</install>
		<install>
			<version>4.01p4</version>
			<install_code><![CDATA[include (PHPFOX_DIR_MODULE . 'fundraising/yninstall/versions/v4.01p4.php');]]></install_code>
			<uninstall_code></uninstall_code>
		</install>
		<install>
			<version>4.02</version>
			<install_code><![CDATA[include (PHPFOX_DIR_MODULE . 'fundraising/yninstall/versions/v4.02.php');]]></install_code>
			<uninstall_code></uninstall_code>
		</install>
	</installs>
	<modules>
		<module_id>fundraising</module_id>
	</modules>
</product>