{
    "admin_menu_add_category": "Add Category",
    "admin_menu_manage_categories": "Manage Categories",
    "module_videochannel": "Video Channel",
    "translate_module_videochannel": "Video Channel",
    "menu_videochannel_video_channel_551714af75bcdfed97b5f25442ff6f31": "Video Channel",
    "1_view": "1 view",
    "actions": "Actions",
    "add": "Add",
    "added": "Added",
    "added_by": "Added By",
    "add_a_new_video": "Add a New Video",
    "add_a_video": "Add a Video",
    "add_to_favorites": "Add to Favorites",
    "add_to_your_favorites": "Add to your Favorites",
    "afooter": "aFooter",
    "all_videos": "All Videos",
    "approve": "Approve",
    "approved": "Approved",
    "approve_this_video": "Approve this video.",
    "are_you_sure": "Are you sure?",
    "are_you_sure_this_will_delete_all_videos_that_belong_to_this_category_and_cannot_be_undone": "Are you sure? This will delete all videos that belong to this category and cannot be undone.",
    "awesome": "Awesome",
    "a_href_user_link_full_name_a_added_a_new_comment_on_a_href_item_user_link_item_user_name_s_a_a_href_title_link_video_a": "<a href=\"{user_link}\">{full_name}<\/a> added a new comment on <a href=\"{item_user_link}\">{item_user_name}'s<\/a> <a href=\"{title_link}\">video<\/a>.",
    "a_href_user_link_full_name_a_added_a_new_comment_on_their_own_a_href_title_link_video_a": "<a href=\"{user_link}\">{full_name}<\/a> added a new comment on their own <a href=\"{title_link}\">video<\/a>.",
    "a_href_user_link_full_name_a_added_a_new_comment_on_your_a_href_title_link_video_a": "<a href=\"{user_link}\">{full_name}<\/a> added a new comment on your <a href=\"{title_link}\">video<\/a>.",
    "a_href_user_link_full_name_a_likes_a_href_view_user_link_view_full_name_a_s_a_href_link_video_a": "<a href=\"{user_link}\">{full_name}<\/a> likes <a href=\"{view_user_link}\">{view_full_name}<\/a>'s <a href=\"{link}\">video<\/a>.",
    "a_href_user_link_full_name_a_likes_their_own_a_href_link_video_a": "<a href=\"{user_link}\">{full_name}<\/a> likes {gender} own <a href=\"{link}\">video<\/a>.",
    "a_href_user_link_full_name_a_likes_your_a_href_link_video_a": "<a href=\"{user_link}\">{full_name}<\/a> likes your <a href=\"{link}\">video<\/a>.",
    "a_href_user_link_owner_full_name_a_added_a_new_video_a_href_title_link_title_a": "<a href=\"{user_link}\">{owner_full_name}<\/a> added a new video \"<a href=\"{title_link}\">{title}<\/a>\".",
    "be_the_first_to_add_a_video": "Be the First to Add a Video.",
    "browse_filter": "Browse Filter",
    "browse_other_videos": "Browse Other Videos",
    "by": "By",
    "by_full_name": "by {full_name}",
    "by_lowercase": "by",
    "cancel": "cancel",
    "cancel_uppercase": "Cancel",
    "cant_convert_ssource": "Cant convert: {sSource}",
    "can_feature_videos": "Can feature videos?",
    "categories": "Categories",
    "category": "Category",
    "category_order_successfully_updated": "Category order successfully updated.",
    "category_successfully_added": "Category successfully added.",
    "category_successfully_deleted": "Category successfully deleted.",
    "category_successfully_updated": "Category successfully updated.",
    "click_here_to_approve_videos": "Click <a href=\"{sLinkPendingVideos}\">here<\/a> to approve videos.",
    "click_to_delete_this_image": "Click <a href=\"#\" onclick=\"{on_delete_image}\">here<\/a> to delete this image and upload a new one in its place.",
    "comments": "Comments",
    "comments_total_comment": "Comments ({total_comment})",
    "comment_privacy": "Comment Privacy",
    "completed_image_simagelocation": "Completed Image: {sImageLocation}",
    "completed_sdestination": "Completed: {sDestination}",
    "control_who_can_comment_on_this_video": "Control who can comment on this video.",
    "control_who_can_see_this_video": "Control who can see this video.",
    "converting_completed_sdestination": "Converting completed: {sDestination}",
    "converting_ssource": "Converting: {sSource}",
    "converting_store_in_cache_video_id": "Converting (store in cache): {video_id}",
    "copyright_consequences_notice": "Uploading copyrighted videos without the explicit consent of the copyright owner will result in your profile being cancelled.",
    "create_a_new_category": "Create a New Category",
    "date_added": "Date Added",
    "delete": "Delete",
    "delete_this_video": "Delete this video.",
    "delete_this_video_menu": "Delete this Video",
    "description": "Description",
    "done": "Done!",
    "edit": "Edit",
    "editing_video": "Editing Video",
    "edit_a_category": "Edit a Category",
    "edit_a_video": "Edit a Video",
    "edit_this_video": "Edit this video.",
    "edit_this_video_menu": "Edit this Video",
    "embed": "Embed",
    "embedding_this_video_is_not_allowed_try_another_video": "Embedding this video is not allowed. Try another video.",
    "encourage_sponsor": "Sponsor your Videos",
    "favourite": "Favorite",
    "feature": "Feature",
    "featured": "Featured",
    "featured_videos": "Featured Videos",
    "feature_this_video": "Feature this video.",
    "file_exists_sdestination": "File exists: {sDestination}",
    "file_upload": "File Upload",
    "friends_videos": "Friends' Videos",
    "full_name_commented_on_gender_video": "{full_name} commented on {gender} video.",
    "full_name_commented_on_gender_video_a_href_link_title_a_to_see_the_comment_thread_follow_the_link_below_a_href_link_link_a": "{full_name} commented on {gender} video \"<a href=\"{link}\">{title}<\/a>\".\r\nTo see the comment thread, follow the link below:\r\n<a href=\"{link}\">{link}<\/a>",
    "full_name_commented_on_other_full_name_s_video": "{full_name} commented on {other_full_name}'s video.",
    "full_name_commented_on_other_full_name_s_video_a_href_link_title_a_to_see_the_comment_thread_follow_the_link_below_a_href_link_link_a": "{full_name} commented on {other_full_name}'s video \"<a href=\"{link}\">{title}<\/a>.\r\nTo see the comment thread, follow the link below:\r\n<a href=\"{link}\">{link}<\/a>",
    "full_name_commented_on_your_video_a_href_link_title_a_to_see_the_comment_thread_follow_the_link_below_a_href_link_link_a": "{full_name} commented on your video \"<a href=\"{link}\">{title}<\/a>\".\r\nTo see the comment thread, follow the link below:\r\n<a href=\"{link}\">{link}<\/a>",
    "full_name_commented_on_your_video_title": "{full_name} commented on your video \"{title}\".",
    "full_name_liked_your_video_message": "{full_name} liked your video \"<a href=\"{link}\">{title}<\/a>\"\r\nTo view this video follow the link below:\r\n<a href=\"{link}\">{link}<\/a>",
    "full_name_liked_your_video_title": "{full_name} liked your video \"{title}\"",
    "full_name_s_videos": "{full_name}'s Videos",
    "full_name_s_videos_full_name_has_total_video_s": "{full_name}'s videos. {full_name} has {total} video(s).",
    "full_name_wrote_a_comment_on_your_video": "<a href=\"{user_link}\">{full_name}<\/a> wrote a comment on your video \"<a href=\"{link}\">{title}<\/a>\".",
    "go_advanced": "go advanced",
    "go_advanced_uppercase": "Go Advanced",
    "here": "here",
    "id_must_be_defined": "ID must be defined.",
    "invalid_permissions": "Invalid Permissions.",
    "in_sorting_order": "in",
    "keywords": "Keywords",
    "latest": "Latest",
    "link": "Link",
    "load_more_suggestions": "Load More Suggestions",
    "manage_categories": "Manage Categories",
    "manage_videos": "Manage Videos",
    "max_file_size_iuploadlimit": "Max file size: {iUploadLimit}",
    "menu_upload_a_new_video": "Upload\/Share a Video",
    "menu_videos": "Videos",
    "moderate": "Moderate",
    "module_video": "Videos",
    "more_from": "More From:",
    "most_discussed": "Most Discussed",
    "most_liked": "Most Liked",
    "most_viewed": "Most Viewed",
    "my_videos": "My Videos",
    "name": "Name",
    "nothing_special": "Nothing Special",
    "nothing_to_convert": "Nothing to convert.",
    "not_a_valid_file_we_only_allow_sallow": "Not a valid file. We only allow: {sAllow}",
    "not_a_valid_site_valid_sites_asites": "Not a valid site. Valid sites: {aSites}",
    "not_a_valid_video_to_display": "Not a valid video to display.",
    "no_videos_added_yet": "No videos added yet.",
    "no_videos_added_yet_link_to_add": "No videos added yet. Click <a href=\"{sAddNewVideoLink}\"> here<\/a> to add a new video.",
    "no_videos_found": "No videos found.",
    "no_videos_have_been_added": "No videos have been added.",
    "no_videos_have_been_added_yet": "No videos have been added yet.",
    "on_name_s_video": "On {name}'s video.",
    "parent_category": "Parent Category",
    "paste_url": "Paste URL",
    "pending": "Pending",
    "photo": "Photo",
    "please_provide_a_valid_url_for_your_video": "Please provide a valid URL for your video.",
    "poor": "Poor",
    "popular": "Popular",
    "posted_a_comment_on_gender_video": "posted a comment on {gender} video",
    "posted_a_comment_on_user_name_s_video": "posted a comment on {user_name}'s video",
    "pretty_cool": "Pretty Cool",
    "privacy": "Privacy",
    "provide_a_category_this_video_will_belong_to": "Provide a category this video will belong to.",
    "provide_a_title_for_this_video": "Provide a title for this video.",
    "rating": "Rating",
    "recent_videos": "Recent Videos",
    "related_videos": "Related Videos",
    "removed_source_file": "Removed source file.",
    "remove_spotlight": "Remove Spotlight",
    "remove_the_spotlight_from_this_video": "Remove the spotlight from this video.",
    "report": "Report",
    "report_a_video": "Report a Video",
    "report_this_video": "Report this video",
    "reset": "Reset",
    "rss_description_5": "List of all the latest videos.",
    "rss_group_name_4": "Videos",
    "rss_title_5": "Latest Videos",
    "save": "Save",
    "say_something_about_this_video": "Say something about this video...",
    "search_videos": "Search Videos...",
    "select": "Select",
    "select_a_sub_category": "Select a Sub-Category",
    "select_a_video": "Select a video.",
    "select_a_video_to_attach": "Select a video to attach.",
    "select_a_video_to_upload": "Select a video to upload.",
    "select_form_select": "Select",
    "select_video": "Select Video",
    "setting_allow_youtube_iframe": "<title>Allow iFrame From Youtube<\/title><info>iFrames pose a security risk and are disabled by default in the script. \r\nIf you want to allow users to embed videos from youtube you can enable iframes only for youtube here.<\/info>",
    "setting_close_sql_connection_while_converting": "<title>Close SQL Connection During Conversion<\/title><info>Enable this option to close the SQL connection while converting videos.<\/info>",
    "setting_embed_auto_play": "<title>Auto Play (Shared Videos)<\/title><info>If enabled this setting will attempt to auto play shared videos (eg. Youtube). \r\n\r\nNote: This will only work on new videos being added.<\/info>",
    "setting_full_screen_with_youtube": "<title>Enable Full Screen for YouTube<\/title><info>Enable this option to enable the \"Full Screen\" feature for YouTube videos.<\/info>",
    "setting_show_share_and_upload_video_on_dashboard": "<title>Show upload and share on Dashboard<\/title><info>Here you can choose whether to show just the \"upload video\" link, just the \"share video\" link or both on the dashboard.<\/info>",
    "setting_total_my_videos": "<title>Total \"More From\" Videos to Display<\/title><info>When viewing a video we list more videos that belong to the owner of the video. Define how many videos should be displayed within this block.<\/info>",
    "setting_total_related_videos": "<title>Total Related Videos to Display<\/title><info>Define how many related videos should be displayed when viewing a video.<\/info>",
    "setting_video_file_size_limit": "<title>Video File Size Limit<\/title><info>File size limit in megabytes.<\/info>",
    "setting_video_meta_description": "<title>Video Meta Description<\/title><info>Meta description used within the video section.<\/info>",
    "setting_video_meta_keywords": "<title>Video Meta Keywords<\/title><info>Meta keywords used within the video section.<\/info>",
    "setting_video_time_stamp": "<title>Video Time Stamp<\/title><info>Video Time Stamp<\/info>",
    "share_a_video": "Share a Video",
    "show_less": "Show Less",
    "show_more": "Show More",
    "sort": "Sort",
    "span_no_more_suggestions_found_span": "<span>No more suggestions found<\/span>",
    "sponsor": "Sponsor",
    "sponsored": "Sponsored",
    "sponsored_video": "Sponsored Video",
    "sponsor_error_not_found": "The video you are trying to sponsor cannot be found.",
    "sponsor_help": "To purchase sponsor space for your video, view your video by clicking on it and then click on \"Sponsor\" on the right hand side menu",
    "sponsor_paypal_message": "Payment for the sponsor space of video: {sVideoTitle}",
    "sponsor_this_video": "Sponsor this video",
    "sponsor_title": "Video: {sVideoTitle}",
    "spotlight": "Spotlight",
    "spotlight_this_video": "Spotlight this video.",
    "started_converting_process": "Started converting process.",
    "start_converting_process_video_id": "Start converting process: {video_id}",
    "step_1": "Step 1",
    "step_2": "Step 2",
    "submit": "Submit",
    "sub_categories": "Sub-Categories",
    "suggestions": "Suggestions",
    "supported_sites": "Supported sites",
    "tags": "Tags",
    "there_are_ivideoapprovecnt_videos_that_are_pending_approval": "There are {iVideoApproveCnt} videos that are pending approval.",
    "there_is_one_video_that_is_pending_approval": "There is one video that is pending approval.",
    "the_file_size_limit_is": "The file size limit is {iMaxFileSize_filesize}. If your upload does not work, try uploading a smaller picture.",
    "the_video_you_are_looking_for_does_not_exist_or_has_been_removed": "The video you are looking for does not exist or has been removed.",
    "title": "Title",
    "topic": "Topic",
    "total_rating_out_of_10": "{total_rating} out of 10",
    "total_rating_ratings": "{total_rating} Ratings",
    "total_score_out_of_10": "{total_score} out of 10",
    "total_views": "{total} views",
    "total_views_views": "{total_views} views",
    "unable_to_convert_video": "Unable to convert video.",
    "unable_to_edit_this_video": "Unable to edit this video",
    "unable_to_edit_this_video_as_there_is_no_video_id": "Unable to edit this video as there is no video ID#",
    "unable_to_embed_this_video_due_to_privacy_settings": "Unable to embed this video due to privacy settings.",
    "unable_to_find_the_video_image_you_plan_to_delete": "Unable to find the video image you plan to delete.",
    "unable_to_find_the_video_you_plan_to_delete": "Unable to find the video you plan to delete.",
    "unable_to_find_the_video_you_plan_to_edit": "Unable to find the video you plan to edit.",
    "unable_to_find_the_video_you_want_to_approve": "Unable to find the video you want to approve.",
    "unable_to_post_a_comment_on_this_item_due_to_privacy_settings": "Unable to post a comment on this item due to privacy settings.",
    "unable_to_process_this_video": "Unable to process this video.",
    "unable_to_view_this_item_due_to_privacy_settings": "Unable to view this item due to privacy settings.",
    "unfeature": "Unfeature",
    "unsponsor_this_video": "Unsponsor this video",
    "un_feature": "Un-Feature",
    "un_feature_this_video": "Un-Feature this video.",
    "un_sponsor": "Un-Sponsor",
    "update": "Update",
    "updated_database_video_table": "Updated database video table.",
    "updated_process_id": "Updated process ID#",
    "updated_user_points": "Updated user points.",
    "update_order": "Update Order",
    "update_tags_videos": "Update Tags (Videos)",
    "update_user_video_count": "Update User Video Count",
    "update_video_view_count": "Update video \"view\" count (Only for those that upgraded from v1.6.21).",
    "upload": "Upload",
    "uploading": "Uploading",
    "upload_a_video": "Upload a Video",
    "upload_copyrights_notice": "You retain all rights in your video that you upload. You must only upload videos in which you own all the rights. If you upload any videos in which you do not own all the rights, you may be violating copyright law.",
    "upload_failed_file_is_too_large": "Upload failed. File is too large.",
    "upload_more_videos": "Upload More Videos",
    "upload_problems_try_the_basic_uploader": "Upload problems? Try the <a href=\"{link}\">basic uploader<\/a> (works on older computers and web browsers).",
    "upload_share_a_video": "Share a Video",
    "upload_videos": "Upload Videos",
    "url": "URL",
    "user_link_has_not_added_any_videos": "{user_link} has not added any videos.",
    "user_name_commented_on_gender_video_title": "{user_name} commented on {gender} video \"{title}\"",
    "user_name_commented_on_span_class_drop_data_user_full_name_s_span_video_title": "{user_name} commented on <span class=\"drop_data_user\">{full_name}'s<\/span> video \"{title}\"",
    "user_name_commented_on_your_video_title": "{user_name} commented on your video \"{title}\"",
    "user_name_left_you_a_comment_on_site_title": "{user_name} left you a comment on {site_title}.",
    "user_name_left_you_a_comment_on_your_video_title": "{user_name} left you a comment on your video \"{title}\".\r\n\r\nTo view this comment, follow the link below:\r\n<a href=\"{link}\">{link}<\/a>",
    "user_name_liked_gender_own_video_title": "{user_name} liked {gender} own video \"{title}\"",
    "user_name_liked_span_class_drop_data_user_full_name_s_span_video_title": "{user_name} liked <span class=\"drop_data_user\">{full_name}'s<\/span> video \"{title}\"",
    "user_name_liked_your_video_title": "{user_name} liked your video \"{title}\"",
    "user_setting_approve_video_before_display": "Should videos added by this user group be approved before they are displayed publicly?",
    "user_setting_auto_publish_sponsored_item": "After the user has purchased a sponsored space, should the video be published right away?\r\nIf set to false, the admin will have to approve each new purchased sponsored video space before it is shown in the site.",
    "user_setting_can_access_videos": "Can browse and view the video channel module?",
    "user_setting_can_add_comment_on_video": "Can add comments on videos?",
    "user_setting_can_approve_videos": "Can approve videos?",
    "user_setting_can_delete_other_video": "Can delete videos added by other users?",
    "user_setting_can_delete_own_video": "Can delete own video?",
    "user_setting_can_edit_other_video": "Can edit videos added by other users?",
    "user_setting_can_edit_own_video": "Can edit own video?",
    "user_setting_can_feature_videos": "Can feature videos?",
    "user_setting_can_feature_videos_": "Can feature videos?",
    "user_setting_can_purchase_sponsor": "Can members of this user group purchase a sponsored ad space?",
    "user_setting_can_sponsor_video": "Can members of this user group mark videos as sponsor?",
    "user_setting_can_spotlight_videos": "Can spotlight videos?",
    "user_setting_can_upload_videos": "Can upload videos?",
    "user_setting_flood_control_videos": "How many minutes should a user wait before they can share\/upload another video?\r\n\r\nNote: Setting it to \"0\" (without quotes) is default and users will not have to wait.",
    "user_setting_max_size_for_video_photos": "Max file size for photos upload in kilobits (kb).\r\n(1000 kb = 1 mb)\r\nFor unlimited add \"0\" without quotes. \r\n\r\n<b>Notice:<\/b> Photos are only uploaded if we were unable to convert\/import photos.",
    "user_setting_points_videochannel": "Points received when adding a video.",
    "user_setting_video_file_size_limit": "File size limit in megabytes.",
    "user_setting_video_sponsor_price": "How much is the sponsor space worth?\r\nThis works in a CPM basis.",
    "use_mass_uploader": "Use mass uploader",
    "use_simple_uploader": "Use simple uploader",
    "video": "Video",
    "videochannel": "Video Channel",
    "videos_for_this_profile_is_set_to_private": "Videos for this profile is set to private.",
    "video_added_on_time_stamp_by_full_name": "<a href=\"{link}\">Video<\/a> added on {time_stamp} by <a href=\"{user_link}\">{full_name}<\/a>.",
    "video_approved": "Video Approved",
    "video_category_details": "Video Category Details",
    "video_details": "Video Details",
    "video_has_been_approved": "Video has been approved.",
    "video_is_being_processed": "Video is being processed.",
    "video_is_pending_approval": "Video is pending approval.",
    "video_photo": "Video Photo",
    "video_section_is_closed": "Video section is closed.",
    "video_successfully_added": "Video successfully added.",
    "video_successfully_deleted": "Video successfully deleted.",
    "video_successfully_sponsored": "Video successfully sponsored.",
    "video_successfully_un_sponsored": "Video successfully unsponsored.",
    "video_successfully_updated": "Video successfully updated.",
    "video_successfully_uploaded": "Video successfully uploaded.",
    "video_successfull_added_however_you_will_have_to_manually_upload_a_photo_for_it": "Video successfull added, however you will have to manually upload a photo for it.",
    "video_s_successfully_approved": "Video(s) successfully approved.",
    "video_s_successfully_deleted": "Video(s) successfully deleted.",
    "video_text": "Video Text",
    "video_title": "Video Title",
    "video_url": "Video URL",
    "view": "View",
    "viewing_video": "Viewing Video",
    "views": "views",
    "view_more": "View More",
    "view_more_videos": "View More Videos",
    "view_this_video": "View This Video",
    "view_videos": "View Videos",
    "view_your_videos": "View Your Videos",
    "who_can_share_videos": "Who can share videos (video channel)?",
    "who_can_view_browse_videos": "Who can view\/browse videos (video channel)?",
    "worth_watching": "Worth Watching",
    "your_video_has_been_approved_on_site_title": "Your video has been approved on {site_title}",
    "your_video_has_been_approved_on_site_title_n_nto_view_this_video_follow_the_link_below_n_a_href": "Your video has been approved on {site_title}.nnTo view this video, follow the link below:n<a href=\"{sLink}\"> {sLink} <\/a>",
    "your_video_has_successfully_been_uploaded_please_standby_while_we_convert_your_video": "Your video has successfully been uploaded. Please standby while we convert your video.",
    "your_video_title_has_been_approved": "Your video \"{title}\" has been approved.",
    "you_are_sharing_a_video_a_little_too_soon": "You are sharing a video a little too soon.",
    "you_are_uploading_a_video_a_little_too_soon": "You are uploading a video a little too soon.",
    "you_cannot_rate_your_own_video": "You cannot rate your own video.",
    "you_can_upload_a_jpg_gif_or_png_file": "You can upload a JPG, GIF or PNG file.",
    "you_can_upload_a_sfileext_file": "You can upload a {sFileExt} file.",
    "you_have_already_voted": "You have already voted.",
    "you_have_not_added_any_videos": "You have not added any videos.",
    "videochannel_popular": "Popular",
    "videochannel_featured": "Featured",
    "user_setting_can_add_channels": "Can add and edit channels?",
    "my_channels": "My Channels",
    "add_a_channel": "Add a Channel",
    "enter_keywords_to_search_channels": "Enter keywords to search channels",
    "find_channels": "Find Channels",
    "user_setting_channel_search_results": "How many channels will be shown after clicking \"Find Channels\"? (Recommend value < 50)",
    "invalid_channel_information": "Invalid channel information",
    "invalid_channel_link": "Invalid channel link",
    "user_setting_channel_add_videos_limit": "How many videos will be grabbed when adding a channel?",
    "videos_list": "Videos list",
    "summary": "Summary",
    "control_who_can_view_this_channel": "Control who can view this channel",
    "add_channel_failed": "Could not add this channel.",
    "provide_a_category_channels_will_belong_to": "Provide a category channels will belong to",
    "channel_added": "Channel successfully added.",
    "can_not_add_this_channel": "Can not add this channel.",
    "please_select_a_videos_to_add": "Please select a video(s) to add.",
    "control_who_can_comment_all_videos_on_this_channel": "Control who can comment all videos on this channel",
    "add_more_videos": "Add more videos",
    "this_channel_is_already_added": "This channel is already added.",
    "could_not_delete_this_channel": "Could not delete this channel.",
    "the_channel_successfully_deleted": "The channel successfully deleted.",
    "channel_successfully_updated": "Channel successfully updated.",
    "user_setting_can_set_allow_list_on_videos": "Can set an \"Allow List\" when adding a new channel?\r\n\r\nNote: This setting will give the user the feature to add a list of users that can view their video.",
    "searching_channels": "Searching channels",
    "no_channels_found": "No channels found.",
    "edit_channel": "Edit channel",
    "delete_all": "Delete All",
    "delete_all_videos_belong_to_this_channel": "Are you sure? It will delete all videos that belong to this channel and cannot be undone.",
    "processing": "Processing...",
    "search_channels": "Search Channels...",
    "auto_update": "Auto update",
    "user_setting_channel_get_videos_limit": "How many videos will be get automatically when updating a channel? ",
    "no_new_videos_found": "No new videos found.",
    "featured_this_video_successfully": "Featured this video successfully",
    "un_featured_this_video_successfully": "Un-Featured this video successfully",
    "added_channels_already_reached_the_limit": "Added channels already reached the limit.",
    "user_setting_channels_limit": "How many channels can a user add?",
    "menu_videochannel_upload_share_a_video_e31644c1c9d16431153ea5ef5ed06c3d": "Share a Video",
    "menu_videochannel_add_a_channel_e31644c1c9d16431153ea5ef5ed06c3d": "Add a channel",
    "0_view": "0 view",
    "enter_channel_title": "Provide a title for this channel.",
    "videos_in_channels": "Videos in channels",
    "total_x_videos_successfully_added": "Total {iTotal} Video(s) successfully added.",
    "total_about_x_videos": "Total about {iCount} videos",
    "user_name_tagged_you_in_a_comment_in_a_video": "{user_name} tagged you in a comment on a video",
    "videos": "videos",
    "who_can_add_channels": "who can add channels on page",
    "all_channels": "All Channels",
    "channels": "Channels",
    "most_rated": "Most Rated Videos",
    "top_rated": "Top Rated",
    "channel_url": "Channel URL",
    "favourite_succeed": "Add to favorite successfully",
    "favourite_unsucceed": "Add to favorite unsuccessfully",
    "favourited_a_video": "favorited a video",
    "nolonger_favourited_a_video": "no longer favorited a video",
    "unfavourite": "Unfavorite",
    "unfavourite_succeed": "Unfavorite successfully",
    "unfavourite_unsucceed": "Unfavorite unsuccessfully",
    "user_name_favourited_gender_own_video_title": "{user_name} favorited {gender} own video \"{title}\"",
    "user_name_favourited_your_video_title": "{user_name} favorited your video \"{title}\"",
    "please_provide_a_valid_url_for_your_channel": "Please provide a valid URL for your channel.",
    "user_setting_can_upload_video_on_page": "Can upload video on pages?",
    "user_setting_can_add_channel_on_page": "Can page owner add channel on pages?",
    "my_favorites": "My Favorites",
    "view_all": "View All",
    "enter_url_to_add_channel": "Enter URL to add channel",
    "setting_subcategories_to_show_at_first": "<title>How many subcategories to show at first<\/title><info>This setting tells how many subcategories are to be shown at first. If the list of subcategories is longer than this value the extra ones will be hidden and a \"View More\" option will be shown instead, allowing the user to display the hidden subcategories. \r\n\r\na \"View Less\" option will be available to provide the full \"accordion\" effect. \r\n\r\nIf you set it to zero (\"0\" without quotes) it will hide every subcategory and a plus sign will show next to the category name, clicking the plus sign will show that category&#039;s subcategories.<\/info>",
    "setting_use_youtube_iframe": "<title>Use Youtube iFrame<\/title><info>Use Youtube iFrame to display the video on Video Channel module.<\/info>",
    "menu_videochannel_videos_channel_532c28d5412dd75bf975fb951c740a30": "Videos Channel",
    "setting_allow_using_youtube_iframe": "<title>Allow Using Youtube Iframe<\/title><info>Allow using Youtube iframe to display video on Video Channel.<\/info>",
    "menu_add_new_videochannel": "Add\/Upload Video Channel",
    "provide_a_language_name_name":"Provide a \"{language_name}\" name",
    "category_language_name_name_must_beLess_than_limit":"Category \"{language_name}\" name must be less than {limit}",
    "added_x_videos_to_user_channel": "Added {total_videos} Video(s) to {gender} channel <a href=\"{channel_url}\">{channel_title}</a>.",
    "this_channel_does_not_exist": "This channel does not exist.",
    "video_s": "video (s)",
    "are_you_sure_you_want_to_delete_this_video_permanently": "Are you sure you want to delete this video permanently?",
    "videochannel_admin_menu_user_group_settings":"User Group Settings",
    "controller_videochannel.channel" : "Video Channel Home Page",
    "controller_videochannel.index" : "Video Home Page",
    "controller_videochannel.profile" : "User Video Home Page",
    "controller_videochannel.view" : "Video Detail",
    "video_channel" : "Video Channel"
}