{
    "module_templates": "Social Chat",
    "module_ynchat": "Social Chat",
    "your_browser_does_not_support_javascript": "Your browser does not support JavaScript!",
    "nothing_friend_s_found": "No friends found.",
    "connection_timed_out_please_try_again": "Connection timed out, please try again.",
    "setting_number_of_friend_list": "<title>Number of friend(s) in list<\/title><info>Number of friend(s) in list<\/info>",
    "setting_number_of_old_message": "<title>How many old messages will be shown on current chat box?<\/title><info>How many old messages will be shown on current chat box?<\/info>",
    "please_login_and_try_again": "Please login and try again.",
    "search": "Search",
    "too_big_image_file": "Too big image file!",
    "please_try_another_image": "Please try another image.",
    "upload": "Upload",
    "please_input_valid_link": "Please input valid link.",
    "add": "Add",
    "cannot_attach_video_link": "Cannot attach video link.",
    "cannot_attach_link": "Cannot attach link.",
    "admin_menu_ban_word": "Ban Word",
    "words": "Words",
    "add_filter": "Add Filter",
    "word": "Word",
    "replacement": "Replacement",
    "added_by": "Added By",
    "added_on": "Added On",
    "delete": "Delete",
    "are_you_sure": "Are you sure?",
    "manage": "Manage",
    "n_a": "N\/A",
    "ban_filters": "Ban Filters",
    "filter_value_is_required": "Filter value is required.",
    "filter_replacement_is_required": "Filter replacement is required.",
    "you_cannot_ban_yourself": "You cannot ban yourself.",
    "filter_successfully_added": "Filter successfully added.",
    "filter_successfully_deleted": "Filter successfully deleted",
    "setting_placement_of_chat_frame": "<title>Placement of chat frame<\/title><info>Placement of chat frame\r\n\r\n1: right side\r\n2: left side<\/info>",
    "view_old_conversation": "View old conversation",
    "yesterday": "Yesterday",
    "days": "days",
    "month": "months",
    "show_message_from": "Show messages from",
    "advanced_settings": "Advanced settings",
    "close_all_chat_tabs": "Close all chat tabs",
    "go_offline": "Go Offline",
    "go_online": "Go Online",
    "play_sound_on_new_message": "Play sound on new message",
    "yes": "Yes",
    "no": "No",
    "enter_name": "Enter name",
    "searching": "Searching...",
    "turn_on_chat_except": "Turn on chat except",
    "turn_on_chat_for_only_some_friends": "Turn on chat for only some friends",
    "save": "Save",
    "chat": "Chat",
    "setting_enable_https_support": "<title>Enable HTTPS Support<\/title><info>Enable HTTPS Support<\/info>",
    "setting_api_embedly": "<title>API key of embed.ly<\/title><info>API key of embed.ly<\/info>",
    "mobile": "Mobile",
    "web": "Web",
    "message_history": "Message History",
    "video": "Video",
    "photo": "Photo",
    "add_files": "Add file(s)",
    "upload_photo": "Upload Photo",
    "choose_a_sticker_or_emoticon": "Choose a sticker or emoticon",
    "please_try_again_make_sure_you_are_uploading_a_valid_photo": "Please try again. Make sure you are uploading a valid photo.",
    "unable_to_connect_to_chat_check_your_internet_connection": "Unable to connect to chat. Check your Internet connection.",
    "setting_web_socket_port": "<title>Web Socket Port<\/title><info>Web Socket Port<\/info>",
    "setting_stunnel_port": "<title>Stunnel Port<\/title><info>Stunnel Port (support SSL)<\/info>",
    "setting_ynchat_ip_public": "<title>Your Server IP public<\/title><info>Your Server IP public (default is empty)\r\n\r\nModule uses domain when connecting to your site. But if it does not work, you can enter your server IP public and try again.<\/info>",
    "setting_number_of_friend_when_searching_friend_setting": "<title>Limit the number of friend when searching friend settings<\/title><info>Limit the number of friend when searching friend settings<\/info>"
}