<product>
	<data>
		<store_id />
		<product_id>younet_advmarketplace4</product_id>
		<is_core>0</is_core>
		<title>YNC Advanced Marketplace</title>
		<description>by YouNetCo</description>
		<version>4.02p1</version>
		<latest_version></latest_version>
		<last_check>0</last_check>
		<is_active>1</is_active>
		<url>https://phpfox.younetco.com</url>
		<url_version_check></url_version_check>
		<icon>https://phpfox.younetco.com/files/2016/02/advmarketplace.jpg</icon>
		<vendor>YouNetCo</vendor>
	</data>
	<installs>
		<install>
			<version>3.01</version>
			<install_code><![CDATA[include (PHPFOX_DIR_MODULE . 'advancedmarketplace/install/v3.01.php');]]></install_code>
			<uninstall_code></uninstall_code>
		</install>
		<install>
			<version>3.01p1</version>
			<install_code><![CDATA[include (PHPFOX_DIR_MODULE . 'advancedmarketplace/install/v3.01p1.php');]]></install_code>
			<uninstall_code></uninstall_code>
		</install>
		<install>
			<version>3.01p4</version>
			<install_code><![CDATA[include (PHPFOX_DIR_MODULE . 'advancedmarketplace/install/v3.01p4.php');]]></install_code>
			<uninstall_code></uninstall_code>
		</install>
		<install>
			<version>3.01p5</version>
			<install_code><![CDATA[include (PHPFOX_DIR_MODULE . 'advancedmarketplace/install/v3.01p5.php');]]></install_code>
			<uninstall_code></uninstall_code>
		</install>
		<install>
			<version>3.02p1</version>
			<install_code><![CDATA[include (PHPFOX_DIR_MODULE . 'advancedmarketplace/install/v3.02p1.php');]]></install_code>
			<uninstall_code></uninstall_code>
		</install>
		<install>
			<version>4.01p3</version>
			<install_code><![CDATA[include (PHPFOX_DIR_MODULE . 'advancedmarketplace/install/v4.01p3.php');]]></install_code>
			<uninstall_code></uninstall_code>
		</install>
		<install>
			<version>4.01p4</version>
			<install_code><![CDATA[include (PHPFOX_DIR_MODULE . 'advancedmarketplace/install/v4.01p4.php');]]></install_code>
			<uninstall_code></uninstall_code>
		</install>
		<install>
			<version>4.02</version>
			<install_code><![CDATA[include (PHPFOX_DIR_MODULE . 'advancedmarketplace/install/v4.02.php');]]></install_code>
			<uninstall_code></uninstall_code>
		</install>
		<install>
			<version>4.02</version>
			<install_code><![CDATA[include (PHPFOX_DIR_MODULE . 'advancedmarketplace/install/v4.02.php');]]></install_code>
			<uninstall_code></uninstall_code>
		</install>
		<install>
			<version>4.02p1</version>
			<install_code><![CDATA[include (PHPFOX_DIR_MODULE . 'advancedmarketplace/install/v4.02p1.php');]]></install_code>
			<uninstall_code></uninstall_code>
		</install>
	</installs>
	<modules>
		<module_id>advancedmarketplace</module_id>
	</modules>
</product>