<product>
	<data>
		<store_id />
		<product_id>younet_socialpublisher</product_id>
		<is_core>0</is_core>
		<title>YNC Social Publisher</title>
		<description>by YouNetCo</description>
		<version>4.02</version>
		<latest_version></latest_version>
		<last_check>0</last_check>
		<is_active>1</is_active>
		<url>https://phpfox.younetco.com/</url>
		<url_version_check></url_version_check>
		<icon>http://phpfox.younetco.com/files/2015/07/Social-Publisher.png</icon>
		<vendor>YouNetCo</vendor>
	</data>
	<dependencies>
		<dependency>
			<type_id>product</type_id>
			<check_id>socialbridge</check_id>
			<dependency_start>4.01</dependency_start>
			<dependency_end></dependency_end>
		</dependency>
	</dependencies>
	<installs>
		<install>
			<version>3.01</version>
			<install_code><![CDATA[include (PHPFOX_DIR_MODULE . 'socialpublishers/install/v3.01.php');]]></install_code>
			<uninstall_code></uninstall_code>
		</install>
		<install>
			<version>3.01p1</version>
			<install_code><![CDATA[include (PHPFOX_DIR_MODULE . 'socialpublishers/install/v3.01p1.php');]]></install_code>
			<uninstall_code></uninstall_code>
		</install>
		<install>
			<version>3.02p3</version>
			<install_code><![CDATA[include (PHPFOX_DIR_MODULE . 'socialpublishers/install/v3.02p3.php');]]></install_code>
			<uninstall_code></uninstall_code>
		</install>
		<install>
			<version>3.02p5</version>
			<install_code><![CDATA[include (PHPFOX_DIR_MODULE . 'socialpublishers/install/v3.02p5.php');]]></install_code>
			<uninstall_code></uninstall_code>
		</install>
		<install>
			<version>3.03</version>
			<install_code><![CDATA[include (PHPFOX_DIR_MODULE . 'socialpublishers/install/v3.03.php');]]></install_code>
			<uninstall_code></uninstall_code>
		</install>
		<install>
			<version>3.04</version>
			<install_code><![CDATA[include (PHPFOX_DIR_MODULE . 'socialpublishers/install/v3.04.php');]]></install_code>
			<uninstall_code><![CDATA[include (PHPFOX_DIR_MODULE . 'socialpublishers/install/v3.04_uninstall.php');]]></uninstall_code>
		</install>
		<install>
			<version>3.05</version>
			<install_code><![CDATA[include (PHPFOX_DIR_MODULE . 'socialpublishers/install/v3.05.php');]]></install_code>
			<uninstall_code></uninstall_code>
		</install>
		<install>
			<version>3.06p2</version>
			<install_code><![CDATA[include (PHPFOX_DIR_MODULE . 'socialpublishers/install/v3.06p2.php');]]></install_code>
			<uninstall_code></uninstall_code>
		</install>
		<install>
			<version>4.01p6</version>
			<install_code><![CDATA[include (PHPFOX_DIR_MODULE . 'socialpublishers/install/v4.01p6.php');]]></install_code>
			<uninstall_code></uninstall_code>
		</install>
		<install>
			<version>4.01p7</version>
			<install_code><![CDATA[include (PHPFOX_DIR_MODULE . 'socialpublishers/install/v4.01p7.php');]]></install_code>
			<uninstall_code></uninstall_code>
		</install>
		<install>
			<version>4.01p8</version>
			<install_code><![CDATA[include (PHPFOX_DIR_MODULE . 'socialpublishers/install/v4.01p8.php');]]></install_code>
			<uninstall_code></uninstall_code>
		</install>
		<install>
			<version>4.02</version>
			<install_code><![CDATA[include (PHPFOX_DIR_MODULE . 'socialpublishers/install/v4.02.php');]]></install_code>
			<uninstall_code />
		</install>
	</installs>
	<modules>
		<module_id>socialpublishers</module_id>
	</modules>
</product>