{
    "module_donation": "Donation Pages",
    "donation": "Donation",
    "enable_donation_on_this_page": "Enable Donation on this page?",
    "yes": "Yes",
    "no": "No",
    "update_completed": "Update completed.",
    "do_you_want_to_donate_page_name_page": "Do you want to donate for page: {page_name}",
    "please_login_to_donate": "Please login to donate.",
    "donate": "Donate",
    "please_input_number_delimiter_by": "Please input valid decimal number (Ex: 10.01$)",
    "input_your_paypal_email_account": "Your paypal email account",
    "update": "Update",
    "please_input_valid_email_address": "Please input valid email address.",
    "thanks_you_for_your_donation": "Thanks you for your donation.",
    "remove_from_list": "Remove from list",
    "donation_for_page_page_name": "Donation for page: {page_name}",
    "there_is_no_donation": "There is no donor.",
    "donation_lists": "Donors",
    "please_waiting_for_redirect_to_paypal": "Please waiting for redirect to paypal",
    "purpose_of_donation": "Purpose of Donation",
    "problem_found_can_not_update_donation_configuration": "Problem found can not update donation configuration",
    "donation_setting": "Donation Setting",
    "donation_for_name_page": "Donation for {page_name} page",
    "donations": "Donations",
    "user_setting_points_donation": "Specify how many points the user will receive when user donates a page.",
    "fullname_donates_a_page": "donated to \"<a href=\"{link}\">{page_name}<\/a>\".",
    "terms_and_conditions": "Terms and Conditions",
    "subject": "Subject",
    "content": "Content",
    "read_and_agree_to_the_terms_and_conditions": "I have read and agree to the terms and conditions.",
    "confirm": "Confirm",
    "must_agree_to_the_terms_and_conditions_to_continue": "You must agree to the terms and conditions to continue.",
    "email_template": "Email Template",
    "123_full_name_125_recipient_s_full_name": "{FULL_NAME} => recipient&#039;s full name",
    "123_user_name_125_recipient_s_user_name": "{USER_NAME} => recipient&#039;s user name",
    "123_site_name_125_site_s_name": "{SITE_NAME} => site&#039;s name",
    "keyword_substitutions": "Keyword substitutions",
    "setting_paypal_is_test_mode": "<title>Is in Paypal test mode ?<\/title><info>If this setting is true, we will use Paypal sandbox to simulate transaction.\r\n\r\nIf it is false, we will use Paypal live mode to execute real transaction<\/info>",
    "setting_paypal_admin_email": "<title>Paypal email<\/title><info>The email that represents your PayPal account.<\/info>",
    "admin_menu_manage_donation": "Manage Donation",
    "page_donation_title_homepage": "Donating for us is for you",
    "fullname_donated_to_our_website": "donated for our web site.",
    "user_setting_can_add_donation_on_own_page": "Can add donation on own page?",
    "user_setting_can_donate": "Can donate?",
    "donation_privacy": "Donation Privacy (Optional)",
    "do_not_show_name_on_donor_list": "Do not show name on donor list.",
    "do_not_show_donation_amount_on_donor_list": "Do not show donated money on donors list.",
    "do_not_show_feed": "Do not show feed.",
    "anonymous": "Anonymous",
    "currency_type": "USD",
    "generously": "generously",
    "donated": "donated",
    "your_name": "Your name",
    "guest_name_hint": "You can use letters, numbers, and spaces. At least 6 characters.",
    "wrong_name_format": "Wrong name format (You can use letters, numbers, and spaces. At least 6 characters).",
    "load_more": "Load more",
    "admin_menu_add_button_image": "Add Button Image",
    "manage_donation": "Manage Donation",
    "add_donation_button_image": "Add Donation Button Image",
    "donation_image": "Donation Image",
    "click_to_delete_this_image": "Click <a href=\"#\" onclick=\"{on_delete_image}\">here<\/a> to delete this image and upload a new one in its place.",
    "you_can_upload_a_jpg_gif_or_png_file": "You can upload a JPG, GIF or PNG file.",
    "the_file_size_limit_is": "The file size limit is {iMaxFileSize_filesize}. If your upload does not work, try uploading a smaller picture.",
    "save": "Save",
    "setting_max_size_for_donation_image_button": "<title>Maximum donation button image file size<\/title><info>Maximum file size for uploaded donation button image in kilobits (kb). \r\n(1000 kb = 1 mb) \r\nFor unlimited add \"0\" without quotes.<\/info>",
    "donation_default_image": "Donation Default Image",
    "use_this_image_as_default": "Use this image as default",
    "display_current_number_of_total_donors": "Displaying {current_number} of {total} donors.",
    "setting_number_of_fetched_donors": "<title>Number of donors to fetch each time.<\/title><info>Define number of donors which will be fetched when click on &#039;show more&#039;.<\/info>",
    "donation_image_successfully_updated": "Donation button image successfully updated.",
    "donation_guest_information": "Donor&#039;s information",
    "problem_this_gateway_is_temporary_disabled": "We are so sorry. This payment gateway is temporary disabled.",
    "do_not_have_permission_to_perform_this_action": "You do not have permission to perform this action.",
    "must_fill_your_name": "We are sorry! Your name is empty or it is too long (over 100 characters).",
    "enable_donation_on_this_site": "Enable Donation on this site?",
    "notice_about_sending_email": "If you leave both subject and content empty, email will not be sent.",
    "donors_list": "Donors",
    "admin_menu_manage_currencies": "Manage Currencies",
    "manage_currencies": "Manage Currencies",
    "currencies_are_updated_successfully": "Currencies are updated successfully.",
    "if_no_currency_is_chosen_usd_will_be_used_as_default_currency": "If no currency is chosen, USD will be used as default currency.",
    "notice_multi_currency_conversion": "Notice: if your currency is different from the receiver&#039;s currency, your donation may have to wait for a period of time before appearing in donors list!",
    "gateways": "Gateways",
    "name": "Name",
    "active": "Active",
    "edit_gateway_setting": "Edit Gateway Setting",
    "test_mode": "Test Mode",
    "disable_test_mode": "Disable Test Mode",
    "enable_test_mode": "Enable Test Mode",
    "payment_gateways": "Payment Gateways",
    "editing": "Editing",
    "gateway_details": "Gateway Details",
    "title": "Title",
    "description": "Description",
    "gateway_successfully_updated": "Gateway successfully updated.",
    "provide_a_name": "Provide a name",
    "provide_a_description": "Provide a description",
    "select_if_the_gateway_is_in_test_mode": "Select if the gateway is in test mode",
    "select_if_the_gateway_is_active_or_not": "Select if the gateway is active or not",
    "admin_menu_manage_payment_gateway": "Manage Donation Payment",
    "payment_info": "If Paypal gateway is active, then user is able to donate to the page and page owner will receive the donation. If Paypal gateway is inactive, the user is not able to donate to the page.",
    "recommended_image_size_width_x_height_pixels": "Recommended Image Size: {width}x{height} pixels",
    "no_gateway_active": "You have no active gateway",
    "donated_show_money": "Donated {money}",
    "donated_not_show_money": "Donated",
    "manage_donate_payment_des": "Manage donate payment des"
}