<module>
	<data>
		<module_id>ecommerce</module_id>
		<product_id>younet_ecommerce4</product_id>
		<is_core>0</is_core>
		<is_active>1</is_active>
		<is_menu>1</is_menu>
		<menu><![CDATA[a:11:{s:37:"ecommerce.admin_menu_add_new_category";a:1:{s:3:"url";a:3:{i:0;s:9:"ecommerce";i:1;s:8:"category";i:2;s:3:"add";}}s:38:"ecommerce.admin_menu_manage_categories";a:1:{s:3:"url";a:2:{i:0;s:9:"ecommerce";i:1;s:8:"category";}}s:44:"ecommerce.admin_menu_add_custom_field_groups";a:1:{s:3:"url";a:3:{i:0;s:9:"ecommerce";i:1;s:11:"customfield";i:2;s:3:"add";}}s:47:"ecommerce.admin_menu_manage_custom_field_groups";a:1:{s:3:"url";a:2:{i:0;s:9:"ecommerce";i:1;s:11:"customfield";}}s:28:"ecommerce.admin_menu_add_uom";a:1:{s:3:"url";a:3:{i:0;s:9:"ecommerce";i:1;s:3:"uom";i:2;s:3:"add";}}s:31:"ecommerce.admin_menu_manage_uom";a:1:{s:3:"url";a:2:{i:0;s:9:"ecommerce";i:1;s:3:"uom";}}s:36:"ecommerce.admin_menu_global_settings";a:1:{s:3:"url";a:2:{i:0;s:9:"ecommerce";i:1;s:14:"globalsettings";}}s:34:"ecommerce.admin_menu_manage_orders";a:1:{s:3:"url";a:2:{i:0;s:9:"ecommerce";i:1;s:6:"orders";}}s:40:"ecommerce.admin_menu_manage_transactions";a:1:{s:3:"url";a:2:{i:0;s:9:"ecommerce";i:1;s:12:"transactions";}}s:36:"ecommerce.admin_menu_manage_requests";a:1:{s:3:"url";a:2:{i:0;s:9:"ecommerce";i:1;s:8:"requests";}}s:36:"ecommerce.admin_menu_email_templates";a:1:{s:3:"url";a:2:{i:0;s:9:"ecommerce";i:1;s:5:"email";}}}]]></menu>
		<phrase_var_name>module_ecommerce</phrase_var_name>
		<version>4.02p1</version>
		<author>YouNetCo</author>
		<vendor>https://phpfox.younetco.com</vendor>
		<description>by YouNetCo</description>
		<apps_icon>https://phpfox.younetco.com/files/2016/03/Social_Store.jpg</apps_icon>
	</data>
	<menus>
		<menu module_id="ecommerce" parent_var_name="menu_settings" m_connection="" var_name="menu_ecommerce_mycart" ordering="105" url_value="ecommerce.mycart" version_id="3.2.0" disallow_access="" module="ecommerce" />
		<menu module_id="ecommerce" parent_var_name="menu_settings" m_connection="" var_name="menu_ecommerce_myorders" ordering="105" url_value="ecommerce.my-orders" version_id="3.2.0" disallow_access="" module="ecommerce" />
		<menu module_id="ecommerce" parent_var_name="menu_settings" m_connection="" var_name="menu_ecommerce_manageorders" ordering="105" url_value="ecommerce.manage-orders" version_id="3.2.0" disallow_access="" module="ecommerce" />
		<menu module_id="ecommerce" parent_var_name="menu_settings" m_connection="" var_name="menu_ecommerce_myrequest" ordering="105" url_value="ecommerce.my-requests" version_id="3.2.0" disallow_access="" module="ecommerce" />
	</menus>
	<settings>
		<setting group="" module_id="ecommerce" is_hidden="0" type="integer" var_name="ecommerce_minimum_amount_to_request" phrase_var_name="setting_ecommerce_minimum_amount_to_request" ordering="1" version_id="3.8.0">10</setting>
		<setting group="" module_id="ecommerce" is_hidden="0" type="integer" var_name="ecommerce_maximum_amount_to_request" phrase_var_name="setting_ecommerce_maximum_amount_to_request" ordering="2" version_id="3.8.0">500</setting>
	</settings>
	<components>
		<component module_id="ecommerce" component="search" m_connection="" module="ecommerce" is_controller="0" is_block="1" is_active="1" />
		<component module_id="ecommerce" component="order-detail" m_connection="ecommerce.order-detail" module="ecommerce" is_controller="1" is_block="0" is_active="1" />
		<component module_id="ecommerce" component="my-orders" m_connection="ecommerce.my-orders" module="ecommerce" is_controller="1" is_block="0" is_active="1" />
	</components>
	<phrases>
		<phrase var_name="module_templates" added="1516334361">YouNet E-Commerce</phrase>
		<phrase var_name="module_menu_ecommerce" added="1516334361">E-Commerce</phrase>
		<phrase var_name="admin_menu_add_new_category" added="1516334361">Add New Category</phrase>
		<phrase var_name="admin_menu_manage_categories" added="1516334361">Manage Categories</phrase>
		<phrase var_name="parent_category_and_child_is_the_same" added="1516334361">Parent category and child category are the same. Please choose another parent category.</phrase>
		<phrase var_name="category_successfully_updated" added="1516334361">Category successfully updated.</phrase>
		<phrase var_name="category_successfully_added" added="1516334361">Category successfully added.</phrase>
		<phrase var_name="edit_a_category" added="1516334361">Edit a category</phrase>
		<phrase var_name="create_a_new_category" added="1516334361">Create a new category</phrase>
		<phrase var_name="ecommerce_category_detail" added="1516334361">Ecommerce Category Detail</phrase>
		<phrase var_name="title" added="1516334361">Title</phrase>
		<phrase var_name="parent_category" added="1516334361">Parent Category</phrase>
		<phrase var_name="select" added="1516334361">Select</phrase>
		<phrase var_name="submit" added="1516334361">Submit</phrase>
		<phrase var_name="select_a_sub_category" added="1516334361">Select a Sub-Category</phrase>
		<phrase var_name="you_can_add_only_maximum_3_categories" added="1516334361">You can add ONLY maximum 3 categories.</phrase>
		<phrase var_name="cannot_load_google_api_library_please_reload_the_page_and_try_again" added="1516334361">Cannot load Google API library. Please reload the page and try again.</phrase>
		<phrase var_name="category_order_successfully_updated" added="1516334361">Category order successfully updated.</phrase>
		<phrase var_name="category_successfully_deleted" added="1516334361">Category successfully deleted</phrase>
		<phrase var_name="admincp_manage_categories" added="1516334361">Manage Categories</phrase>
		<phrase var_name="are_you_sure_this_will_delete_all_business_that_belong_to_this_category_and_cannot_be_undone" added="1516334361">Are you sure? This will delete all business that belong to this category and cannot be undone.</phrase>
		<phrase var_name="custom_group" added="1516334361">Custom Group</phrase>
		<phrase var_name="are_you_sure" added="1516334361">Are you sure?</phrase>
		<phrase var_name="yes" added="1516334361">Yes</phrase>
		<phrase var_name="no" added="1516334361">No</phrase>
		<phrase var_name="icon" added="1516334361">Icon</phrase>
		<phrase var_name="you_can_upload_a_jpg_gif_or_png_file" added="1516334361">You can upload a JPG, GIF or PNG file.</phrase>
		<phrase var_name="click_here_to_change_this_icon" added="1516334361"><![CDATA[Click <a href="#" onclick="$(&#039;#js_category_icon_upload&#039;).show(); $(&#039;#js_category_icon&#039;).hide(); return false;">here</a> to change this icon.]]></phrase>
		<phrase var_name="cancel" added="1516334361">Cancel</phrase>
		<phrase var_name="user_setting_max_size_for_icons" added="1516334361"><![CDATA[Max file size for icons upload in kilobits (kb). 
(1000 kb = 1 mb) 
For unlimited add "0" without quotes.]]></phrase>
		<phrase var_name="edit" added="1516334361">Edit</phrase>
		<phrase var_name="delete" added="1516334361">Delete</phrase>
		<phrase var_name="categories" added="1516334361">Categories</phrase>
		<phrase var_name="update_order" added="1516334361">Update Order</phrase>
		<phrase var_name="admin_menu_add_custom_field_groups" added="1516334361">Add Custom Field Groups</phrase>
		<phrase var_name="admin_menu_manage_custom_field_groups" added="1516334361">Manage Custom Field Groups</phrase>
		<phrase var_name="are_you_sure_you_want_to_delete_this_custom_option" added="1516334361">Are you sure you want to delete this custom option?

Note that anyone using this option will revert to using the default option set for this custom field.</phrase>
		<phrase var_name="require_field" added="1516334361">Require Field</phrase>
		<phrase var_name="updating" added="1516334361">Updating</phrase>
		<phrase var_name="adding" added="1516334361">Adding</phrase>
		<phrase var_name="please_input_name_of_field" added="1516334361">Please input name of field</phrase>
		<phrase var_name="unable_to_find_the_custom_field_you_want_to_delete" added="1516334361">Unable to find the custom field you want to delete.</phrase>
		<phrase var_name="unable_to_find_the_custom_option_you_plan_on_deleting" added="1516334361">Unable to find the custom option you plan on deleting.</phrase>
		<phrase var_name="could_not_delete" added="1516334361">Could not delete</phrase>
		<phrase var_name="set_to_active" added="1516334361">Set to Active</phrase>
		<phrase var_name="extra_values" added="1516334361">Extra Values</phrase>
		<phrase var_name="group_name_cannot_be_empty" added="1516334361">Group name cannot be empty</phrase>
		<phrase var_name="custom_field_groups_successfully_updated" added="1516334361">Custom field groups successfully updated</phrase>
		<phrase var_name="unable_to_find_the_group_you_plan_on_deleting" added="1516334361">Unable to find the group you plan on deleting.</phrase>
		<phrase var_name="unable_to_find_the_custom_group" added="1516334361">Unable to find the custom group.</phrase>
		<phrase var_name="custom_field_groups_successfully_added" added="1516334361">Custom field groups successfully added</phrase>
		<phrase var_name="custom_field_successfully_deleted" added="1516334361">Custom Field Successfully Deleted.</phrase>
		<phrase var_name="edit_custom_field_groups" added="1516334361">Edit Custom Field Groups</phrase>
		<phrase var_name="add_custom_field_groups" added="1516334361">Add Custom Field Groups</phrase>
		<phrase var_name="edit_custom_field" added="1516334361">Edit Custom Field</phrase>
		<phrase var_name="add_new_custom_field_groups" added="1516334361">Add New Custom Field Groups</phrase>
		<phrase var_name="group_name" added="1516334361">Group Name</phrase>
		<phrase var_name="mapping_categories" added="1516334361">Mapping Categories</phrase>
		<phrase var_name="custom_fields" added="1516334361">Custom Fields</phrase>
		<phrase var_name="custom_field_name" added="1516334361">Custom Field Name</phrase>
		<phrase var_name="option" added="1516334361">Option</phrase>
		<phrase var_name="add_custom_field" added="1516334361">Add Custom Field</phrase>
		<phrase var_name="custom_group_successfully_deleted" added="1516334361">Custom group successfully deleted.</phrase>
		<phrase var_name="manage_custom_field_groups" added="1516334361">Manage Custom Field Groups</phrase>
		<phrase var_name="set_to_inactive" added="1516334361">Set to Inactive</phrase>
		<phrase var_name="general" added="1516334361">General</phrase>
		<phrase var_name="no_custom_groups_have_been_added" added="1516334361">No custom groups have been added.</phrase>
		<phrase var_name="add_a_new_custom_group" added="1516334361">Add a new custom group</phrase>
		<phrase var_name="set_to_active_inactive" added="1516334361">Set to Active/Inactive</phrase>
		<phrase var_name="are_you_sure_this_will_delete_all_products_that_belong_to_this_category_and_cannot_be_undone" added="1516334361">Are you sure? This will delete all products that belong to this category and cannot be undone.</phrase>
		<phrase var_name="show_custom_field_groups" added="1516334361">Show Custom Field Groups</phrase>
		<phrase var_name="custom_field_group" added="1516334361">Custom Field Group</phrase>
		<phrase var_name="there_are_no_custom_groups_associate_with_this_category" added="1516334361">There are no custom groups associate with this category.</phrase>
		<phrase var_name="admin_menu_add_uom" added="1516334361">Add UOM</phrase>
		<phrase var_name="admin_menu_manage_uom" added="1516334361">Manage UOM</phrase>
		<phrase var_name="admin_menu_global_settings" added="1516334361">Global Settings</phrase>
		<phrase var_name="uom_successfully_updated" added="1516334361">UOM successfully updated.</phrase>
		<phrase var_name="provide_an_uom_name" added="1516334361">Provide an UOM name</phrase>
		<phrase var_name="uom_successfully_added" added="1516334361">UOM successfully added.</phrase>
		<phrase var_name="edit_an_uom" added="1516334361">Edit an UOM</phrase>
		<phrase var_name="create_a_new_uom" added="1516334361">Create a new UOM</phrase>
		<phrase var_name="add_uom" added="1516334361">Add UOM</phrase>
		<phrase var_name="name" added="1516334361">Name</phrase>
		<phrase var_name="uom_order_successfully_updated" added="1516334361">UOM order successfully updated.</phrase>
		<phrase var_name="uom_successfully_deleted" added="1516334361">UOM successfully deleted</phrase>
		<phrase var_name="manage_uom" added="1516334361">Manage UOM</phrase>
		<phrase var_name="are_you_sure_this_will_delete_all_products_that_belong_to_this_uom_and_cannot_be_undone" added="1516334361">Are you sure? This will delete all products that belong to this UOM and cannot be undone.</phrase>
		<phrase var_name="global_settings" added="1516334361">Global Settings</phrase>
		<phrase var_name="payment_settings" added="1516334361">Payment Settings</phrase>
		<phrase var_name="admin_will_receive_all_purchases_from_buyers_then_return_money_to_seller_based_on_their_requests" added="1516334361">Admin will receive all purchases from buyers, then return money to seller based on their requests.</phrase>
		<phrase var_name="admin_only_receive_commission_on_sold_products_all_the_rest_will_be_purchased_to_seller_directly" added="1516334361">Admin only receive commission on sold products. All the rest will be purchased to seller directly.</phrase>
		<phrase var_name="payment_gateway_settings" added="1516334361">Payment Gateway Settings</phrase>
		<phrase var_name="setting_group_younet_ecommerce" added="1516334361"><![CDATA[<title>Younet Ecommerce</title><info>Younet Ecommerce Settings</info>]]></phrase>
		<phrase var_name="setting_ecommerce_minimum_amount_to_request" added="1516334361"><![CDATA[<title>Minimum amount to request</title><info>Minimum amount to request</info>]]></phrase>
		<phrase var_name="setting_ecommerce_maximum_amount_to_request" added="1516334361"><![CDATA[<title>Maximum amount to request</title><info>Maximum amount to request</info>]]></phrase>
		<phrase var_name="admincp_manage_uom" added="1516334361">Manage UOM</phrase>
		<phrase var_name="uom" added="1516334361">UOM</phrase>
		<phrase var_name="none" added="1516334361">None</phrase>
		<phrase var_name="initialized" added="1516334361">Initialized</phrase>
		<phrase var_name="expired" added="1516334361">Expired</phrase>
		<phrase var_name="pending" added="1516334361">Pending</phrase>
		<phrase var_name="completed" added="1516334361">Completed</phrase>
		<phrase var_name="canceled" added="1516334361">Canceled</phrase>
		<phrase var_name="paypal" added="1516334361">Paypal</phrase>
		<phrase var_name="2checkout" added="1516334361">2Checkout</phrase>
		<phrase var_name="pay_later" added="1516334361">Pay Later</phrase>
		<phrase var_name="pay_credit" added="1516334361">Pay Credit</phrase>
		<phrase var_name="draft" added="1516334361">Draft</phrase>
		<phrase var_name="unpaid" added="1516334361">Unpaid</phrase>
		<phrase var_name="denied" added="1516334361">Denied</phrase>
		<phrase var_name="running" added="1516334361">Running</phrase>
		<phrase var_name="paused" added="1516334361">Paused</phrase>
		<phrase var_name="deleted" added="1516334361">Deleted</phrase>
		<phrase var_name="approved" added="1516334361">Approved</phrase>
		<phrase var_name="other" added="1516334361">Other</phrase>
		<phrase var_name="monday" added="1516334361">Monday</phrase>
		<phrase var_name="tuesday" added="1516334361">Tuesday</phrase>
		<phrase var_name="wednesday" added="1516334361">Wednesday</phrase>
		<phrase var_name="thursday" added="1516334361">Thursday</phrase>
		<phrase var_name="friday" added="1516334361">Friday</phrase>
		<phrase var_name="saturday" added="1516334361">Saturday</phrase>
		<phrase var_name="sunday" added="1516334361">Sunday</phrase>
		<phrase var_name="setting_about_the_next_time_for_publishing_when_item_is_denied_by_admin" added="1516334361">Setting about the next time for publishing when item is denied by admin</phrase>
		<phrase var_name="still_chagre_fee" added="1516334361">Still chagre fee</phrase>
		<phrase var_name="don_t_charge_fee" added="1516334361"><![CDATA[Don&#039;t charge fee]]></phrase>
		<phrase var_name="total_sold" added="1516334361">Total Sold</phrase>
		<phrase var_name="we_only_count_deals_which_got_tip_and_exclude_the_offline_payments" added="1516334361">We only count deals which got tip and exclude the offline payments.</phrase>
		<phrase var_name="total_commissions" added="1516334361">Total Commissions</phrase>
		<phrase var_name="the_commissions_for_all_sold_deals" added="1516334361">The commissions for all sold deals.</phrase>
		<phrase var_name="manage_requests" added="1516334361">Manage Requests</phrase>
		<phrase var_name="request_from" added="1516334361">Request From</phrase>
		<phrase var_name="request_to" added="1516334361">Request To</phrase>
		<phrase var_name="request_money" added="1516334361">Request Money</phrase>
		<phrase var_name="search_requests" added="1516334361">Search Requests</phrase>
		<phrase var_name="latest" added="1516334361">Latest</phrase>
		<phrase var_name="amount" added="1516334361">Amount</phrase>
		<phrase var_name="no_requests_found" added="1516334361">No requests found.</phrase>
		<phrase var_name="request_date" added="1516334361">Request Date</phrase>
		<phrase var_name="status" added="1516334361">Status</phrase>
		<phrase var_name="response" added="1516334361">Response</phrase>
		<phrase var_name="request_message" added="1516334361">Request Message</phrase>
		<phrase var_name="response_date" added="1516334361">Response Date</phrase>
		<phrase var_name="response_message" added="1516334361">Response Message</phrase>
		<phrase var_name="available_amount" added="1516334361">Available Amount</phrase>
		<phrase var_name="total_available_amount_you_can_request_to_get_real_money" added="1516334361">Total available amount you can request to get real money.</phrase>
		<phrase var_name="pending_amount" added="1516334361">Pending Amount</phrase>
		<phrase var_name="total_amount_you_requested_to_exchange_to_real_money" added="1516334361">Total amount you requested to exchange to real money. It is pending for approval.</phrase>
		<phrase var_name="received_amount" added="1516334361">Received Amount</phrase>
		<phrase var_name="total_real_money_you_have_received" added="1516334361">Total real money you have received.</phrase>
		<phrase var_name="action" added="1516334361">Action</phrase>
		<phrase var_name="your_available_amount_is_price" added="1516334361">Your available amount is {price}. Please enter the amount you want to exchange to real money.</phrase>
		<phrase var_name="your_request_has_to_be_between_maximum_and_minimum" added="1516334361">Your request has to be between {minimum} and {maximum}.</phrase>
		<phrase var_name="your_message" added="1516334361">Your Message</phrase>
		<phrase var_name="your_amount_is_not_valid" added="1516334361">Your amount is not valid.</phrase>
		<phrase var_name="please_fill_your_message" added="1516334361">Please fill your message.</phrase>
		<phrase var_name="please_update_your_payment_account_in_order_to_request_money" added="1516334361">Please update your payment account in order to request money.</phrase>
		<phrase var_name="cancel_request" added="1516334361">Cancel Request</phrase>
		<phrase var_name="your_available_amount_is_not_enough_to_make_a_request" added="1516334361">Your available amount is not enough to make a request. It has to be larger than {minimum}.</phrase>
		<phrase var_name="are_you_sure_you_want_to_cancel_this_request" added="1516334361">Are you sure you want to cancel this request ?</phrase>
		<phrase var_name="your_request_is_not_valid" added="1516334361">Your request is not valid.</phrase>
		<phrase var_name="from_date_must_be_less_than_to_date" added="1516334361">From date must be less than To date.</phrase>
		<phrase var_name="from_date_is_not_valid" added="1516334361">From date is not valid.</phrase>
		<phrase var_name="to_date_is_not_valid" added="1516334361">To date is not valid.</phrase>
		<phrase var_name="auctions" added="1516334361">Auctions</phrase>
		<phrase var_name="my_requests" added="1516334361">My Requests</phrase>
		<phrase var_name="seller_section" added="1516334361">Seller Section</phrase>
		<phrase var_name="balance" added="1516334361">Balance</phrase>
		<phrase var_name="statistic" added="1516334361">Statistic</phrase>
		<phrase var_name="manage_auctions" added="1516334361">Manage Auctions</phrase>
		<phrase var_name="settings" added="1516334361">Settings</phrase>
		<phrase var_name="manage_orders" added="1516334361">Manage Orders</phrase>
		<phrase var_name="gateway_configuration" added="1516334361">Gateway Configuration</phrase>
		<phrase var_name="auction_s" added="1516334361">Auction(s)</phrase>
		<phrase var_name="bid_s" added="1516334361">Bid(s)</phrase>
		<phrase var_name="order_s" added="1516334361">Order(s)</phrase>
		<phrase var_name="total_sales" added="1516334361">Total Sales</phrase>
		<phrase var_name="number_of_auctions_sold" added="1516334361">Number Of Auctions Sold</phrase>
		<phrase var_name="viewed" added="1516334361">Viewed</phrase>
		<phrase var_name="liked" added="1516334361">Liked</phrase>
		<phrase var_name="go_chart" added="1516334361">Go Chart</phrase>
		<phrase var_name="from" added="1516334361">From</phrase>
		<phrase var_name="to" added="1516334361">To</phrase>
		<phrase var_name="sale_symbol_by_month" added="1516334361">Sale ({symbol}) by month</phrase>
		<phrase var_name="publish_fee" added="1516334361">Publish Fee</phrase>
		<phrase var_name="commission_fee" added="1516334361">Commission Fee</phrase>
		<phrase var_name="featured_fee" added="1516334361">Featured Fee</phrase>
		<phrase var_name="number_of_products_sold" added="1516334361">Number Of Products Sold</phrase>
		<phrase var_name="bid_increment" added="1516334361">Bid Increment</phrase>
		<phrase var_name="category" added="1516334361">Category</phrase>
		<phrase var_name="please_field_new_row_before_add_more" added="1516334361">Please field new row before add more</phrase>
		<phrase var_name="to_field_must_be_greater_than_from_field_in_each_rows" added="1516334361">To field must be greater than From field in each rows</phrase>
		<phrase var_name="increment" added="1516334361">Increment</phrase>
		<phrase var_name="add_new_bid_increment" added="1516334361">Add New Bid Increment</phrase>
		<phrase var_name="provide_category_for_bid_increment" added="1516334361">Provide category for bid increment</phrase>
		<phrase var_name="provide_valid_value_for_from_field" added="1516334361">Provide valid value for From field</phrase>
		<phrase var_name="provide_valid_value_for_to_field" added="1516334361">Provide valid value for To field</phrase>
		<phrase var_name="provide_valid_value_for_increment_field" added="1516334361">Provide valid value for Increment field</phrase>
		<phrase var_name="update_bid_increment_successfully" added="1516334361">Update bid increment successfully.</phrase>
		<phrase var_name="price_and_buy_it_now" added="1516334361"><![CDATA[Price & Buy It Now]]></phrase>
		<phrase var_name="fixed_price_buy_it_now_price" added="1516334361">Fixed price (Buy It Now price)</phrase>
		<phrase var_name="reserve_price" added="1516334361">Reserve price</phrase>
		<phrase var_name="options_for_displaying_buy_it_now_button" added="1516334361">Options for displaying Buy It Now button</phrase>
		<phrase var_name="when_anyone_bid_buy_it_now_option_disappears_and_bidding_continues_until_the_listing_ends" added="1516334361">When anyone bid, Buy It Now option disappears and bidding continues until the listing ends.</phrase>
		<phrase var_name="buy_it_now_option_is_available_until_bids_reach" added="1516334361">Buy It Now option is available until bids reach</phrase>
		<phrase var_name="of_the_buy_it_now_price" added="1516334361">of the Buy It Now price.</phrase>
		<phrase var_name="always" added="1516334361">Always</phrase>
		<phrase var_name="offers" added="1516334361">Offers</phrase>
		<phrase var_name="offer_price" added="1516334361">Offer price</phrase>
		<phrase var_name="transfer_winning_bidder" added="1516334361">Transfer winning bidder</phrase>
		<phrase var_name="time_for_winner_complete_transaction" added="1516334361">Time for winner complete transaction</phrase>
		<phrase var_name="number_of_transfers_for_each_auction" added="1516334361">Number of transfers for each auction</phrase>
		<phrase var_name="if_seller_doesnt_define_will_use_default_values_from_admins_settings" added="1516334361"><![CDATA[If seller doesn&#039;t define, will use default values from admin&#039;s settings.]]></phrase>
		<phrase var_name="provide_a_valid_limit_percent_buy_it_now_price" added="1516334361">Provide a valid limit percent Buy It Now price.</phrase>
		<phrase var_name="provide_a_valid_percent_reaching_limit_price" added="1516334361">Provide a valid percent reaching limit price.</phrase>
		<phrase var_name="provide_a_valid_percent_offer_limit_price" added="1516334361">Provide a valid percent offer limit price.</phrase>
		<phrase var_name="provide_a_valid_time_for_winner_complete_transaction" added="1516334361">Provide a valid time for winner complete transaction.</phrase>
		<phrase var_name="provide_a_valid_number_of_transfers_for_each_auction" added="1516334361">Provide a valid number of transfers for each auction.</phrase>
		<phrase var_name="unable_to_find_the_product_you_are_trying_to_comment_on" added="1516334361">Unable to find the product you are trying to comment on.</phrase>
		<phrase var_name="full_name_wrote_a_comment_on_your_product_title" added="1516334361"><![CDATA[{full_name} wrote a comment on your product "{title}".]]></phrase>
		<phrase var_name="full_name_wrote_a_comment_on_your_product_a_href_link_title_a_to_see_the_comment_thread_follow_the_link_below_a_href_link_link_a" added="1516334361"><![CDATA[{full_name} wrote a comment on your product "<a href="{link}">{title}</a>".
To see the comment thread, follow the link below:
<a href="{link}">{link}</a>]]></phrase>
		<phrase var_name="created_a_product" added="1516334361">created a product</phrase>
		<phrase var_name="item_phrase" added="1516334361">product</phrase>
		<phrase var_name="users_liked_one_of_your_comments_on_the_product_title" added="1516334361"><![CDATA[{users} liked one of your comments on the product "{title}"]]></phrase>
		<phrase var_name="users_liked_one_on_span_class_drop_data_user_row_full_name_s_span_comments_on_the_product_title" added="1516334361"><![CDATA[{users} liked one on <span class="drop_data_user">{row_full_name}&#039;s</span> comments on the product "{title}"]]></phrase>
		<phrase var_name="users_invited_you_to_the_product_title" added="1516334361"><![CDATA[{users} invited you to the product "{title}"]]></phrase>
		<phrase var_name="users_commented_on_span_class_drop_data_user_row_full_name_s_span_product_title" added="1516334361"><![CDATA[{users} commented on <span class="drop_data_user">{row_full_name}&#039;s</span> product "{title}"]]></phrase>
		<phrase var_name="users_commented_on_gender_own_product_title" added="1516334361"><![CDATA[{users} commented on {gender} own product "{title}"]]></phrase>
		<phrase var_name="users_commented_on_your_product_title" added="1516334361"><![CDATA[{users} commented on your product "{title}"]]></phrase>
		<phrase var_name="users_commented_on_span_class_drop_data_user_row_full_name_s_span_comment_on_the_product_title" added="1516334361"><![CDATA[{users} commented on <span class="drop_data_user">{row_full_name}&#039;s</span> comment on the product "{title}"]]></phrase>
		<phrase var_name="users_commented_on_gender_own_comment_on_product_title" added="1516334361"><![CDATA[{users} commented on {gender} own comment on product "{title}"]]></phrase>
		<phrase var_name="users_commented_on_one_of_your_comments_on_the_product_title" added="1516334361"><![CDATA[{users} commented on one of your comments on the product "{title}"]]></phrase>
		<phrase var_name="users_commented_on_one_of_span_class_drop_data_user_row_full_name_s_span_comments_on_the_product_title" added="1516334361"><![CDATA[{users} commented on one of <span class="drop_data_user">{row_full_name}&#039;s</span> comments on the product "{title}"]]></phrase>
		<phrase var_name="products" added="1516334361">products</phrase>
		<phrase var_name="full_name_commented_on_a_comment_posted_on_the_product_title" added="1516334361"><![CDATA[{full_name} commented on a comment posted on the product "{title}".]]></phrase>
		<phrase var_name="full_name_commented_on_one_of_your_comments_you_posted_on_the_product_a_href_item_link_title_a_to_see_the_comment_thread_follow_the_link_below_a_href_link_link_a" added="1516334361"><![CDATA[{full_name} commented on one of your comments you posted on the product "<a href="{item_link}">{title}</a>".
To see the comment thread, follow the link below:
<a href="{link}">{link}</a>]]></phrase>
		<phrase var_name="full_name_commented_on_one_of_gender_product_comments" added="1516334361">{full_name} commented on one of {gender} product comments.</phrase>
		<phrase var_name="full_name_commented_on_one_of_gender_own_comments_on_the_product_a_href_item_link_title_a_to_see_the_comment_thread_follow_the_link_below_a_href_link_link_a" added="1516334361"><![CDATA[{full_name} commented on one of {gender} own comments on the product "<a href="{item_link}">{title}</a>".
To see the comment thread, follow the link below:
<a href="{link}">{link}</a>]]></phrase>
		<phrase var_name="full_name_commented_on_one_of_row_full_name_s_product_comments" added="1516334361"><![CDATA[{full_name} commented on one of {row_full_name}&#039;s product comments.]]></phrase>
		<phrase var_name="full_name_commented_on_one_of_row_full_name_s_comments_on_the_product_a_href_item_link_title_a_to_see_the_comment_thread_follow_the_link_below_a_href_link_link_a" added="1516334361"><![CDATA[{full_name} commented on one of {row_full_name}&#039;s comments on the product "<a href="{item_link}">{title}</a>".
To see the comment thread, follow the link below:
<a href="{link}">{link}</a>]]></phrase>
		<phrase var_name="unable_to_post_a_comment_on_this_item_due_to_privacy_settings" added="1516334361">Unable to post a comment on this item due to privacy settings.</phrase>
		<phrase var_name="users_liked_gender_own_product_title" added="1516334361"><![CDATA[{users} liked {gender} own product "{title}"]]></phrase>
		<phrase var_name="users_liked_your_product_title" added="1516334361"><![CDATA[{users} liked your product "{title}"]]></phrase>
		<phrase var_name="users_liked_span_class_drop_data_user_row_full_name_s_span_product_title" added="1516334361"><![CDATA[{users} liked <span class="drop_data_user">{row_full_name}&#039;s</span> product "{title}"]]></phrase>
		<phrase var_name="full_name_liked_your_product_a_href_link_title_a_to_view_this_product_follow_the_link_below_a_href_link_link_a" added="1516334361"><![CDATA[{full_name} liked your product "<a href="{link}">{title}</a>"
To view this product follow the link below:
<a href="{link}">{link}</a>]]></phrase>
		<phrase var_name="full_name_liked_a_comment_you_posted_on_the_product_title" added="1516334361"><![CDATA[{full_name} liked a comment you posted on the product "{title}"]]></phrase>
		<phrase var_name="full_name_liked_your_comment_a_href_link_content_a_that_you_posted_on_the_product_a_href_item_link_title_a_to_view_this_product_follow_the_link_below_a_href_link_link_a" added="1516334361"><![CDATA[{full_name} liked your comment "<a href="{link}">{content}</a>" that you posted on the product "<a href="{item_link}">{title}</a>".
To view this product follow the link below:
<a href="{link}">{link}</a>]]></phrase>
		<phrase var_name="product" added="1516334361">Product</phrase>
		<phrase var_name="in_the_product_a_href_link_title_a" added="1516334361"><![CDATA[In the product <a href="{link}">{title}</a>]]></phrase>
		<phrase var_name="request_date_increment" added="1516334361">Request Date Increment</phrase>
		<phrase var_name="request_date_decrement" added="1516334361">Request Date Decrement</phrase>
		<phrase var_name="amount_increment" added="1516334361">Amount Increment</phrase>
		<phrase var_name="amount_decrement" added="1516334361">Amount Decrement</phrase>
		<phrase var_name="response_date_increment" added="1516334361">Response Date Increment</phrase>
		<phrase var_name="response_date_decrement" added="1516334361">Response Date Decrement</phrase>
		<phrase var_name="my_bids" added="1516334361">My Bids</phrase>
		<phrase var_name="my_offers" added="1516334361">My Offers</phrase>
		<phrase var_name="didnt_win" added="1516334361"><![CDATA[Didn&#039;t win]]></phrase>
		<phrase var_name="my_won_bids" added="1516334361">My Won Bids</phrase>
		<phrase var_name="my_orders" added="1516334361">My Orders</phrase>
		<phrase var_name="my_cart" added="1516334361">My Cart</phrase>
		<phrase var_name="checkout" added="1516334361">Checkout</phrase>
		<phrase var_name="buyer_section" added="1516334361">Buyer Section</phrase>
		<phrase var_name="menu_ecommerce_create_new_auction_1269068f872beda92bdc40c9756bcb1f" added="1516334361">Create New Auction</phrase>
		<phrase var_name="search" added="1516334361">Search</phrase>
		<phrase var_name="order_id_increment" added="1516334361">Order Id Increment</phrase>
		<phrase var_name="order_id_decrement" added="1516334361">Order Id Decrement</phrase>
		<phrase var_name="shipping_info_increment" added="1516334361">Shipping Info Increment</phrase>
		<phrase var_name="shipping_info_decrement" added="1516334361">Shipping Info Decrement</phrase>
		<phrase var_name="order_date_increment" added="1516334361">Order Date Increment</phrase>
		<phrase var_name="order_date_decrement" added="1516334361">Order Date Decrement</phrase>
		<phrase var_name="order_total_increment" added="1516334361">Order Total Increment</phrase>
		<phrase var_name="order_total_decrement" added="1516334361">Order Total Decrement</phrase>
		<phrase var_name="no_orders_found" added="1516334361">No orders found.</phrase>
		<phrase var_name="order_id" added="1516334361">Order Id</phrase>
		<phrase var_name="shipping_info" added="1516334361">Shipping Info</phrase>
		<phrase var_name="order_date" added="1516334361">Order Date</phrase>
		<phrase var_name="order_total" added="1516334361">Order Total</phrase>
		<phrase var_name="options" added="1516334361">Options</phrase>
		<phrase var_name="view" added="1516334361">View</phrase>
		<phrase var_name="advanced_search" added="1516334361">Advanced Search</phrase>
		<phrase var_name="keywords" added="1516334361">Keywords</phrase>
		<phrase var_name="product_title" added="1516334361">Product Title</phrase>
		<phrase var_name="new" added="1516334361">New</phrase>
		<phrase var_name="shipped" added="1516334361">Shipped</phrase>
		<phrase var_name="order_from" added="1516334361">Order From</phrase>
		<phrase var_name="order_to" added="1516334361">Order To</phrase>
		<phrase var_name="menu_ecommerce_mycart" added="1516334361"><![CDATA[<span id=ecommerce_mycart>My Cart</span>]]></phrase>
		<phrase var_name="menu_ecommerce_myorders" added="1516334361"><![CDATA[<span id=ecommerce_myorders>My Orders</span>]]></phrase>
		<phrase var_name="menu_ecommerce_manageorders" added="1516334361"><![CDATA[<span id=ecommerce_manageorders>Manage Orders</span>]]></phrase>
		<phrase var_name="menu_ecommerce_myrequest" added="1516334361"><![CDATA[<span id=ecommerce_myrequest>My Request</span>]]></phrase>
		<phrase var_name="provide_option_for_displaying_buy_it_now_button" added="1516334361">Provide option for displaying Buy It Now button.</phrase>
		<phrase var_name="item_detail" added="1516334361">Item Detail</phrase>
		<phrase var_name="quantity" added="1516334361">Quantity</phrase>
		<phrase var_name="price" added="1516334361">Price</phrase>
		<phrase var_name="remove" added="1516334361">Remove</phrase>
		<phrase var_name="pieces" added="1516334361">pieces</phrase>
		<phrase var_name="seller" added="1516334361">Seller</phrase>
		<phrase var_name="my_cart_iitem" added="1516334361">My Cart ({iItem})</phrase>
		<phrase var_name="there_are_no_items" added="1516334361">There are no items</phrase>
		<phrase var_name="total" added="1516334361">Total</phrase>
		<phrase var_name="buy_all" added="1516334361">Buy all</phrase>
		<phrase var_name="buy_all_from_this_seller" added="1516334361">Buy all from this seller</phrase>
		<phrase var_name="please_select_an_image_to_upload" added="1516334361">Please select an image to upload</phrase>
		<phrase var_name="check_out" added="1516334361">Check Out</phrase>
		<phrase var_name="place_order" added="1516334361">Place Order</phrase>
		<phrase var_name="menu_ecommerce_create_new_auction_712fbf5a743020b2bd40c42ccaa17c73" added="1516334361">Create New Auction</phrase>
		<phrase var_name="you_dont_have_permission_to_view_this_order" added="1516334361"><![CDATA[You don&#039;t have permission to view this order.]]></phrase>
		<phrase var_name="on" added="1516334361">on</phrase>
		<phrase var_name="buyer" added="1516334361">Buyer</phrase>
		<phrase var_name="id" added="1516334361">ID</phrase>
		<phrase var_name="message" added="1516334361">Message</phrase>
		<phrase var_name="piece_s" added="1516334361">piece(s)</phrase>
		<phrase var_name="shipping_information" added="1516334361">Shipping Information</phrase>
		<phrase var_name="order_is_not_valid" added="1516334361">Order is not valid!</phrase>
		<phrase var_name="location" added="1516334361">Location</phrase>
		<phrase var_name="zipcode" added="1516334361">Zipcode</phrase>
		<phrase var_name="phone" added="1516334361">Phone</phrase>
		<phrase var_name="mobile" added="1516334361">Mobile</phrase>
		<phrase var_name="update" added="1516334361">Update</phrase>
		<phrase var_name="you_dont_have_permission_to_change_this_order" added="1516334361"><![CDATA[You don&#039;t have permission to change this order.]]></phrase>
		<phrase var_name="update_order_successfully" added="1516334361">Update order successfully.</phrase>
		<phrase var_name="can_not_update_order" added="1516334361">Can not update order!</phrase>
		<phrase var_name="review_and_cofirm_your_order_itotalitem_items" added="1516334361">Review and confirm your order {iTotalItem} item(s)</phrase>
		<phrase var_name="select_your_shipping_information" added="1516334361">Select your shipping information</phrase>
		<phrase var_name="add_new_address" added="1516334361">Add New Address</phrase>
		<phrase var_name="contact_name" added="1516334361">Contact Name</phrase>
		<phrase var_name="country_region" added="1516334361">Country/Region</phrase>
		<phrase var_name="street_address" added="1516334361">Street Address</phrase>
		<phrase var_name="city" added="1516334361">City</phrase>
		<phrase var_name="zip_postal_code" added="1516334361">Zip/Postal Code</phrase>
		<phrase var_name="tel" added="1516334361">Tel</phrase>
		<phrase var_name="save" added="1516334361">Save</phrase>
		<phrase var_name="apartment_suite_unit_etc_optional" added="1516334361">Apartment,suite,unit etc.(optional)</phrase>
		<phrase var_name="street_name" added="1516334361">Street Name</phrase>
		<phrase var_name="add_address_successfully" added="1516334361">Add address successfully</phrase>
		<phrase var_name="edit_address" added="1516334361">Edit Address</phrase>
		<phrase var_name="edit_address_successfully" added="1516334361">Edit address successfully</phrase>
		<phrase var_name="review_and_confirm_purchase" added="1516334361">Review and confirm purchase</phrase>
		<phrase var_name="module_ecommerce" added="1516334361">Ecommerce</phrase>
		<phrase var_name="payment_method" added="1516334361">Payment Method</phrase>
		<phrase var_name="paypal_email_of_seller_full_name_is_not_set" added="1516334361">Paypal Email of seller {full_name} is not set</phrase>
		<phrase var_name="username_paypal" added="1516334361">UserName Paypal</phrase>
		<phrase var_name="password_paypal" added="1516334361">Password Paypal</phrase>
		<phrase var_name="signature_paypal" added="1516334361">Signature Paypal</phrase>
		<phrase var_name="application_id_paypal" added="1516334361">Application ID Paypal</phrase>
		<phrase var_name="required_field_is_empty" added="1516334361">Required field is empty.</phrase>
		<phrase var_name="item_type" added="1516334361">Item type</phrase>
		<phrase var_name="auction" added="1516334361">Auction</phrase>
		<phrase var_name="all" added="1516334361">All</phrase>
		<phrase var_name="total_amount" added="1516334361">Total Amount</phrase>
		<phrase var_name="commission" added="1516334361">Commission</phrase>
		<phrase var_name="payment_status" added="1516334361">Payment Status</phrase>
		<phrase var_name="update_status_successfully" added="1516334361">Update status successfully</phrase>
		<phrase var_name="type" added="1516334361">Type</phrase>
		<phrase var_name="bid" added="1516334361">Bid</phrase>
		<phrase var_name="buy" added="1516334361">Buy</phrase>
		<phrase var_name="offer" added="1516334361">Offer</phrase>
		<phrase var_name="please_input_address_for_shipping" added="1516334361">Please input address for shipping</phrase>
		<phrase var_name="ecommerce" added="1516334361">Ecommerce</phrase>
		<phrase var_name="zip_code" added="1516334361">ZIP CODE</phrase>
		<phrase var_name="continue_shopping" added="1516334361">Continue Shopping</phrase>
		<phrase var_name="admin_menu_manage_orders" added="1516334361">Manage Orders</phrase>
		<phrase var_name="search_filter" added="1516334361">Search Filter</phrase>
		<phrase var_name="item_name" added="1516334361">Item Name</phrase>
		<phrase var_name="store_seller" added="1516334361">Store/Seller</phrase>
		<phrase var_name="admin_menu_manage_transactions" added="1516334361">Manage Transactions</phrase>
		<phrase var_name="manage_transactions" added="1516334361">Manage Transactions</phrase>
		<phrase var_name="seller_name" added="1516334361">Seller Name</phrase>
		<phrase var_name="from_date" added="1516334361">From Date</phrase>
		<phrase var_name="to_date" added="1516334361">To Date</phrase>
		<phrase var_name="transaction_id" added="1516334361">Transaction Id</phrase>
		<phrase var_name="purchase_date" added="1516334361">Purchase Date</phrase>
		<phrase var_name="fee" added="1516334361">Fee</phrase>
		<phrase var_name="description" added="1516334361">Description</phrase>
		<phrase var_name="no_transactions_found" added="1516334361">No transactions found.</phrase>
		<phrase var_name="feature" added="1516334361">Feature</phrase>
		<phrase var_name="publish" added="1516334361">Publish</phrase>
		<phrase var_name="admin_menu_manage_requests" added="1516334361">Manage Requests</phrase>
		<phrase var_name="request_by" added="1516334361">Request By</phrase>
		<phrase var_name="actions" added="1516334361">Actions</phrase>
		<phrase var_name="rejected" added="1516334361">Rejected</phrase>
		<phrase var_name="requester" added="1516334361">Requester</phrase>
		<phrase var_name="approve" added="1516334361">Approve</phrase>
		<phrase var_name="deny" added="1516334361">Deny</phrase>
		<phrase var_name="reason_to_deny" added="1516334361">Reason to deny</phrase>
		<phrase var_name="deny_request" added="1516334361">Deny Request</phrase>
		<phrase var_name="approve_request" added="1516334361">Approve Request</phrase>
		<phrase var_name="review_and_confirm_payment" added="1516334361">Review and Confirm Payment</phrase>
		<phrase var_name="payment_methods" added="1516334361">Payment Methods</phrase>
		<phrase var_name="money_sent" added="1516334361">Money sent</phrase>
		<phrase var_name="money_request_desc" added="1516334361">Please confirm your money before sending to user.</phrase>
		<phrase var_name="reset" added="1516334361">Reset</phrase>
		<phrase var_name="leave_message_for_seller" added="1516334361">Leave a message for this seller</phrase>
		<phrase var_name="congratulations_your_item_sold" added="1516334361">Congratulations, your item sold!</phrase>
		<phrase var_name="congratulations_the_following_item_just_sold_message_for_more_details_please_access_to_manage_orders_page_at_url" added="1516334361"><![CDATA[Congratulations, the following item just sold:

{message}

For more details, please access to "Manage Orders" page at {url}]]></phrase>
		<phrase var_name="you_ve_bought_the_item" added="1516334361"><![CDATA[You&#039;ve bought the item]]></phrase>
		<phrase var_name="you_have_made_the_order_on_this_item_message_for_more_details_please_access_to_my_orders_page_at_url" added="1516334361"><![CDATA[You have made the order on this item:

{message}

For more details, please access to "My Orders" page at {url}]]></phrase>
		<phrase var_name="product_name_title_sold_price_symbol_currency_amount_by_seller" added="1516334361">Product Name : {title}
Sold Price: {symbol_currency}{amount}
By : {seller}</phrase>
		<phrase var_name="product_name_title_sold_price_symbol_currency_amount_buyer_buyer" added="1516334361">Product Name : {title}
Sold Price: {symbol_currency}{amount}
Buyer: {buyer}</phrase>
		<phrase var_name="you_ve_bought_the_order_order_id" added="1516334361"><![CDATA[You&#039;ve bought the order {order_id}]]></phrase>
		<phrase var_name="congratulations_item_count_your_items_sold" added="1516334361">Congratulations, {item_count} your items sold</phrase>
		<phrase var_name="order_updated" added="1516334361">Order Updated</phrase>
		<phrase var_name="the_order_order_id_have_been_updated_for_more_details_please_access_to_my_orders_page_at_url" added="1516334361"><![CDATA[The order #{order_id} have been updated.
For more details, please access to "My Orders" page at {url}]]></phrase>
		<phrase var_name="the_order_order_id_has_changed_its_status" added="1516334361">The order {order_id} has changed its status</phrase>
		<phrase var_name="some_photos_you_uploaded_is_invalid_type_or_exceed_limited_size" added="1516334361">Some photos you uploaded is invalid type or exceed limited size.</phrase>
		<phrase var_name="admin_menu_email_templates" added="1516334361">Email Templates</phrase>
		<phrase var_name="email_templates" added="1516334361">Email Templates</phrase>
		<phrase var_name="language_pack" added="1516334361">Language Pack</phrase>
		<phrase var_name="your_community_has_more_than_one_language_pack_installed_please_select_the_language_pack_you_want_to_edit_right_now" added="1516334361">Your community has more than one language pack installed. Please select the language pack you want to edit right now.</phrase>
		<phrase var_name="choose_message" added="1516334361">Choose Message</phrase>
		<phrase var_name="subject" added="1516334361">Subject</phrase>
		<phrase var_name="save_changes" added="1516334361">Save changes</phrase>
		<phrase var_name="message_body" added="1516334361">Message Body</phrase>
		<phrase var_name="reason_to_approve" added="1516334361">Reason to approve</phrase>
		<phrase var_name="fee_symbol_by_month" added="1516334361">Fee ({symbol}) by month</phrase>
		<phrase var_name="your_request_points_were_approved" added="1516334361">Your request points were approved</phrase>
		<phrase var_name="your_request_points_were_declined" added="1516334361">Your request points were declined</phrase>
		<phrase var_name="are_you_sure_want_to_delete_this_address_this_cannot_be_undone" added="1516334361">Are you sure want to delete this address? This cannot be undone.</phrase>
		<phrase var_name="category_name_must_be_less_than_40_character" added="1516334361">Category name must be less than 40 character</phrase>
		<phrase var_name="ynsocialstore" added="1516334361">Social Store</phrase>
		<phrase var_name="ecommerce.uom_name_must_be_less_than_max_length_characters" added="1516334361">UOM name must be less than {max_length} characters</phrase>
		<phrase var_name="provider_a_language_name" added="1516334361"><![CDATA[Provide a "{language_name}" name.]]></phrase>
		<phrase var_name="category_language_name_must_be_less_than_limit" added="1516334361"><![CDATA[Category "{language_name}" name must be less than {limit}]]></phrase>
		<phrase var_name="edit_uom" added="1516334361">Edit UOM</phrase>
	</phrases>
	<user_group_settings>
		<setting is_admin_setting="0" module_id="ecommerce" type="integer" admin="500" user="500" guest="500" staff="500" module="ecommerce" ordering="0">max_size_for_icons</setting>
	</user_group_settings>
</module>