{
    "admin_menu_add_scheduled": "Add Email",
    "admin_menu_manage_category": "Manage Categories",
    "module_gettingstarted": "Getting Started",
    "admin_menu_manage_mail": "Manage Emails",
    "module_Gettingstarted": "Getting Started",
    "manage_mails": "Manage Emails",
    "name": "Name",
    "module": "Module",
    "time": "Reminder Time",
    "message": "Message",
    "active": "Active",
    "edit_schedule_mail": "Edit Email",
    "scheduled_name": "Scheduled Name",
    "scheduled_category": "Module",
    "create_schedule_mail": "Create schedule mail",
    "scheduled_mail_successfully_deleted": "Email(s) successfully deleted.",
    "edit_scheduled_mail_successfully": "Email successfully edited.",
    "id_not_found": "id not found",
    "add_scheduled_mail_false_because_time_that_you_add_it_has_existed_before": "Add email false because time that you add, it has existed before.",
    "add_scheduled_mail_successfully": "Email successfully added.",
    "time_has_to_be_larger_or_equal_0": "Time has to be larger or equal 0",
    "time_has_to_be_numberic": "Time has to be numberic.",
    "time_is_not_allowed_empty": "Fill in a time for your email.",
    "message_is_not_allowed_empty": "Fill in a message for your email.",
    "subtitle": "Subject",
    "admin_menu_add_article": "Add Article",
    "admin_menu_manage_article": "Manage Articles",
    "admin_menu_add_todolist": "Add Todo List",
    "admin_menu_manage_todolist": "Manage Todo Lists",
    "active_mail_remainder": "Active Email Remainder:",
    "active_base_knowledge": "Active Knowledge Base:",
    "search_filters": "Search Filters",
    "manage_mail_categories": "Manage Email Categories",
    "add_knowledge_base_category": "Add a New Knowledge Base Category",
    "add_knowledge_base_article": "Add a New Knowledge Base Article",
    "knowledge_base_article": "Knowledge Base Articles",
    "no_search_results_found": "No search results found.",
    "time_is_invalid": "Time is invalid.",
    "active_getting_started": "Active Getting Started:",
    "no_articles": "No Articles.",
    "no_articles_in_this_category": "No articles in this categories.",
    "keyword": "Keywords:",
    "no_knowledge_base_categories_have_been_created": "No Knowledge Base Categories have been created.",
    "description": "Description",
    "title": "Title",
    "knowledge_base_categories": "Knowledge Base Categories",
    "number_of_articles_on_each_categories": "Number of Articles on each Categories:",
    "number_of_articles": "Number of articles:",
    "number_of_letters": "Number of Letters:",
    "how_many_letter_will_be_sent_in_one_time": "How many emails will be sent in one time.",
    "when_you_begin_to_create_a_account_it_will_send_to_you_a_private_message": "When user creates an account, your site will send to that user a notice message.",
    "this_message_will_be_sent_when_you_log_out_for_a_long_time": "When user logs out for a long time and not log in again, your site will send a notice message to that user.",
    "if_you_do_not_post_a_blog_for_a_long_time_it_will_notice_to_you": "If user does not post a blog for a long time, your site will send a notice message to that user.",
    "if_you_do_not_post_a_video_for_a_long_time_it_will_notice_to_you": "If user does not post a video for a long time, your site will send a notice message to that user.",
    "if_you_do_not_post_a_poll_for_a_long_time_it_will_notice_to_you": "If user does not post a poll for a long time, your site will send a notice message to that user.",
    "add_a_new_schedule_mail": "Add a New Email",
    "add_a_new_todo_list": "Add a New Todo List",
    "caterories": "Categories:",
    "no_articles_have_been_added_yet": "No articles have been added yet.",
    "define_the_limit_of_how_many_articles_can_be_displayed_on": "Define the limit of how many articles can be displayed on browse articles page",
    "define_the_limit_of_how_many_articles_for_each_category": "Define the limit of how many articles for each category.",
    "define_the_limit_of_how_many_letters_will_be_sent_in_one_time": "Define the limit of how many emails will be sent in one time.",
    "setting_article_limit": "<title>Articles Limit for each Category<\/title><info>Define the limit of how many articles for each category.<\/info>",
    "setting_active_getting_started": "<title>Active Getting Started<\/title><info>Set to True in order to enable Getting Started<\/info>",
    "setting_active_email_remainder": "<title>Active Email Remainder<\/title><info>Set to True in order to enable Email Remainder.<\/info>",
    "setting_active_knowledge_base": "<title>Active Knowledge Base<\/title><info>Set to True in order to enable Knowledge Base<\/info>",
    "setting_letter_limit_will_be_sent_in_one_time": "<title>Email Limit will be sent in one time<\/title><info>Define the limit of how many emails will be sent in one time.<\/info>",
    "setting_articles_limit_can_be_displayed": "<title>Articles Limit can be displayed on browse Article Page<\/title><info>Define the limit of how many articles can be displayed on browse articles page.<\/info>",
    "if_you_do_not_post_a_photo_for_a_long_time_it_will_notice_to_you": "If user does not post a photo for a long time, your site will send a notice message to that user.",
    "no_articles_have_been_created": "No Articles have been created.",
    "subtitle_is_not_allowed_empty": "Fill in a subject for your email.",
    "no_mails_have_been_created": "No Emails have been created.",
    "no_todo_lists_have_been_created": "No Todo Lists have been created.",
    "uncategorized": "Uncategorized",
    "no_knowledge_base_articles_have_been_created": "No Knowledge Base Articles have been created.",
    "gettingstarted_full_name_sent_you_a_message_subject_without_unsubscribe": "{message}\r\n--------------------\r\n\r\nTo reply to this message, follow the link below:\r\n<a href=\"{link}\">{link}<\/a>",
    "gettingstarted_gettingstarted_full_name_sent_you_a_message_subject_with_unsubscribe": "{message}\r\n--------------------\r\n\r\nTo reply to this message, follow the link below:\r\n<a href=\"{link}\">{link}<\/a>\r\nTo unsubscribe this message, follow the link below:\r\n<a href=\"{unsublink}\">Unsubscribe<\/a>",
    "todo_list": "Todo List",
    "edit_todo_list": "Edit Todo List",
    "todo_list_successfully_edited": "Todo List successfully edited",
    "todo_list_successfully_added": "Todo List successfully added.",
    "todo_list_successfully_deleted": "Todo List(s) successfully deleted.",
    "edit_knowledge_base_article": "Edit Knowledge Base Article",
    "edit_knowledge_base_category": "Edit Knowledge Base Category",
    "menu_gettingstarted_knowledge_base_fad58de7366495db4650cfefac2fcd61": "Knowledge Base",
    "user_setting_can_post_comment_on_article": "Can post comment on article?",
    "allow_users_to_unsubscribe_this_email": "Allow users to unsubscribe this email",
    "todo_list_successfully_edite": "Todo List successfully edited",
    "knowledge_base_category_is_not_allowed_empty": "Fill in a title for your article category.",
    "fill_in_a_title_for_your_todo_list": "Fill in a title for your Todo List",
    "fill_in_a_description_for_your_todo_list": "Fill in a description for your Todo list",
    "fill_in_a_title_for_your_knowledgebase_article": "Fill in a title for your knowledge base article",
    "fill_in_a_description_for_your_knowledgebase_article": "Fill in a description for your knowledge base article",
    "search_articles_dot": "Search Articles...",
    "add_email": "Add Email",
    "manage_articles_categories": "Manage Articles Categories",
    "add_articles": "Add Article",
    "no_articles_found": "No articles found.",
    "manage_articles": "Manage Articles",
    "add_todo_list": "Add Todo List",
    "manage_todo_lists": "Manage Todo Lists",
    "you_have_already_voted": "You have already voted on this item.",
    "you_cannot_rate_your_own_article": "You cannot rate your own article.",
    "setting_display_time_stamp": "<title>Getting Started<\/title><info>Controls time stamps for articles.\r\n\r\nIf using the default setting and the default template the time stamp will appear under each article title and will look similar to:\r\n\r\nPosted June 22, 2008<\/info>",
    "do_not_show_it_again": "Don't show it again",
    "show_more": "Show More",
    "show_less": "Show Less",
    "latest_articles": "Latest Articles",
    "article_not_found": "The article you are looking for does not exist or has been removed.",
    "poor": "Poor",
    "nothing_special": "Nothing Special",
    "worth_watching": "Worth Watching",
    "pretty_cool": "Pretty Cool",
    "awesome": "Awesome",
    "knowledge_base": "Knowledge Base",
    "added": "Added:",
    "categories": "Categories",
    "sub_categories": "Sub-Categories",
    "posted_on_post_time": "Posted on {post_time}",
    "knowledge_base_article_successfully_added": "Knowledge Base Article successfully added.",
    "knowledge_base_category_successfully_added": "Knowledge Base Category successfully added.",
    "knowledge_base_category_name_has_existed": "Knowledge Base Category Name has existed.",
    "edit_knowledge_base_category_successfully": "Edit Knowledge Base Category successfully.",
    "knowledge_base_category_successfully_edited": "Knowledge Base Category successfully edited.",
    "knowledge_base_category_successfully_deleted": "Knowledge Base Category successfully deleted.",
    "close": "Close",
    "create_one_now": "Create one now.",
    "delete_selected": "Delete Selected",
    "comment_s": "Comment(s)",
    "total_rating_ratings": "{total_rating} Ratings",
    "activate": "Activate",
    "deactivate": "Deactivate",
    "any": "Any",
    "month": "month",
    "week": "week",
    "day": "day",
    "hour": "hour",
    "default_hour": "default : hour",
    "fullname": "full name",
    "user_name": "username",
    "user_name_tagged_you_in_a_article": "{user_name} tagged you in a article",
    "language": "Language",
    "admin_menu_add_article_categories": "Add Article Category",
    "admin_menu_manage_article_category": "Manage Articles Categories",
    "featured": "Featured",
    "unfeatured": "Unfeatured",
    "article_successfully_edit": "Knowledge Base Article successfully edited.",
    "featured_articles": "Featured Articles",
    "most_view": "Most Viewed Articles",
    "related_entries": "Related Entries",
    "define_the_limit_of_how_many_most_view_articles_in_block": "Define the limit of how many most view articles in Most_View_Articles block",
    "setting_number_of_limit_most_view_articles": "<title>Number of limit most view articles<\/title><info>Set number of limit articles in Most View block<\/info>",
    "you_can_not_see_it_again": "You can not see it again. Thanks!",
    "previous": "Previous",
    "next": "Next",
    "done": "Done",
    "edit": "Edit",
    "posted_a_comment_on_gender_article_a_href_link_title_a": "posted a comment on {gender} knowledge base article <a href=\"{link}\"> {title}<\/a>",
    "posted_a_comment_on_user_name_s_article_a_href_link_title_a": "posted a comment on {user_name}&#039;s knowledge base article \"<a href=\"{link}\">{title}<\/a>\"",
    "related_articles": "Related Articles",
    "category": "Category",
    "edit_articles_categories": "Edit Article Category",
    "add_articles_categories": "Add Article Category",
    "edit_a_new_todo_list": "Edit a Todo List",
    "edit_article": "Edit Article",
    "category_does_not_exist": "The category does not exist or have been removed",
    "article_category_added_fail": "Article category added fail",
    "setting_number_of_limit_featured_articles": "<title>Number of limit featured articles<\/title><info>Set number of limit articles in Featured Articles block<\/info>",
    "setting_number_of_limit_latest_articles": "<title>Number of limit latest articles<\/title><info>Set number of limit articles in Latest Article block<\/info>",
    "setting_number_of_limit_related_articles": "<title>Number of limit related articles<\/title><info>Set number of limit articles in Related Articles block<\/info>",
    "posted_an_article": "posted an article",
    "user_name_tagged_you_in_an_article": "{user_name} tagged you in an article",
    "error_please_provide_a_category_dot": "Error! Please provide a category.",
    "knowledge_base_articles_successfully_deleted": "Knowledge Base Articles successfully deleted.",
    "parent_category": "Parent Category",
    "article_category_name_is_already_exists": "Article category name is already exists.",
    "update_article_category_fail": "Update article category fail.",
    "please_input_article_category_name": "Please input article category name.",
    "category_order_successfully_updated": "Category order successfully updated",
    "category_successfully_deleted": "Category successfully deleted",
    "manage_categories": "Manage Categories",
    "are_you_sure_this_will_delete_all_categories_that_belong_to_this_category_and_cannot_be_undone": "Are you sure?\r\nThis will delete all categories that belong to this category and cannot be undone.",
    "delete": "Delete",
    "update_order": "Update Order",
    "do_not_have_any_category_in_this_language": "Do not have any category in this language.",
    "in": "in",
    "view_more": "View more",
    "search_more_in": "Search more in",
    "no_result_for_title_search": "No result for \"{title_search}\".",
    "your_search_filter": " your search filter.",
    "there_is_no_articles": " There is no article.",
    "actions": "Actions",
    "do_not_have_todo_list_in_this_language": "Do not have todo list in this language.",
    "delete_all": "Delete all",
    "drag_to_change_order": "Drag to change order",
    "todo_item_has_been_deleted": "Todo item has been deleted.",
    "todo_list_has_been_deleted": "Todo list has been deleted.",
    "are_you_sure_to_delete_all_items_in_this_language": "Are you sure to delete all items in this language?",
    "select": "Select",
    "view": "view",
    "views": "views",
    "admin_menu_user_group_settings": "User Group Settings"
}