{
    "module_templates": "YouNet E-Commerce",
    "module_menu_ecommerce": "E-Commerce",
    "admin_menu_add_new_category": "Add New Category",
    "admin_menu_manage_categories": "Manage Categories",
    "parent_category_and_child_is_the_same": "Parent category and child category are the same. Please choose another parent category.",
    "category_successfully_updated": "Category successfully updated.",
    "category_successfully_added": "Category successfully added.",
    "edit_a_category": "Edit a category",
    "create_a_new_category": "Create a new category",
    "ecommerce_category_detail": "Ecommerce Category Detail",
    "title": "Title",
    "parent_category": "Parent Category",
    "select": "Select",
    "submit": "Submit",
    "select_a_sub_category": "Select a Sub-Category",
    "you_can_add_only_maximum_3_categories": "You can add ONLY maximum 3 categories.",
    "cannot_load_google_api_library_please_reload_the_page_and_try_again": "Cannot load Google API library. Please reload the page and try again.",
    "category_order_successfully_updated": "Category order successfully updated.",
    "category_successfully_deleted": "Category successfully deleted",
    "admincp_manage_categories": "Manage Categories",
    "are_you_sure_this_will_delete_all_business_that_belong_to_this_category_and_cannot_be_undone": "Are you sure? This will delete all business that belong to this category and cannot be undone.",
    "custom_group": "Custom Group",
    "are_you_sure": "Are you sure?",
    "yes": "Yes",
    "no": "No",
    "icon": "Icon",
    "you_can_upload_a_jpg_gif_or_png_file": "You can upload a JPG, GIF or PNG file.",
    "click_here_to_change_this_icon": "Click <a href=\"#\" onclick=\"$(&#039;#js_category_icon_upload&#039;).show(); $(&#039;#js_category_icon&#039;).hide(); return false;\">here<\/a> to change this icon.",
    "cancel": "Cancel",
    "user_setting_max_size_for_icons": "Max file size for icons upload in kilobits (kb). \r\n(1000 kb = 1 mb) \r\nFor unlimited add \"0\" without quotes.",
    "edit": "Edit",
    "delete": "Delete",
    "categories": "Categories",
    "update_order": "Update Order",
    "admin_menu_add_custom_field_groups": "Add Custom Field Groups",
    "admin_menu_manage_custom_field_groups": "Manage Custom Field Groups",
    "are_you_sure_you_want_to_delete_this_custom_option": "Are you sure you want to delete this custom option?\r\n\r\nNote that anyone using this option will revert to using the default option set for this custom field.",
    "require_field": "Require Field",
    "updating": "Updating",
    "adding": "Adding",
    "please_input_name_of_field": "Please input name of field",
    "unable_to_find_the_custom_field_you_want_to_delete": "Unable to find the custom field you want to delete.",
    "unable_to_find_the_custom_option_you_plan_on_deleting": "Unable to find the custom option you plan on deleting.",
    "could_not_delete": "Could not delete",
    "set_to_active": "Set to Active",
    "extra_values": "Extra Values",
    "group_name_cannot_be_empty": "Group name cannot be empty",
    "custom_field_groups_successfully_updated": "Custom field groups successfully updated",
    "unable_to_find_the_group_you_plan_on_deleting": "Unable to find the group you plan on deleting.",
    "unable_to_find_the_custom_group": "Unable to find the custom group.",
    "custom_field_groups_successfully_added": "Custom field groups successfully added",
    "custom_field_successfully_deleted": "Custom Field Successfully Deleted.",
    "edit_custom_field_groups": "Edit Custom Field Groups",
    "add_custom_field_groups": "Add Custom Field Groups",
    "edit_custom_field": "Edit Custom Field",
    "add_new_custom_field_groups": "Add New Custom Field Groups",
    "group_name": "Group Name",
    "mapping_categories": "Mapping Categories",
    "custom_fields": "Custom Fields",
    "custom_field_name": "Custom Field Name",
    "option": "Option",
    "add_custom_field": "Add Custom Field",
    "custom_group_successfully_deleted": "Custom group successfully deleted.",
    "manage_custom_field_groups": "Manage Custom Field Groups",
    "set_to_inactive": "Set to Inactive",
    "general": "General",
    "no_custom_groups_have_been_added": "No custom groups have been added.",
    "add_a_new_custom_group": "Add a new custom group",
    "set_to_active_inactive": "Set to Active\/Inactive",
    "are_you_sure_this_will_delete_all_products_that_belong_to_this_category_and_cannot_be_undone": "Are you sure? This will delete all products that belong to this category and cannot be undone.",
    "show_custom_field_groups": "Show Custom Field Groups",
    "custom_field_group": "Custom Field Group",
    "there_are_no_custom_groups_associate_with_this_category": "There are no custom groups associate with this category.",
    "admin_menu_add_uom": "Add UOM",
    "admin_menu_manage_uom": "Manage UOM",
    "admin_menu_global_settings": "Global Settings",
    "uom_successfully_updated": "UOM successfully updated.",
    "provide_an_uom_name": "Provide an UOM name",
    "uom_successfully_added": "UOM successfully added.",
    "edit_an_uom": "Edit an UOM",
    "create_a_new_uom": "Create a new UOM",
    "add_uom": "Add UOM",
    "name": "Name",
    "uom_order_successfully_updated": "UOM order successfully updated.",
    "uom_successfully_deleted": "UOM successfully deleted",
    "manage_uom": "Manage UOM",
    "are_you_sure_this_will_delete_all_products_that_belong_to_this_uom_and_cannot_be_undone": "Are you sure? This will delete all products that belong to this UOM and cannot be undone.",
    "global_settings": "Global Settings",
    "payment_settings": "Payment Settings",
    "admin_will_receive_all_purchases_from_buyers_then_return_money_to_seller_based_on_their_requests": "Admin will receive all purchases from buyers, then return money to seller based on their requests.",
    "admin_only_receive_commission_on_sold_products_all_the_rest_will_be_purchased_to_seller_directly": "Admin only receive commission on sold products. All the rest will be purchased to seller directly.",
    "payment_gateway_settings": "Payment Gateway Settings",
    "setting_group_younet_ecommerce": "<title>Younet Ecommerce<\/title><info>Younet Ecommerce Settings<\/info>",
    "setting_ecommerce_minimum_amount_to_request": "<title>Minimum amount to request<\/title><info>Minimum amount to request<\/info>",
    "setting_ecommerce_maximum_amount_to_request": "<title>Maximum amount to request<\/title><info>Maximum amount to request<\/info>",
    "admincp_manage_uom": "Manage UOM",
    "uom": "UOM",
    "none": "None",
    "initialized": "Initialized",
    "expired": "Expired",
    "pending": "Pending",
    "completed": "Completed",
    "canceled": "Canceled",
    "paypal": "Paypal",
    "2checkout": "2Checkout",
    "pay_later": "Pay Later",
    "pay_credit": "Pay Credit",
    "draft": "Draft",
    "unpaid": "Unpaid",
    "denied": "Denied",
    "running": "Running",
    "paused": "Paused",
    "deleted": "Deleted",
    "approved": "Approved",
    "other": "Other",
    "monday": "Monday",
    "tuesday": "Tuesday",
    "wednesday": "Wednesday",
    "thursday": "Thursday",
    "friday": "Friday",
    "saturday": "Saturday",
    "sunday": "Sunday",
    "setting_about_the_next_time_for_publishing_when_item_is_denied_by_admin": "Setting about the next time for publishing when item is denied by admin",
    "still_chagre_fee": "Still chagre fee",
    "don_t_charge_fee": "Don&#039;t charge fee",
    "total_sold": "Total Sold",
    "we_only_count_deals_which_got_tip_and_exclude_the_offline_payments": "We only count deals which got tip and exclude the offline payments.",
    "total_commissions": "Total Commissions",
    "the_commissions_for_all_sold_deals": "The commissions for all sold deals.",
    "manage_requests": "Manage Requests",
    "request_from": "Request From",
    "request_to": "Request To",
    "request_money": "Request Money",
    "search_requests": "Search Requests",
    "latest": "Latest",
    "amount": "Amount",
    "no_requests_found": "No requests found.",
    "request_date": "Request Date",
    "status": "Status",
    "response": "Response",
    "request_message": "Request Message",
    "response_date": "Response Date",
    "response_message": "Response Message",
    "available_amount": "Available Amount",
    "total_available_amount_you_can_request_to_get_real_money": "Total available amount you can request to get real money.",
    "pending_amount": "Pending Amount",
    "total_amount_you_requested_to_exchange_to_real_money": "Total amount you requested to exchange to real money. It is pending for approval.",
    "received_amount": "Received Amount",
    "total_real_money_you_have_received": "Total real money you have received.",
    "action": "Action",
    "your_available_amount_is_price": "Your available amount is {price}. Please enter the amount you want to exchange to real money.",
    "your_request_has_to_be_between_maximum_and_minimum": "Your request has to be between {minimum} and {maximum}.",
    "your_message": "Your Message",
    "your_amount_is_not_valid": "Your amount is not valid.",
    "please_fill_your_message": "Please fill your message.",
    "please_update_your_payment_account_in_order_to_request_money": "Please update your payment account in order to request money.",
    "cancel_request": "Cancel Request",
    "your_available_amount_is_not_enough_to_make_a_request": "Your available amount is not enough to make a request. It has to be larger than {minimum}.",
    "are_you_sure_you_want_to_cancel_this_request": "Are you sure you want to cancel this request ?",
    "your_request_is_not_valid": "Your request is not valid.",
    "from_date_must_be_less_than_to_date": "From date must be less than To date.",
    "from_date_is_not_valid": "From date is not valid.",
    "to_date_is_not_valid": "To date is not valid.",
    "auctions": "Auctions",
    "my_requests": "My Requests",
    "seller_section": "Seller Section",
    "balance": "Balance",
    "statistic": "Statistic",
    "manage_auctions": "Manage Auctions",
    "settings": "Settings",
    "manage_orders": "Manage Orders",
    "gateway_configuration": "Gateway Configuration",
    "auction_s": "Auction(s)",
    "bid_s": "Bid(s)",
    "order_s": "Order(s)",
    "total_sales": "Total Sales",
    "number_of_auctions_sold": "Number Of Auctions Sold",
    "viewed": "Viewed",
    "liked": "Liked",
    "go_chart": "Go Chart",
    "from": "From",
    "to": "To",
    "sale_symbol_by_month": "Sale ({symbol}) by month",
    "publish_fee": "Publish Fee",
    "commission_fee": "Commission Fee",
    "featured_fee": "Featured Fee",
    "number_of_products_sold": "Number Of Products Sold",
    "bid_increment": "Bid Increment",
    "category": "Category",
    "please_field_new_row_before_add_more": "Please field new row before add more",
    "to_field_must_be_greater_than_from_field_in_each_rows": "To field must be greater than From field in each rows",
    "increment": "Increment",
    "add_new_bid_increment": "Add New Bid Increment",
    "provide_category_for_bid_increment": "Provide category for bid increment",
    "provide_valid_value_for_from_field": "Provide valid value for From field",
    "provide_valid_value_for_to_field": "Provide valid value for To field",
    "provide_valid_value_for_increment_field": "Provide valid value for Increment field",
    "update_bid_increment_successfully": "Update bid increment successfully.",
    "price_and_buy_it_now": "Price & Buy It Now",
    "fixed_price_buy_it_now_price": "Fixed price (Buy It Now price)",
    "reserve_price": "Reserve price",
    "options_for_displaying_buy_it_now_button": "Options for displaying Buy It Now button",
    "when_anyone_bid_buy_it_now_option_disappears_and_bidding_continues_until_the_listing_ends": "When anyone bid, Buy It Now option disappears and bidding continues until the listing ends.",
    "buy_it_now_option_is_available_until_bids_reach": "Buy It Now option is available until bids reach",
    "of_the_buy_it_now_price": "of the Buy It Now price.",
    "always": "Always",
    "offers": "Offers",
    "offer_price": "Offer price",
    "transfer_winning_bidder": "Transfer winning bidder",
    "time_for_winner_complete_transaction": "Time for winner complete transaction",
    "number_of_transfers_for_each_auction": "Number of transfers for each auction",
    "if_seller_doesnt_define_will_use_default_values_from_admins_settings": "If seller doesn&#039;t define, will use default values from admin&#039;s settings.",
    "provide_a_valid_limit_percent_buy_it_now_price": "Provide a valid limit percent Buy It Now price.",
    "provide_a_valid_percent_reaching_limit_price": "Provide a valid percent reaching limit price.",
    "provide_a_valid_percent_offer_limit_price": "Provide a valid percent offer limit price.",
    "provide_a_valid_time_for_winner_complete_transaction": "Provide a valid time for winner complete transaction.",
    "provide_a_valid_number_of_transfers_for_each_auction": "Provide a valid number of transfers for each auction.",
    "unable_to_find_the_product_you_are_trying_to_comment_on": "Unable to find the product you are trying to comment on.",
    "full_name_wrote_a_comment_on_your_product_title": "{full_name} wrote a comment on your product \"{title}\".",
    "full_name_wrote_a_comment_on_your_product_a_href_link_title_a_to_see_the_comment_thread_follow_the_link_below_a_href_link_link_a": "{full_name} wrote a comment on your product \"<a href=\"{link}\">{title}<\/a>\".\r\nTo see the comment thread, follow the link below:\r\n<a href=\"{link}\">{link}<\/a>",
    "created_a_product": "created a product",
    "item_phrase": "product",
    "users_liked_one_of_your_comments_on_the_product_title": "{users} liked one of your comments on the product \"{title}\"",
    "users_liked_one_on_span_class_drop_data_user_row_full_name_s_span_comments_on_the_product_title": "{users} liked one on <span class=\"drop_data_user\">{row_full_name}&#039;s<\/span> comments on the product \"{title}\"",
    "users_invited_you_to_the_product_title": "{users} invited you to the product \"{title}\"",
    "users_commented_on_span_class_drop_data_user_row_full_name_s_span_product_title": "{users} commented on <span class=\"drop_data_user\">{row_full_name}&#039;s<\/span> product \"{title}\"",
    "users_commented_on_gender_own_product_title": "{users} commented on {gender} own product \"{title}\"",
    "users_commented_on_your_product_title": "{users} commented on your product \"{title}\"",
    "users_commented_on_span_class_drop_data_user_row_full_name_s_span_comment_on_the_product_title": "{users} commented on <span class=\"drop_data_user\">{row_full_name}&#039;s<\/span> comment on the product \"{title}\"",
    "users_commented_on_gender_own_comment_on_product_title": "{users} commented on {gender} own comment on product \"{title}\"",
    "users_commented_on_one_of_your_comments_on_the_product_title": "{users} commented on one of your comments on the product \"{title}\"",
    "users_commented_on_one_of_span_class_drop_data_user_row_full_name_s_span_comments_on_the_product_title": "{users} commented on one of <span class=\"drop_data_user\">{row_full_name}&#039;s<\/span> comments on the product \"{title}\"",
    "products": "products",
    "full_name_commented_on_a_comment_posted_on_the_product_title": "{full_name} commented on a comment posted on the product \"{title}\".",
    "full_name_commented_on_one_of_your_comments_you_posted_on_the_product_a_href_item_link_title_a_to_see_the_comment_thread_follow_the_link_below_a_href_link_link_a": "{full_name} commented on one of your comments you posted on the product \"<a href=\"{item_link}\">{title}<\/a>\".\r\nTo see the comment thread, follow the link below:\r\n<a href=\"{link}\">{link}<\/a>",
    "full_name_commented_on_one_of_gender_product_comments": "{full_name} commented on one of {gender} product comments.",
    "full_name_commented_on_one_of_gender_own_comments_on_the_product_a_href_item_link_title_a_to_see_the_comment_thread_follow_the_link_below_a_href_link_link_a": "{full_name} commented on one of {gender} own comments on the product \"<a href=\"{item_link}\">{title}<\/a>\".\r\nTo see the comment thread, follow the link below:\r\n<a href=\"{link}\">{link}<\/a>",
    "full_name_commented_on_one_of_row_full_name_s_product_comments": "{full_name} commented on one of {row_full_name}&#039;s product comments.",
    "full_name_commented_on_one_of_row_full_name_s_comments_on_the_product_a_href_item_link_title_a_to_see_the_comment_thread_follow_the_link_below_a_href_link_link_a": "{full_name} commented on one of {row_full_name}&#039;s comments on the product \"<a href=\"{item_link}\">{title}<\/a>\".\r\nTo see the comment thread, follow the link below:\r\n<a href=\"{link}\">{link}<\/a>",
    "unable_to_post_a_comment_on_this_item_due_to_privacy_settings": "Unable to post a comment on this item due to privacy settings.",
    "users_liked_gender_own_product_title": "{users} liked {gender} own product \"{title}\"",
    "users_liked_your_product_title": "{users} liked your product \"{title}\"",
    "users_liked_span_class_drop_data_user_row_full_name_s_span_product_title": "{users} liked <span class=\"drop_data_user\">{row_full_name}&#039;s<\/span> product \"{title}\"",
    "full_name_liked_your_product_a_href_link_title_a_to_view_this_product_follow_the_link_below_a_href_link_link_a": "{full_name} liked your product \"<a href=\"{link}\">{title}<\/a>\"\r\nTo view this product follow the link below:\r\n<a href=\"{link}\">{link}<\/a>",
    "full_name_liked_a_comment_you_posted_on_the_product_title": "{full_name} liked a comment you posted on the product \"{title}\"",
    "full_name_liked_your_comment_a_href_link_content_a_that_you_posted_on_the_product_a_href_item_link_title_a_to_view_this_product_follow_the_link_below_a_href_link_link_a": "{full_name} liked your comment \"<a href=\"{link}\">{content}<\/a>\" that you posted on the product \"<a href=\"{item_link}\">{title}<\/a>\".\r\nTo view this product follow the link below:\r\n<a href=\"{link}\">{link}<\/a>",
    "product": "Product",
    "in_the_product_a_href_link_title_a": "In the product <a href=\"{link}\">{title}<\/a>",
    "request_date_increment": "Request Date Increment",
    "request_date_decrement": "Request Date Decrement",
    "amount_increment": "Amount Increment",
    "amount_decrement": "Amount Decrement",
    "response_date_increment": "Response Date Increment",
    "response_date_decrement": "Response Date Decrement",
    "my_bids": "My Bids",
    "my_offers": "My Offers",
    "didnt_win": "Didn&#039;t win",
    "my_won_bids": "My Won Bids",
    "my_orders": "My Orders",
    "my_cart": "My Cart",
    "checkout": "Checkout",
    "buyer_section": "Buyer Section",
    "menu_ecommerce_create_new_auction_1269068f872beda92bdc40c9756bcb1f": "Create New Auction",
    "search": "Search",
    "order_id_increment": "Order Id Increment",
    "order_id_decrement": "Order Id Decrement",
    "shipping_info_increment": "Shipping Info Increment",
    "shipping_info_decrement": "Shipping Info Decrement",
    "order_date_increment": "Order Date Increment",
    "order_date_decrement": "Order Date Decrement",
    "order_total_increment": "Order Total Increment",
    "order_total_decrement": "Order Total Decrement",
    "no_orders_found": "No orders found.",
    "order_id": "Order Id",
    "shipping_info": "Shipping Info",
    "order_date": "Order Date",
    "order_total": "Order Total",
    "options": "Options",
    "view": "View",
    "advanced_search": "Advanced Search",
    "keywords": "Keywords",
    "product_title": "Product Title",
    "new": "New",
    "shipped": "Shipped",
    "order_from": "Order From",
    "order_to": "Order To",
    "menu_ecommerce_mycart": "<span id=ecommerce_mycart>My Cart<\/span>",
    "menu_ecommerce_myorders": "<span id=ecommerce_myorders>My Orders<\/span>",
    "menu_ecommerce_manageorders": "<span id=ecommerce_manageorders>Manage Orders<\/span>",
    "menu_ecommerce_myrequest": "<span id=ecommerce_myrequest>My Request<\/span>",
    "provide_option_for_displaying_buy_it_now_button": "Provide option for displaying Buy It Now button.",
    "item_detail": "Item Detail",
    "quantity": "Quantity",
    "price": "Price",
    "remove": "Remove",
    "pieces": "pieces",
    "seller": "Seller",
    "my_cart_iitem": "My Cart ({iItem})",
    "there_are_no_items": "There are no items",
    "total": "Total",
    "buy_all": "Buy all",
    "buy_all_from_this_seller": "Buy all from this seller",
    "please_select_an_image_to_upload": "Please select an image to upload",
    "check_out": "Check Out",
    "place_order": "Place Order",
    "menu_ecommerce_create_new_auction_712fbf5a743020b2bd40c42ccaa17c73": "Create New Auction",
    "you_dont_have_permission_to_view_this_order": "You don&#039;t have permission to view this order.",
    "on": "on",
    "buyer": "Buyer",
    "id": "ID",
    "message": "Message",
    "piece_s": "piece(s)",
    "shipping_information": "Shipping Information",
    "order_is_not_valid": "Order is not valid!",
    "location": "Location",
    "zipcode": "Zipcode",
    "phone": "Phone",
    "mobile": "Mobile",
    "update": "Update",
    "you_dont_have_permission_to_change_this_order": "You don&#039;t have permission to change this order.",
    "update_order_successfully": "Update order successfully.",
    "can_not_update_order": "Can not update order!",
    "review_and_cofirm_your_order_itotalitem_items": "Review and confirm your order {iTotalItem} item(s)",
    "select_your_shipping_information": "Select your shipping information",
    "add_new_address": "Add New Address",
    "contact_name": "Contact Name",
    "country_region": "Country\/Region",
    "street_address": "Street Address",
    "city": "City",
    "zip_postal_code": "Zip\/Postal Code",
    "tel": "Tel",
    "save": "Save",
    "apartment_suite_unit_etc_optional": "Apartment,suite,unit etc.(optional)",
    "street_name": "Street Name",
    "add_address_successfully": "Add address successfully",
    "edit_address": "Edit Address",
    "edit_address_successfully": "Edit address successfully",
    "review_and_confirm_purchase": "Review and confirm purchase",
    "module_ecommerce": "Ecommerce",
    "payment_method": "Payment Method",
    "paypal_email_of_seller_full_name_is_not_set": "Paypal Email of seller {full_name} is not set",
    "username_paypal": "UserName Paypal",
    "password_paypal": "Password Paypal",
    "signature_paypal": "Signature Paypal",
    "application_id_paypal": "Application ID Paypal",
    "required_field_is_empty": "Required field is empty.",
    "item_type": "Item type",
    "auction": "Auction",
    "all": "All",
    "total_amount": "Total Amount",
    "commission": "Commission",
    "payment_status": "Payment Status",
    "update_status_successfully": "Update status successfully",
    "type": "Type",
    "bid": "Bid",
    "buy": "Buy",
    "offer": "Offer",
    "please_input_address_for_shipping": "Please input address for shipping",
    "ecommerce": "Ecommerce",
    "zip_code": "ZIP CODE",
    "continue_shopping": "Continue Shopping",
    "admin_menu_manage_orders": "Manage Orders",
    "search_filter": "Search Filter",
    "item_name": "Item Name",
    "store_seller": "Store\/Seller",
    "admin_menu_manage_transactions": "Manage Transactions",
    "manage_transactions": "Manage Transactions",
    "seller_name": "Seller Name",
    "from_date": "From Date",
    "to_date": "To Date",
    "transaction_id": "Transaction Id",
    "purchase_date": "Purchase Date",
    "fee": "Fee",
    "description": "Description",
    "no_transactions_found": "No transactions found.",
    "feature": "Feature",
    "publish": "Publish",
    "admin_menu_manage_requests": "Manage Requests",
    "request_by": "Request By",
    "actions": "Actions",
    "rejected": "Rejected",
    "requester": "Requester",
    "approve": "Approve",
    "deny": "Deny",
    "reason_to_deny": "Reason to deny",
    "deny_request": "Deny Request",
    "approve_request": "Approve Request",
    "review_and_confirm_payment": "Review and Confirm Payment",
    "payment_methods": "Payment Methods",
    "money_sent": "Money sent",
    "money_request_desc": "Please confirm your money before sending to user.",
    "reset": "Reset",
    "leave_message_for_seller": "Leave a message for this seller",
    "congratulations_your_item_sold": "Congratulations, your item sold!",
    "congratulations_the_following_item_just_sold_message_for_more_details_please_access_to_manage_orders_page_at_url": "Congratulations, the following item just sold:\r\n\r\n{message}\r\n\r\nFor more details, please access to \"Manage Orders\" page at {url}",
    "you_ve_bought_the_item": "You&#039;ve bought the item",
    "you_have_made_the_order_on_this_item_message_for_more_details_please_access_to_my_orders_page_at_url": "You have made the order on this item:\r\n\r\n{message}\r\n\r\nFor more details, please access to \"My Orders\" page at {url}",
    "product_name_title_sold_price_symbol_currency_amount_by_seller": "Product Name : {title}\r\nSold Price: {symbol_currency}{amount}\r\nBy : {seller}",
    "product_name_title_sold_price_symbol_currency_amount_buyer_buyer": "Product Name : {title}\r\nSold Price: {symbol_currency}{amount}\r\nBuyer: {buyer}",
    "you_ve_bought_the_order_order_id": "You&#039;ve bought the order {order_id}",
    "congratulations_item_count_your_items_sold": "Congratulations, {item_count} your items sold",
    "order_updated": "Order Updated",
    "the_order_order_id_have_been_updated_for_more_details_please_access_to_my_orders_page_at_url": "The order #{order_id} have been updated.\r\nFor more details, please access to \"My Orders\" page at {url}",
    "the_order_order_id_has_changed_its_status": "The order {order_id} has changed its status",
    "some_photos_you_uploaded_is_invalid_type_or_exceed_limited_size": "Some photos you uploaded is invalid type or exceed limited size.",
    "admin_menu_email_templates": "Email Templates",
    "email_templates": "Email Templates",
    "language_pack": "Language Pack",
    "your_community_has_more_than_one_language_pack_installed_please_select_the_language_pack_you_want_to_edit_right_now": "Your community has more than one language pack installed. Please select the language pack you want to edit right now.",
    "choose_message": "Choose Message",
    "subject": "Subject",
    "save_changes": "Save changes",
    "message_body": "Message Body",
    "reason_to_approve": "Reason to approve",
    "fee_symbol_by_month": "Fee ({symbol}) by month",
    "your_request_points_were_approved": "Your request points were approved",
    "your_request_points_were_declined": "Your request points were declined",
    "are_you_sure_want_to_delete_this_address_this_cannot_be_undone": "Are you sure want to delete this address? This cannot be undone.",
    "category_name_must_be_less_than_40_character": "Category name must be less than 40 character",
    "ynsocialstore": "Social Store",
    "ecommerce.uom_name_must_be_less_than_max_length_characters": "UOM name must be less than {max_length} characters",
    "provider_a_language_name": "Provide a \"{language_name}\" name.",
    "category_language_name_must_be_less_than_limit": "Category \"{language_name}\" name must be less than {limit}",
    "edit_uom": "Edit UOM",
    "large_text_area": "Large text area",
    "small_text_area_255_characters_max": "Small text area (255 characters max)"
}