{
    "files_path": [
        "assets\/autoload.css",
        "assets\/autoload.js",
        "assets\/autoload.less",
        "assets\/banners\/landing-welcome.png",
        "assets\/images\/empty-message.svg",
        "assets\/images\/empty-notify.svg",
        "assets\/images\/sign-up-invitation.jpg",
        "assets\/logos\/logo.png",
        "assets\/variables.less",
        "checksum",
        "hooks\/bundle__start.php",
        "hooks\/feed.service_feed_processfeed.php",
        "hooks\/friend.service_friend_get_2.php",
        "hooks\/get_module_blocks_end.php",
        "hooks\/groups.block_photo_menus.php",
        "hooks\/module_getcomponent_start.php",
        "hooks\/pages.block_photo_menus.php",
        "hooks\/phpfox_assign_ajax_browsing.php",
        "hooks\/profile.component_controller_points_process_end.php",
        "hooks\/profile.service_profile_get_profile_menu.php",
        "hooks\/search.component_controller_index_process_end.php",
        "hooks\/template_gettemplate.php",
        "hooks\/template_template_getmenu_process_menu.php",
        "hooks\/user.service_privacy_privacy_get.php",
        "html\/block.html.php",
        "html\/breadcrumb.html.php",
        "html\/comment.block.mini.html.php",
        "html\/core.block.actions-buttons.html.php",
        "html\/core.block.category.html.php",
        "html\/core.block.moderation.html.php",
        "html\/core.block.template-breadcrumbmenu.html.php",
        "html\/core.block.template-logo.html.php",
        "html\/core.block.template-menu.html.php",
        "html\/core.block.template-menufooter.html.php",
        "html\/core.block.template-menusub.html.php",
        "html\/core.block.template-notification.html.php",
        "html\/core.controller.index-visitor.html.php",
        "html\/feed.block.checkin.html.php",
        "html\/feed.block.comment.html.php",
        "html\/feed.block.content.html.php",
        "html\/feed.block.display.html.php",
        "html\/feed.block.edit-user-status.html.php",
        "html\/feed.block.entry.html.php",
        "html\/feed.block.form.html.php",
        "html\/feed.block.link.html.php",
        "html\/feed.block.mini-feed-action.html.php",
        "html\/feed.block.tagged.html.php",
        "html\/feed.block.with-friend.html.php",
        "html\/friend.block.accept.html.php",
        "html\/friend.block.feed.html.php",
        "html\/friend.block.friend_entry.html.php",
        "html\/friend.block.mini.html.php",
        "html\/friend.block.mutual-browse.html.php",
        "html\/friend.block.mutual-friend.html.php",
        "html\/friend.block.profile.small.html.php",
        "html\/friend.block.request.html.php",
        "html\/friend.block.search.html.php",
        "html\/friend.block.suggestion.html.php",
        "html\/friend.controller.index.html.php",
        "html\/friend.controller.panel.html.php",
        "html\/friend.controller.pending.html.php",
        "html\/friend.controller.profile.html.php",
        "html\/friend.controller.suggestion.html.php",
        "html\/layout.html",
        "html\/like.block.display.html.php",
        "html\/like.block.link.html.php",
        "html\/mail.controller.index.html.php",
        "html\/mail.controller.panel.html.php",
        "html\/notification.controller.index.html.php",
        "html\/notification.controller.panel.html.php",
        "html\/profile.block.pic.html.php",
        "html\/profile.controller.points.html.php",
        "html\/report.block.profile.html.php",
        "html\/search.html.php",
        "html\/shoutbox.block.chat.html.php",
        "html\/track.block.recent-views.html.php",
        "html\/user.block.featured.html.php",
        "html\/user.block.friendship.html.php",
        "html\/user.block.privacy-item.html.php",
        "html\/user.block.register.html.php",
        "html\/user.block.register.step1.html.php",
        "html\/user.block.register.step2.html.php",
        "html\/user.block.rows.html.php",
        "html\/user.block.rows_wide.html.php",
        "html\/user.block.showspamquestion.html.php",
        "html\/user.block.tooltip.html.php",
        "html\/user.block.welcome.html.php",
        "html\/user.controller.browse.html.php",
        "html\/user.controller.login.html.php",
        "html\/user.controller.privacy.html.php",
        "html\/user.controller.profile.html.php",
        "html\/user.controller.register.html.php",
        "html\/user.controller.setting.html.php",
        "less\/customize.less",
        "less\/mt_includes\/all-message.less",
        "less\/mt_includes\/all-notification.less",
        "less\/mt_includes\/all-request-incoming.less",
        "less\/mt_includes\/block-categories.less",
        "less\/mt_includes\/block-menu.less",
        "less\/mt_includes\/block.less",
        "less\/mt_includes\/buttons.less",
        "less\/mt_includes\/feed.less",
        "less\/mt_includes\/font-face.less",
        "less\/mt_includes\/footer.less",
        "less\/mt_includes\/friend.less",
        "less\/mt_includes\/general.less",
        "less\/mt_includes\/homefeed.less",
        "less\/mt_includes\/input.less",
        "less\/mt_includes\/landing.less",
        "less\/mt_includes\/mainnav.less",
        "less\/mt_includes\/member.less",
        "less\/mt_includes\/membership-package.less",
        "less\/mt_includes\/popup.less",
        "less\/mt_includes\/profile.less",
        "less\/mt_includes\/search-filter.less",
        "less\/mt_includes\/snap-section.less",
        "less\/mt_includes\/stickybar.less",
        "less\/mt_includes\/structure.less",
        "less\/mt_includes\/upload-component.less",
        "less\/variables.less",
        "start.php",
        "theme.png"
    ],
    "phrase.json": "{\n  \"view_all_messages\": \"View all messages\",\n  \"view_all_notifications\": \"View all notifications\",\n  \"friend_request_sent\": \"Friend Request Sent\",\n  \"request_sent\": \"Request Sent\",\n  \"sort_by\": \"Sort by\",\n  \"no_new_friend_requests\": \"No new friend requests\",\n  \"no_friend_found\": \"No friends found\",\n  \"unjoin\": \"Unjoin\",\n  \"join\": \"Join\",\n  \"delete_this_group\": \"Delete this Group\",\n  \"you_have_no_message\": \"You have no messages\",\n  \"delete_this_page\": \"Delete this Page\",\n  \"remove_cover\": \"Remove Cover\",\n  \"education\": \"Education\",\n  \"cancel_request\": \"Cancel request\",\n  \"no_members_found\": \"No members found\",\n  \"need_an_account\": \"Need an account?\",\n  \"sign_up_now\": \"Sign up now\",\n  \"basic_information\": \"Basic Information\",\n  \"about_me\": \"About Me\",\n  \"relationship_status\": \"Relationship Status\",\n  \"edit_your_post\": \"Edit your post\",\n  \"your_email\": \"Your email\",\n  \"lives_in\": \"Lives in\",\n  \"friends_ls\": \"friends\",\n  \"friend_ls\": \"friend\",\n  \"joined_at\": \"joined at\",\n  \"no_information_found\": \"No information found.\",\n  \"relationship\": \"Relationship\",\n  \"registered_at\": \"Registered at\",\n  \"add_friends\":\"Add Friend\",\n  \"is_a_mutual_friend\": \"is a mutual friend.\",\n  \"delete_request\": \"Delete Request\",\n  \"point_item\": \"{point} item\",\n  \"point_items\": \"{point} items\",\n  \"first_month\": \"First month\",\n  \"first_quarter\": \"First quarter\",\n  \"first_biannual\": \"First biannual\",\n  \"first_annual\": \"First annual\",\n  \"one_time_pay\": \"One time pay\",\n  \"create_an_account\": \"Create an account\",\n  \"it_free_and_always_will_be\": \"It's free and always will be.\",\n  \"follow_some_of_your_favorite_person_now\": \"Follow some of your favorite person now?\",\n  \"explore\": \"Explore\",\n  \"create_account\": \"Create Account\"\n}",
    "theme.json": "{\n    \"id\": \"yncfbclone\",\n    \"name\": \"Facebook Clone\",\n    \"version\": \"4.01\",\n    \"vars\": {\n        \"body-bg\": {\n            \"title\": \"Body Background\",\n            \"id\": \"body\",\n            \"attr\": \"background\"\n        },\n        \"links-color\": {\n            \"title\": \"Links\",\n            \"id\": \"a\",\n            \"attr\": \"color\"\n        },\n        \"links-color-hover\": {\n            \"title\": \"Links Hover\",\n            \"id\": \"a:hover\",\n            \"attr\": \"color\"\n        },\n        \"header-bg\": {\n            \"title\": \"Header Background \",\n            \"id\": \".sticky-bar\",\n            \"attr\": \"background\"\n        },\n        \"content-bg\": {\n            \"title\": \"Content Background \",\n            \"id\": \"#main #content-stage, .js_feed_view_more_entry_holder .feed-stream-content, .js_feed_comment_border .feed-stream-content, .header-filter-holder, div.comment_mini_content_border\",\n            \"attr\": \"background\"\n        },\n        \"content-width\": {\n            \"title\": \"Content Width\",\n            \"id\": \".container\",\n            \"attr\": \"width\"\n        },\n        \"input-bg\": {\n            \"title\": \"Form Input Background\",\n            \"id\": \".form-control, .js_box_holder .js_box .form-control, .js_box_holder .js_box input\",\n            \"attr\": \"background\"\n        },\n        \"input-color\": {\n            \"title\": \"Form Input Text Color\",\n            \"id\": \".form-control, .js_box_holder .js_box .form-control, .js_box_holder .js_box input\",\n            \"attr\": \"color\"\n        },\n        \"block-bg\": {\n            \"title\": \"Block Background\",\n            \"id\": \"#main .layout-left .block, #main .layout-right .block\",\n            \"attr\": \"background\"\n        },\n        \"block-title-color\": {\n            \"title\": \"Block Title Text Color\",\n            \"id\": \"#main .layout-left .block > .title, #main .layout-right .block > .title\",\n            \"attr\": \"color\"\n        },\n        \"footer-bg\": {\n            \"title\": \"Footer Background\",\n            \"id\": \"#section-footer,#section-footer .footer-holder\",\n            \"attr\": \"background\"\n        },\n        \"footer-color\": {\n            \"title\": \"Footer Site Name Color\",\n            \"id\": \"#section-footer .footer-holder .footer-sitename\",\n            \"attr\": \"color\"\n        },\n        \"fixed-header\": {\n            \"title\": \"Fix the Site Header\",\n            \"type\": \"boolean\",\n            \"attr\": \"mass_class\",\n            \"mass_class\": \"fixed-preview\"\n        },\n        \"fixed-app-menu\": {\n            \"title\": \"Fix the App Menu on screen < 992\",\n            \"type\": \"boolean\",\n            \"attr\": \"mass_class\",\n            \"mass_class\": \"fixed-preview\"\n        },\n        \"fixed-profile-menu\": {\n            \"title\": \"Fix the Profile Menu\",\n            \"type\": \"boolean\",\n            \"attr\": \"mass_class\",\n            \"mass_class\": \"fixed-preview\"\n        },\n        \"fixed-right-left-columns\": {\n            \"title\": \"Fix the right and left columns\",\n            \"type\": \"boolean\",\n            \"attr\": \"mass_class\",\n            \"mass_class\": \"fixed-preview\"\n        }\n    }\n}\n"
}