<product>
	<data>
		<store_id />
		<product_id>younet_pfcompleteness4</product_id>
		<is_core>0</is_core>
		<title>YouNet Profile Completeness</title>
		<description>by YouNet Company</description>
		<version>4.02</version>
		<latest_version></latest_version>
		<last_check>0</last_check>
		<is_active>1</is_active>
		<url>https://phpfox.younetco.com/</url>
		<url_version_check></url_version_check>
		<icon>https://phpfox.younetco.com/files/2015/11/User-Profile-Completeness-Like-LinkedIn.png</icon>
		<vendor>YouNet Company</vendor>
	</data>
	<installs>
		<install>
			<version>4.01</version>
			<install_code><![CDATA[include (PHPFOX_DIR_MODULE . 'profilecompleteness/install/v4.01.php');]]></install_code>
			<uninstall_code></uninstall_code>
		</install>
		<install>
			<version>4.02</version>
			<install_code><![CDATA[include (PHPFOX_DIR_MODULE . 'profilecompleteness/install/v4.02.php');]]></install_code>
			<uninstall_code></uninstall_code>
		</install>
	</installs>
	<modules>
		<module_id>profilecompleteness</module_id>
	</modules>
</product>