{
    "admin_menu_manage_providers": "Manage Providers",
    "module_socialpublishers": "Social Publisher",
    "translate_module_socialpublishers": "Social Publisher",
    "mange_social_providers": "Manage Social Providers",
    "setting": "Settings",
    "facebook_secret": "Facebook Secret",
    "application_id": "Application ID",
    "enable_facebook_connect": "Enable Facebook Connect:",
    "consumer_key": "Consumer Key",
    "consumer_secret": "Consumer Secret",
    "enable_twitter_connect": "Enable Twitter Connect:",
    "api_key": "API Key",
    "secret_key": "Secret Key",
    "enable_linkedin_connect": "Enable Linkedin Connect",
    "update_successfully": "Update Successfully",
    "menu_socialpublishers_social_publishers_settings_a0665c4da3a57e7b66f0e23dc705b53b": "Social Publishers Settings",
    "unable_to_edit_this_account": "Unable to edit this account.",
    "mange_social_publishers_connect": "Manage Social Publisher Connections",
    "there_are_no_publisher_providers_were_enable_please_contact_to_admin_site_to_get_more_information": "There are no publisher providers were enable. Please contact to admin site to get more information.",
    "disconnect": "disconnect",
    "connected_as": "Connected as {full_name}",
    "click_here": "Click here",
    "to": "to",
    "connect": "connect",
    "share_content": "Share Content",
    "share": "Share",
    "auto_publish_next_time": "Auto publish next time",
    "don_t_ask_me_again": "Don&#039;t ask me again",
    "publish": "Publish",
    "post_on": "posted on",
    "post_a_blog_title_on": "{full_name} posted a blog{title} on {site_name}",
    "facebook": "Facebook",
    "twitter": "Twitter",
    "linkedin": "Linkedin",
    "view_your_setting": "View your setting",
    "connections": "Connections",
    "admin_menu_manage_modules": "Manage Modules",
    "mange_modules": "Manage Modules",
    "event": "Event",
    "marketplace": "Marketplace",
    "quiz": "Quiz",
    "active": "Active",
    "publish_provides": "Publish providers",
    "activity_management": "Activity Management",
    "share_a_link_title_on": "{full_name} shared a link{link} on {site_name}",
    "post_a_song_title_on": "{full_name} posted a song{title} on {site_name}",
    "post_a_photo_title_on": "{full_name} posted a photo{title} on {site_name}",
    "post_a_poll_title_on": "{full_name} posted a question{title} on {site_name}",
    "status": "User Status",
    "post_a_status_title_on": "{full_name} posted a status{title} on {site_name}",
    "post_a_video_title_on": "{full_name} posted a video{title} on {site_name}",
    "post_a_quiz_title_on": "{full_name} posted a quiz{title} on {site_name}",
    "post_a_event_title_on": "{full_name} posted an event{title} on {site_name}",
    "post_a_marketplace_title_on": "{full_name} posted a listing{title} on {site_name}",
    "post_a_album_title_on": "{full_name} posted an album{title} on {site_name}",
    "post_a_playlist_title_on": "{full_name} posted a playlist{title} on {site_name}",
    "post_a_karaoke_title_on": "{full_name} posted a karaoke song{title} on {site_name}",
    "post_a_record_title_on": "{full_name} posted a karaoke recordding{title} on {site_name}",
    "post_a_petition_title_on": "{full_name} posted a petition{title} on {site_name}",
    "not_connected": "Not connected",
    "error": "Error",
    "view": "View",
    "hide": "Hide",
    "tutorial_how_to_get_facebook_api_key": "tutorial \"How to get Facebook Api Key\"",
    "to_get_your_facebook_api_id": "<li>To get your <strong>\"Facebook API ID\"<\/strong> and <strong>\"Facebook App Secret\"<\/strong> strings, go to the following URL:\r\n    \t\t\t\t<div class=\"p_4\"><a href=\"http:\/\/developers.facebook.com\/setup\/\" target=\"_blank\">Make application<\/a><\/div>\r\n    \t\t\t<\/li>",
    "for_site_url_you_should_use_this_url": "For \"Site URL\" you should use this URL:",
    "do_follow_facebook_steps_to_complete_create_new_application": "Do follow Facebook steps to complete create new application.",
    "tutorial_how_to_get_twitter_api_key": "tutorial \"How to get Twitter Api Key\"",
    "to_get_your_twitter_api": "<li>To get your <strong>\"Twitter Consumer Key\"<\/strong> and <strong>\"Twitter Consumer Secret\"<\/strong> strings, go to the following URL:\r\n    \t\t\t\t<div class=\"p_4\"><a href=\"https:\/\/dev.twitter.com\/apps\" target=\"_blank\">Make application<\/a><\/div>\r\n    \t\t\t<\/li>\r\n    \t\t\t<li>\r\n    \t\t\t\tClick to \"Create new application\" button.\r\n    \t\t\t<\/li>",
    "for_website_you_should_use_this_url": "For \"WebSite\" you should use this URL:",
    "for_callback_url_must_use": "For \"Callback URL\" must use:",
    "do_follow_twitter_steps_to_complete_create_new_application": "<li>Do follow Twitter steps to complete create new application.<\/li>\r\n    \t\t\t<li>Go to tab \"Settings\" of your application.<\/li>\r\n    \t\t\t<li>Change \"Access level\" to <strong>\"Read and write\"<\/strong><\/li>",
    "tutorial_how_to_get_linkedin_api_key": "tutorial \"How to get Linkedin Api Key\"",
    "to_get_your_linkedin_api_key": "<li>To get your <strong>\"Linkedin API Key\"<\/strong> and <strong>\"Linkedin Secret Key\"<\/strong> strings, go to the following URL:\r\n    \t\t\t\t<div class=\"p_4\"><a href=\"https:\/\/www.linkedin.com\/secure\/developer?newapp=\" target=\"_blank\">Make application<\/a><\/div>\r\n    \t\t\t<\/li>",
    "do_follow_linkedin_steps_to_complete_create_new_application": "<li>\r\n    \t\t\t\t<div class=\"p_4\">For \"Application Type\" you should use this URL: <strong>Web Application<\/strong><\/div>\r\n    \t\t\t\t<div class=\"p_4\">For \"Live Status\" should be: <strong style=\"color:red;\">Live<\/strong><\/div>\r\n    \t\t\t\t\r\n    \t\t\t<\/li>\r\n    \t\t\t<li>Do follow Linkedin steps to complete create new application.<\/li>",
    "post_on_site": "{full_name} post{title} on {site_name}",
    "comment_on_friends_wall": "Post on Friends Wall",
    "post_on_pages_wall": "Post on pages Wall",
    "all_your_socials_api_keys_will_be_stored_in": "All social API Keys Configuration was setup in:",
    "please_install_social_bridge_plugin_first": "Please install Social Bridge plugin first",
    "social_publishers": "Social Publishers",
    "admin_menu_statistic_by_date": "Statistic By Date",
    "admin_menu_statistic_by_user": "Statistic By User",
    "statistic_by_date": "Statistic By Date",
    "statistic_by_user": "Statistic By User",
    "id": "Id",
    "date": "Date",
    "are_you_sure": "Are you sure?",
    "search_filter": "Search Filter",
    "search_for_statistic_date": "Search for statistic date",
    "limit_per_page": "Limit per page",
    "sort": "Sort",
    "delete_all": "Delete all",
    "no_statistic_date_has_been_created": "No statistic date has been created.",
    "statistic_by_date_successfully_deleted": "Statistic by date successfully deleted!",
    "delete_statistic_by_date_fail": "Delete statistic by date fail!",
    "statistic_by_user_successfully_deleted": "Statistic by user successfully deleted!",
    "delete_statistic_by_user_fail": "Delete statistic by user fail!",
    "full_name": "Full Name",
    "search_for_full_name": "Search for full name",
    "no_statistic_user_has_been_created": "No statistic user has been created!",
    "publishers_contest": "Contest",
    "publishers_jobposting": "Job Posting",
    "publishers_coupon": "Coupon",
    "publishers_fundraising": "Fund Raising",
    "publishers_document": "Document",
    "publishers_resume": "Resume",
    "post_a_document_title_on": "{full_name} posted a document{title} on {site_name}",
    "please_re_connect_your_account_facebook": "Please re-connect your account Facebook",
    "what_s_on_your_mind": "What&#039;s on your mind?",
    "publishers_directory": "Business Directory",
    "publishers_ultimatevideo": "Ultimate Videos",
    "publishers_ynsocialstore": "Social Store",
    "publishers_ynblog": "Advanced Blog",
    "publishers_videochannel": "Video Channel"
}